osm_id,kind,voltage,lat,lon,lgd_code,extract_date,point_derivation
node/10002597672,transformer,,9.6885357,76.3367531,,2026-09-30,node
node/10002845037,transformer,,9.6824427,76.3417688,,2026-09-30,node
node/10003302423,transformer,,9.696866,76.3207594,,2026-09-30,node
node/10003302439,transformer,,9.7000698,76.3207134,,2026-09-30,node
node/10003342204,transformer,,9.6869674,76.3311518,,2026-09-30,node
node/10005556570,transformer,,9.5005843,76.3398312,,2026-09-30,node
node/10006930145,transformer,,12.9670707,77.594503,,2026-09-30,node
node/10006930147,transformer,,12.9677954,77.5932776,,2026-09-30,node
node/10006930180,transformer,,12.9664287,77.6129563,,2026-09-30,node
node/10006972495,transformer,,12.9911011,77.5462562,,2026-09-30,node
node/10007881242,transformer,,9.691841,76.3416774,,2026-09-30,node
node/10012686650,transformer,,9.6611143,76.3384217,,2026-09-30,node
node/10020780934,transformer,,9.5947067,76.4765735,,2026-09-30,node
node/10020875515,transformer,,9.6860648,76.34287,,2026-09-30,node
node/10020877912,transformer,,9.6820941,76.3651801,,2026-09-30,node
node/10020899895,transformer,,9.6786718,76.3764031,,2026-09-30,node
node/10023921944,substation,,11.9859595,75.3791804,,2026-09-30,node
node/10024134944,transformer,,9.5873521,76.5216053,,2026-09-30,node
node/10024227505,transformer,,9.5949619,76.4688403,,2026-09-30,node
node/10024266981,transformer,,9.6082486,76.4336072,,2026-09-30,node
node/10024295393,transformer,,9.6674825,76.4231666,,2026-09-30,node
node/10024308374,transformer,,9.6719839,76.4154058,,2026-09-30,node
node/10024333797,transformer,,9.6860275,76.3439455,,2026-09-30,node
node/10029258692,transformer,,9.5833697,76.509678,,2026-09-30,node
node/10029518190,transformer,,9.5758634,76.4568514,,2026-09-30,node
node/10030893697,substation,,12.3111623,75.0958,,2026-09-30,node
node/10031312148,transformer,,9.6769775,76.3927668,,2026-09-30,node
node/10031358170,transformer,,9.5947396,76.4757308,,2026-09-30,node
node/10031405655,transformer,,9.5836939,76.5055684,,2026-09-30,node
node/10031867368,transformer,,9.6798473,76.5084016,,2026-09-30,node
node/10031870484,transformer,,9.6943193,76.4873223,,2026-09-30,node
node/10031882190,transformer,,9.6801633,76.5070881,,2026-09-30,node
node/10031898209,transformer,,9.6929814,76.4677624,,2026-09-30,node
node/10031937266,transformer,,9.6831975,76.4527313,,2026-09-30,node
node/10031962471,transformer,,9.6776089,76.4209117,,2026-09-30,node
node/10031970453,transformer,,9.6846478,76.4377784,,2026-09-30,node
node/10032000306,transformer,,9.687696,76.4303696,,2026-09-30,node
node/10032007863,transformer,,9.6832456,76.4203248,,2026-09-30,node
node/10032033472,transformer,,9.6715075,76.4115874,,2026-09-30,node
node/10032064257,transformer,,9.654514,76.4273513,,2026-09-30,node
node/10032174018,transformer,,12.9581751,77.6045231,,2026-09-30,node
node/10032174028,transformer,,12.9581326,77.6036715,,2026-09-30,node
node/10033029478,transformer,,9.6565979,76.3679921,,2026-09-30,node
node/10033204818,transformer,,9.5913204,76.3528482,,2026-09-30,node
node/10033307238,transformer,,9.6512752,76.3368146,,2026-09-30,node
node/10033322472,transformer,,9.6373862,76.3385711,,2026-09-30,node
node/10033384188,transformer,,9.6254496,76.3565132,,2026-09-30,node
node/10033461261,transformer,,9.6426928,76.3642298,,2026-09-30,node
node/10033488043,transformer,,9.6517724,76.3679497,,2026-09-30,node
node/10033558120,transformer,,9.6661975,76.3391149,,2026-09-30,node
node/10033627723,transformer,,9.679661,76.3365543,,2026-09-30,node
node/10033735208,transformer,,9.6741278,76.34031,,2026-09-30,node
node/10036202957,transformer,,9.5949711,76.5187629,,2026-09-30,node
node/10039009157,transformer,,9.6752376,76.3573057,,2026-09-30,node
node/10039023615,transformer,,9.5581043,76.5150116,,2026-09-30,node
node/10043045097,transformer,,9.6791512,76.3509798,,2026-09-30,node
node/10043105752,transformer,,9.6716404,76.4076312,,2026-09-30,node
node/10047072427,transformer,,9.6456162,76.3457127,,2026-09-30,node
node/10047114601,transformer,,9.6494469,76.3473147,,2026-09-30,node
node/10047114602,transformer,,9.6533067,76.3485905,,2026-09-30,node
node/10047487443,transformer,,9.6289515,76.3576417,,2026-09-30,node
node/10047487452,transformer,,9.6390751,76.3615447,,2026-09-30,node
node/10048842200,transformer,,9.6653654,76.3422068,,2026-09-30,node
node/10050731992,transformer,,9.6569478,76.3346608,,2026-09-30,node
node/10050764462,transformer,,9.6635354,76.3267767,,2026-09-30,node
node/10053492917,transformer,,9.5961535,76.5234913,,2026-09-30,node
node/10053571729,transformer,,9.5924099,76.4563597,,2026-09-30,node
node/10055935491,transformer,,9.5909515,76.5213968,,2026-09-30,node
node/10058440953,transformer,,9.6122279,76.433507,,2026-09-30,node
node/10064042817,transformer,,9.5947452,76.4763441,,2026-09-30,node
node/10065257676,transformer,,9.6404289,76.3497689,,2026-09-30,node
node/10073768617,transformer,,9.5768473,76.4920936,,2026-09-30,node
node/10075838266,transformer,,9.6855715,76.3521695,,2026-09-30,node
node/10078957045,transformer,,9.5927848,76.435853,,2026-09-30,node
node/10078962516,transformer,,9.5927861,76.4358448,,2026-09-30,node
node/10079006574,transformer,,9.5931739,76.4640636,,2026-09-30,node
node/10079019019,transformer,,9.5752866,76.5193939,,2026-09-30,node
node/10096910575,substation,,11.6740554,76.2548252,,2026-09-30,node
node/10102580859,substation,,11.6640552,76.2655187,,2026-09-30,node
node/10113439378,substation,,11.6348308,76.0641188,,2026-09-30,node
node/10117870138,transformer,,9.5781604,76.4994901,,2026-09-30,node
node/10153719110,substation,,9.6315014,76.5250421,,2026-09-30,node
node/10183966026,transformer,,12.9825178,77.5965267,,2026-09-30,node
node/10183966027,transformer,,12.9824982,77.5965844,,2026-09-30,node
node/10216865010,substation,,11.0277242,77.152224,,2026-09-30,node
node/10275556996,transformer,,10.774852,78.8160185,,2026-09-30,node
node/10290817565,transformer,,12.9722969,77.596736,,2026-09-30,node
node/10294919248,transformer,,10.9331889,76.280157,,2026-09-30,node
node/10295411741,transformer,,12.9762332,77.5995315,,2026-09-30,node
node/10296357146,transformer,,10.9259749,76.281623,,2026-09-30,node
node/1039707353,substation,,11.0140712,76.9871866,,2026-09-30,node
node/10563242202,transformer,,10.5140939,76.2536834,,2026-09-30,node
node/10567857287,transformer,,8.5228664,76.8831037,,2026-09-30,node
node/10571017268,transformer,,8.5250754,76.8870538,,2026-09-30,node
node/10572237230,transformer,,8.5265887,76.8936326,,2026-09-30,node
node/10573066816,transformer,,10.5126117,76.2542547,,2026-09-30,node
node/10584321712,transformer,,9.9628742,76.2406207,,2026-09-30,node
node/10586198243,transformer,,9.9651206,76.2396662,,2026-09-30,node
node/10586700248,transformer,,9.9685627,76.2496792,,2026-09-30,node
node/10606253339,transformer,,10.5120191,76.2582626,,2026-09-30,node
node/10606436200,transformer,,10.5116025,76.2594708,,2026-09-30,node
node/10608574578,transformer,,13.1266147,77.5917283,,2026-09-30,node
node/10608574579,transformer,,13.1266107,77.5916478,,2026-09-30,node
node/10657917444,substation,,11.2071935,75.808903,,2026-09-30,node
node/10677754922,substation,,11.0158823,76.3423833,,2026-09-30,node
node/10678603829,transformer,,10.5147811,76.2563263,,2026-09-30,node
node/10692677228,transformer,,10.5166372,76.253911,,2026-09-30,node
node/10694625817,transformer,,10.5137126,76.2569986,,2026-09-30,node
node/10760611384,substation,,10.7741544,76.4312456,,2026-09-30,node
node/10806608698,substation,,18.1073057,78.8361355,,2026-09-30,node
node/10806670320,substation,,18.5029074,79.4190949,,2026-09-30,node
node/10807107424,substation,,18.1536191,78.8043514,,2026-09-30,node
node/10858552438,transformer,,12.9670041,79.1668363,,2026-09-30,node
node/10875686359,transformer,,12.9336504,79.3307619,,2026-09-30,node
node/10879398706,transformer,,12.9334857,79.3315224,,2026-09-30,node
node/10879398742,transformer,,12.9247771,79.334015,,2026-09-30,node
node/10880799753,transformer,,12.9050338,79.4177359,,2026-09-30,node
node/10888919754,substation,,9.9767445,76.4535868,,2026-09-30,node
node/10892672964,transformer,,12.9873675,77.6895767,,2026-09-30,node
node/10926155839,transformer,,12.9264498,79.3322985,,2026-09-30,node
node/10927905675,transformer,,12.9273844,79.3303119,,2026-09-30,node
node/10927905676,transformer,,12.9297871,79.3300876,,2026-09-30,node
node/10927905683,transformer,,12.9328352,79.3335556,,2026-09-30,node
node/10931917443,transformer,,11.3482224,77.7491999,,2026-09-30,node
node/10942562411,transformer,,12.9225962,79.330942,,2026-09-30,node
node/10942591620,transformer,,12.9231985,79.3326974,,2026-09-30,node
node/10980577821,transformer,,12.9327353,79.1354346,,2026-09-30,node
node/11014094141,transformer,,9.1598136,76.7168516,,2026-09-30,node
node/11019061875,substation,,15.804916,79.827568,,2026-09-30,node
node/11031470147,substation,,18.7452765,79.5201166,,2026-09-30,node
node/11031610370,substation,,16.6793015,79.0991272,,2026-09-30,node
node/11034485721,substation,,12.2726346,78.5278014,,2026-09-30,node
node/11054854036,transformer,,9.9473162,76.299837,,2026-09-30,node
node/11178154123,transformer,,12.9483139,77.5681327,,2026-09-30,node
node/11197082945,transformer,,12.9572491,77.7290748,,2026-09-30,node
node/11197082947,transformer,,12.9573053,77.7287409,,2026-09-30,node
node/11220149724,transformer,,13.063616,77.5907034,,2026-09-30,node
node/11245012924,transformer,,12.9823357,77.6379805,,2026-09-30,node
node/11285587697,substation,,14.3216603,79.2117585,,2026-09-30,node
node/11285588672,substation,,14.3233588,79.074704,,2026-09-30,node
node/11291766202,transformer,,9.6624049,76.3641444,,2026-09-30,node
node/11303774166,transformer,,12.9122558,77.5851478,,2026-09-30,node
node/11305643120,transformer,,9.6752302,76.3458786,,2026-09-30,node
node/11305662638,transformer,,9.678584,76.3475522,,2026-09-30,node
node/11305980194,transformer,,9.6786429,76.3580878,,2026-09-30,node
node/11306030783,transformer,,9.7098561,76.3367858,,2026-09-30,node
node/11328326370,transformer,,10.0433133,76.3285081,,2026-09-30,node
node/11355839570,transformer,,9.6656511,76.4127635,,2026-09-30,node
node/11390227631,transformer,,9.7319062,76.3072041,,2026-09-30,node
node/11390301265,transformer,,9.7379269,76.3134157,,2026-09-30,node
node/11391361643,transformer,,9.662347,76.3048232,,2026-09-30,node
node/11391361658,transformer,,9.6607924,76.3047644,,2026-09-30,node
node/11391383692,transformer,,9.6548997,76.3055272,,2026-09-30,node
node/11391418838,transformer,,9.6639205,76.2995257,,2026-09-30,node
node/11394462590,transformer,,9.6103014,76.3641778,,2026-09-30,node
node/11398365215,transformer,,9.6548363,76.37495,,2026-09-30,node
node/11398457196,transformer,,9.6624484,76.4224885,,2026-09-30,node
node/11399568362,transformer,,9.6479588,76.3670902,,2026-09-30,node
node/11403777222,transformer,,9.5151208,76.3339973,,2026-09-30,node
node/11403850685,transformer,,9.5013218,76.3305906,,2026-09-30,node
node/11403850693,transformer,,9.5326823,76.3308811,,2026-09-30,node
node/11404963809,transformer,,9.6510511,76.3734395,,2026-09-30,node
node/11405861830,transformer,,9.6542918,76.2993477,,2026-09-30,node
node/11405934863,transformer,,9.6673238,76.296088,,2026-09-30,node
node/11406488143,transformer,,9.6414411,76.3540616,,2026-09-30,node
node/11406954580,transformer,,9.7185848,76.2966571,,2026-09-30,node
node/11407036918,transformer,,9.2588183,76.4086417,,2026-09-30,node
node/11409565524,transformer,,11.6350814,76.0333,,2026-09-30,node
node/11412574335,transformer,,9.6502383,76.3616591,,2026-09-30,node
node/11412813576,transformer,,9.5872111,76.4949477,,2026-09-30,node
node/11414344036,transformer,,9.5905479,76.49519,,2026-09-30,node
node/11420450224,transformer,,9.6492334,76.3795232,,2026-09-30,node
node/11420963690,transformer,,8.9918425,76.5549209,,2026-09-30,node
node/11421064487,transformer,,9.6802596,76.420566,,2026-09-30,node
node/11421064489,transformer,,9.6761073,76.4129773,,2026-09-30,node
node/11425024406,transformer,,9.0182325,76.5345995,,2026-09-30,node
node/11425433527,transformer,,9.2564843,76.8129642,,2026-09-30,node
node/11445715650,transformer,,13.0944631,77.5806203,,2026-09-30,node
node/11445750955,transformer,,13.0947696,77.5829568,,2026-09-30,node
node/11445768679,transformer,,13.0975998,77.5843795,,2026-09-30,node
node/11445777790,transformer,,13.098281,77.5846218,,2026-09-30,node
node/11445777795,transformer,,13.0989883,77.5849651,,2026-09-30,node
node/11453218762,transformer,,9.6604226,76.3407417,,2026-09-30,node
node/11453796180,transformer,,9.6493622,76.3472832,,2026-09-30,node
node/11459814030,transformer,,9.7088722,76.3463754,,2026-09-30,node
node/11459890455,transformer,,9.7093066,76.3493588,,2026-09-30,node
node/11460348922,transformer,,9.6378042,76.3394424,,2026-09-30,node
node/11463526249,transformer,,9.7919292,76.3587425,,2026-09-30,node
node/11466644461,transformer,,9.4404481,76.3510279,,2026-09-30,node
node/11466659918,transformer,,8.9900133,76.5494234,,2026-09-30,node
node/11466729542,transformer,,9.0081216,76.5276046,,2026-09-30,node
node/11470174964,substation,,18.7841309,84.4604853,,2026-09-30,node
node/11473327606,transformer,,9.6679943,76.3796972,,2026-09-30,node
node/11473436444,transformer,,9.6937299,76.3320173,,2026-09-30,node
node/11475724836,transformer,,8.5306198,77.0166866,,2026-09-30,node
node/11484536241,transformer,,9.6859696,76.3424566,,2026-09-30,node
node/11484568837,transformer,,13.1059708,77.5995436,,2026-09-30,node
node/11484568838,transformer,,13.1061557,77.6002885,,2026-09-30,node
node/11487063341,transformer,,13.1070167,77.5987755,,2026-09-30,node
node/11487089073,transformer,,13.1072438,77.5995542,,2026-09-30,node
node/11494971314,transformer,,9.6726495,76.3251534,,2026-09-30,node
node/11509029840,transformer,,9.5029761,76.3331279,,2026-09-30,node
node/11509056276,transformer,,9.5415813,76.3450885,,2026-09-30,node
node/11509056290,transformer,,9.5355841,76.3441449,,2026-09-30,node
node/11509081809,transformer,,9.3831044,76.3711708,,2026-09-30,node
node/11509081810,transformer,,9.3827844,76.3666262,,2026-09-30,node
node/11509193372,transformer,,9.4043743,76.3724005,,2026-09-30,node
node/11509205100,transformer,,9.3966271,76.3686314,,2026-09-30,node
node/11511839350,transformer,,9.6086622,76.3339345,,2026-09-30,node
node/11511839351,transformer,,9.5900482,76.3328851,,2026-09-30,node
node/11513175536,transformer,,13.009262,77.5800145,,2026-09-30,node
node/11518562896,transformer,,9.5785115,76.5021346,,2026-09-30,node
node/11519755167,transformer,,9.6361901,76.2987558,,2026-09-30,node
node/11519816020,transformer,,9.6099956,76.3018346,,2026-09-30,node
node/11519816027,transformer,,9.6062502,76.301909,,2026-09-30,node
node/11519849375,transformer,,9.5864126,76.3055929,,2026-09-30,node
node/11519910178,transformer,,9.5643219,76.3091909,,2026-09-30,node
node/11519910179,transformer,,9.5594553,76.3101844,,2026-09-30,node
node/11519937617,transformer,,9.5415519,76.3129583,,2026-09-30,node
node/11520390496,transformer,,9.6981479,76.349419,,2026-09-30,node
node/11520390526,transformer,,9.7193512,76.3603582,,2026-09-30,node
node/11520402941,transformer,,9.7692941,76.3622895,,2026-09-30,node
node/11520536363,transformer,,9.8243119,76.3441338,,2026-09-30,node
node/11520595891,transformer,,9.8105898,76.3527082,,2026-09-30,node
node/11520595892,transformer,,9.8188264,76.350788,,2026-09-30,node
node/11524236662,transformer,,9.7586721,76.2832447,,2026-09-30,node
node/11524318840,transformer,,9.6700497,76.4271708,,2026-09-30,node
node/11530552921,substation,,11.6696639,78.2315262,,2026-09-30,node
node/11556022452,transformer,,9.6699228,76.3316395,,2026-09-30,node
node/11564885007,transformer,,9.7032157,76.3563774,,2026-09-30,node
node/11569966285,transformer,,9.6965353,76.3584452,,2026-09-30,node
node/11609505400,transformer,,12.9961838,77.5663437,,2026-09-30,node
node/11622004016,transformer,,13.0354542,77.6292336,,2026-09-30,node
node/11659029005,transformer,,12.9929743,77.5929093,,2026-09-30,node
node/11661677466,transformer,,9.6776536,76.4659301,,2026-09-30,node
node/11664626234,transformer,,16.5064403,80.6485694,,2026-09-30,node
node/11681984884,transformer,,12.9781088,77.5754335,,2026-09-30,node
node/11702982021,transformer,,16.5057894,80.6444138,,2026-09-30,node
node/11708172255,substation,,15.3037852,78.2296566,,2026-09-30,node
node/11708909177,transformer,,9.6435933,76.3167701,,2026-09-30,node
node/11757623051,transformer,,9.5554766,76.6790128,,2026-09-30,node
node/11757636674,transformer,,9.5388472,76.6776633,,2026-09-30,node
node/11762088636,transformer,,9.6199578,76.4758009,,2026-09-30,node
node/11763365814,transformer,,9.6053944,76.4777093,,2026-09-30,node
node/11763422548,transformer,,9.7731265,76.3056789,,2026-09-30,node
node/11763672038,transformer,,8.7827429,76.920259,,2026-09-30,node
node/11763750344,transformer,,8.7941143,76.9402933,,2026-09-30,node
node/11763785872,transformer,,8.8097922,76.9570872,,2026-09-30,node
node/11764045442,transformer,,8.8163685,76.8985013,,2026-09-30,node
node/11764045447,transformer,,8.8185799,76.9040941,,2026-09-30,node
node/11764182513,transformer,,8.8912223,76.9342408,,2026-09-30,node
node/11764682346,transformer,,9.0235621,76.8763041,,2026-09-30,node
node/11764813923,transformer,,9.0231535,76.8089455,,2026-09-30,node
node/11764820163,transformer,,9.0196118,76.8154947,,2026-09-30,node
node/11764838999,transformer,,9.0229305,76.8319586,,2026-09-30,node
node/11764839417,transformer,,9.0496553,76.8143164,,2026-09-30,node
node/11764849261,transformer,,9.0304141,76.8145949,,2026-09-30,node
node/11767477285,transformer,,9.6043996,76.4349099,,2026-09-30,node
node/11767477294,transformer,,9.6038147,76.436293,,2026-09-30,node
node/11767478067,transformer,,9.6061965,76.4658815,,2026-09-30,node
node/11768665060,transformer,,9.0831605,76.7391004,,2026-09-30,node
node/11769213019,transformer,,9.8314632,76.5451993,,2026-09-30,node
node/11769216129,transformer,,9.8333533,76.5155582,,2026-09-30,node
node/11769604887,transformer,,9.8967449,76.3998653,,2026-09-30,node
node/11770037762,transformer,,10.0200444,76.4208398,,2026-09-30,node
node/11770091845,transformer,,9.9976436,76.4321435,,2026-09-30,node
node/11772013855,transformer,,11.7430637,76.1150961,,2026-09-30,node
node/11772946996,transformer,,9.4972264,76.318006,,2026-09-30,node
node/11773671915,transformer,,9.8073497,76.3996272,,2026-09-30,node
node/11775731181,transformer,,9.9876778,76.4694834,,2026-09-30,node
node/11779138445,transformer,,9.9975035,76.6168025,,2026-09-30,node
node/11779209172,transformer,,9.9831743,76.6079849,,2026-09-30,node
node/11782171634,transformer,,9.8786245,76.3755628,,2026-09-30,node
node/11782278281,transformer,,9.253211,76.7484016,,2026-09-30,node
node/11782323700,transformer,,9.2708336,76.7279199,,2026-09-30,node
node/11782420856,transformer,,9.4827251,76.7456045,,2026-09-30,node
node/11786160702,transformer,,9.718142,76.9156025,,2026-09-30,node
node/11786386017,transformer,,9.9553552,76.3586016,,2026-09-30,node
node/11786386022,transformer,,9.9536774,76.3663694,,2026-09-30,node
node/11786404146,transformer,,9.9509746,76.3635104,,2026-09-30,node
node/11788458651,transformer,,12.0387033,75.2992161,,2026-09-30,node
node/11788465696,transformer,,12.0303695,75.3391389,,2026-09-30,node
node/11789465951,transformer,,10.9793672,76.0194755,,2026-09-30,node
node/11801603054,transformer,,12.9052895,77.5596678,,2026-09-30,node
node/11801603068,transformer,,12.9065801,77.5597869,,2026-09-30,node
node/11801603071,transformer,,12.9072275,77.5601882,,2026-09-30,node
node/11803971840,transformer,,9.7044364,76.3881158,,2026-09-30,node
node/11803995150,transformer,,9.7070059,76.3915135,,2026-09-30,node
node/11804006730,transformer,,9.7146085,76.391613,,2026-09-30,node
node/11804042224,transformer,,9.7350558,76.3926457,,2026-09-30,node
node/11804058818,transformer,,9.7027019,76.3872837,,2026-09-30,node
node/11804317568,transformer,,9.9022415,76.4583738,,2026-09-30,node
node/11806468698,transformer,,10.7150951,75.9647873,,2026-09-30,node
node/11806490986,transformer,,10.7336829,75.9555057,,2026-09-30,node
node/11806611112,transformer,,10.6469072,76.0117461,,2026-09-30,node
node/11806901759,transformer,,10.7211081,75.946124,,2026-09-30,node
node/11806974147,transformer,,10.6909137,75.9702091,,2026-09-30,node
node/11806974148,transformer,,10.6937548,75.9687135,,2026-09-30,node
node/11806991003,transformer,,10.7454929,76.0399901,,2026-09-30,node
node/11806998141,transformer,,10.71585,75.9782783,,2026-09-30,node
node/11808380486,transformer,,10.5422974,76.14326,,2026-09-30,node
node/11811719860,transformer,,10.2177577,76.4293906,,2026-09-30,node
node/11812110486,transformer,,11.0747788,75.9034262,,2026-09-30,node
node/11812147187,transformer,,11.0550697,75.872258,,2026-09-30,node
node/11813423245,transformer,,9.3944497,76.8028208,,2026-09-30,node
node/11818002024,transformer,,9.2774217,76.5365921,,2026-09-30,node
node/11818274728,transformer,,9.367725,76.4822922,,2026-09-30,node
node/11818577488,transformer,,9.2141381,76.4881456,,2026-09-30,node
node/11818672130,transformer,,9.2186455,76.5020234,,2026-09-30,node
node/11819774730,transformer,,11.8662797,75.3579471,,2026-09-30,node
node/11819774731,transformer,,11.8709921,75.3597889,,2026-09-30,node
node/11819859999,transformer,,12.1547469,75.2240779,,2026-09-30,node
node/11819923109,transformer,,12.2401769,75.2320073,,2026-09-30,node
node/11820063241,transformer,,11.9299007,75.3297066,,2026-09-30,node
node/11820072198,transformer,,11.9277837,75.3469254,,2026-09-30,node
node/11820311012,transformer,,10.1779002,76.3165588,,2026-09-30,node
node/11822781858,transformer,,9.5412384,76.3422419,,2026-09-30,node
node/11822781866,transformer,,9.5359083,76.3419855,,2026-09-30,node
node/11822816859,transformer,,9.56438,76.3462894,,2026-09-30,node
node/11822818849,transformer,,9.5573158,76.3436592,,2026-09-30,node
node/11822818853,transformer,,9.5533751,76.3428696,,2026-09-30,node
node/11822834676,transformer,,9.5311985,76.3410211,,2026-09-30,node
node/11822885351,transformer,,9.5209541,76.3396713,,2026-09-30,node
node/11822898645,transformer,,9.5017841,76.3417284,,2026-09-30,node
node/11822900297,transformer,,9.5195373,76.3391568,,2026-09-30,node
node/11822900298,transformer,,9.5182392,76.3387941,,2026-09-30,node
node/11822913559,transformer,,9.5802708,76.349766,,2026-09-30,node
node/11822952320,transformer,,9.5006573,76.3425277,,2026-09-30,node
node/11823057026,transformer,,9.4948387,76.343321,,2026-09-30,node
node/11823842869,transformer,,9.6308285,76.3469922,,2026-09-30,node
node/11824085140,transformer,,9.8749785,76.2962082,,2026-09-30,node
node/11824085144,transformer,,9.877335,76.3010522,,2026-09-30,node
node/11824544940,transformer,,9.7874708,76.3199743,,2026-09-30,node
node/11826472258,transformer,,9.2792585,76.5802187,,2026-09-30,node
node/11826538466,transformer,,9.5358261,76.3238877,,2026-09-30,node
node/11829075387,transformer,,9.4080773,76.3626984,,2026-09-30,node
node/11829189108,transformer,,9.399831,76.3776708,,2026-09-30,node
node/11830141462,transformer,,9.5329121,76.5586378,,2026-09-30,node
node/11831562849,transformer,,10.1112896,76.6648335,,2026-09-30,node
node/11831562851,transformer,,10.100316,76.6508648,,2026-09-30,node
node/11831626059,transformer,,10.1287524,76.6604389,,2026-09-30,node
node/11831860408,transformer,,10.1448786,76.4260683,,2026-09-30,node
node/11831872027,transformer,,10.1214418,76.4601549,,2026-09-30,node
node/11832800760,transformer,,12.9638505,77.7223438,,2026-09-30,node
node/11832800761,transformer,,12.9639302,77.7223331,,2026-09-30,node
node/11833582301,transformer,,9.3490618,76.550542,,2026-09-30,node
node/11834190669,transformer,,9.3586821,76.6080919,,2026-09-30,node
node/11836123792,transformer,,9.0788522,76.7047935,,2026-09-30,node
node/11836232945,transformer,,9.0264021,76.6889588,,2026-09-30,node
node/11853088374,transformer,,10.0075705,76.3330795,,2026-09-30,node
node/11853269038,transformer,,12.9977571,77.6149321,,2026-09-30,node
node/11853336776,transformer,,12.998346,77.6153538,,2026-09-30,node
node/11861312623,transformer,,9.5723055,76.3422055,,2026-09-30,node
node/11861339645,transformer,,9.5701649,76.3253095,,2026-09-30,node
node/11861386367,transformer,,9.5714144,76.3324935,,2026-09-30,node
node/11861456935,transformer,,9.5472403,76.3234374,,2026-09-30,node
node/11861483071,transformer,,9.5708298,76.3303766,,2026-09-30,node
node/11861522614,transformer,,9.5349855,76.3197353,,2026-09-30,node
node/11865303407,transformer,,9.3981708,76.5743577,,2026-09-30,node
node/11865326622,transformer,,9.4040605,76.661002,,2026-09-30,node
node/11865356131,transformer,,9.3922009,76.6182228,,2026-09-30,node
node/11865880328,transformer,,9.3551348,76.5263175,,2026-09-30,node
node/11865880330,transformer,,9.3522774,76.5274679,,2026-09-30,node
node/11865982758,transformer,,9.3489401,76.4947144,,2026-09-30,node
node/11866499081,transformer,,9.2890875,76.4536497,,2026-09-30,node
node/11867246862,transformer,,9.2637134,76.4869213,,2026-09-30,node
node/11868567091,transformer,,9.6517202,76.3285463,,2026-09-30,node
node/11868611485,transformer,,9.6569951,76.3234638,,2026-09-30,node
node/11868627572,transformer,,9.6775935,76.3257575,,2026-09-30,node
node/11868638028,transformer,,9.6633734,76.323986,,2026-09-30,node
node/11868638063,transformer,,9.6683339,76.3248868,,2026-09-30,node
node/11868766167,transformer,,9.6621658,76.3297256,,2026-09-30,node
node/11868800487,transformer,,9.6501267,76.3279369,,2026-09-30,node
node/11871562822,transformer,,9.6700937,76.3150809,,2026-09-30,node
node/11871758354,transformer,,10.9148592,76.2124344,,2026-09-30,node
node/11876009651,transformer,,9.4312248,76.4793029,,2026-09-30,node
node/11878447352,transformer,,9.813796,76.3135797,,2026-09-30,node
node/11878536430,transformer,,9.4334572,76.5312082,,2026-09-30,node
node/11878651140,transformer,,10.7364824,76.093194,,2026-09-30,node
node/11879427865,transformer,,9.7178551,76.3230801,,2026-09-30,node
node/11879523199,transformer,,9.7052267,76.3388544,,2026-09-30,node
node/11880672628,transformer,,9.5959733,76.5023904,,2026-09-30,node
node/11880703022,transformer,,9.5921146,76.4998498,,2026-09-30,node
node/11883204145,transformer,,9.4449649,76.4124741,,2026-09-30,node
node/11887435727,transformer,,9.6855226,76.3521024,,2026-09-30,node
node/11891038242,transformer,,12.3751484,75.1898588,,2026-09-30,node
node/11891171675,transformer,,12.4269297,75.1862596,,2026-09-30,node
node/11891986986,transformer,,11.8090557,75.4946383,,2026-09-30,node
node/11892064668,transformer,,11.7980549,75.4730729,,2026-09-30,node
node/11892169183,transformer,,11.7697673,75.4993708,,2026-09-30,node
node/11892393692,transformer,,11.771735,75.4695899,,2026-09-30,node
node/11892422141,transformer,,11.9127906,75.5050611,,2026-09-30,node
node/11892484971,transformer,,11.8897089,75.4587129,,2026-09-30,node
node/11892506882,transformer,,9.5479058,76.5189182,,2026-09-30,node
node/11896366261,transformer,,9.8267294,76.3918971,,2026-09-30,node
node/11896381262,transformer,,9.8461383,76.3866361,,2026-09-30,node
node/11896381265,transformer,,9.8458865,76.3843636,,2026-09-30,node
node/11897617777,transformer,,12.0522056,75.1916668,,2026-09-30,node
node/11897624515,transformer,,12.0148803,75.2035517,,2026-09-30,node
node/11897684999,transformer,,9.7823391,76.3949011,,2026-09-30,node
node/11897690824,transformer,,9.7969432,76.3991659,,2026-09-30,node
node/11897751034,transformer,,9.7860529,76.3947804,,2026-09-30,node
node/11897988324,transformer,,12.9975989,77.5712925,,2026-09-30,node
node/11899737631,transformer,,9.6766599,76.3383715,,2026-09-30,node
node/11902288310,transformer,,9.2449593,76.6320216,,2026-09-30,node
node/11902311484,transformer,,9.2329296,76.6445248,,2026-09-30,node
node/11902334436,transformer,,9.2358126,76.6326306,,2026-09-30,node
node/11904503259,transformer,,9.1773845,76.553212,,2026-09-30,node
node/11904582437,transformer,,9.1166615,76.5588985,,2026-09-30,node
node/11905605030,transformer,,9.1526125,76.5914086,,2026-09-30,node
node/11905717573,transformer,,9.1690984,76.596039,,2026-09-30,node
node/11905717579,transformer,,9.1685427,76.5835671,,2026-09-30,node
node/11906634621,transformer,,9.103734,76.5451324,,2026-09-30,node
node/11908863870,transformer,,9.1361932,76.5821248,,2026-09-30,node
node/11909225988,transformer,,9.5355442,76.3219879,,2026-09-30,node
node/11909550389,transformer,,9.149925,76.6945323,,2026-09-30,node
node/11909614516,transformer,,9.1221031,76.6980076,,2026-09-30,node
node/11911062101,transformer,,9.3104439,76.7503091,,2026-09-30,node
node/11914404331,transformer,,9.4673105,76.4643891,,2026-09-30,node
node/11914519817,transformer,,9.4597355,76.4651264,,2026-09-30,node
node/11914558134,transformer,,9.4394053,76.4972247,,2026-09-30,node
node/11914618424,transformer,,9.4511309,76.493691,,2026-09-30,node
node/11915156835,transformer,,12.9831802,77.6101026,,2026-09-30,node
node/11915349316,transformer,,9.0499894,76.7968933,,2026-09-30,node
node/11915621147,transformer,,9.0568068,76.7967615,,2026-09-30,node
node/11917188780,transformer,,9.0481175,76.7127644,,2026-09-30,node
node/11919225539,transformer,,9.1773319,76.4786776,,2026-09-30,node
node/11919260159,transformer,,9.181971,76.4542806,,2026-09-30,node
node/11920453499,transformer,,10.7471419,76.0262104,,2026-09-30,node
node/11920460439,transformer,,10.7509311,76.0213416,,2026-09-30,node
node/11920951827,transformer,,10.6779742,76.0830881,,2026-09-30,node
node/11920971819,transformer,,10.6922376,76.0868101,,2026-09-30,node
node/11921237024,transformer,,9.6982246,76.313404,,2026-09-30,node
node/11921237029,transformer,,9.6981573,76.3160957,,2026-09-30,node
node/11921263007,transformer,,9.6995229,76.3134129,,2026-09-30,node
node/11921629377,transformer,,13.1260265,80.201587,,2026-09-30,node
node/11922484778,transformer,,13.126873,80.2007809,,2026-09-30,node
node/11922484790,transformer,,13.125278,80.2015729,,2026-09-30,node
node/11922484794,transformer,,13.1268681,80.2029127,,2026-09-30,node
node/11922484795,transformer,,13.1243918,80.1974597,,2026-09-30,node
node/11922484797,transformer,,13.1243735,80.2012202,,2026-09-30,node
node/11924631920,transformer,,9.781434,76.3101509,,2026-09-30,node
node/11924674345,transformer,,13.1255967,80.1978252,,2026-09-30,node
node/11924674351,transformer,,13.1256829,80.1966922,,2026-09-30,node
node/11924714141,transformer,,9.7580414,76.3065816,,2026-09-30,node
node/11924785215,transformer,,13.1307078,80.205436,,2026-09-30,node
node/11924785216,transformer,,13.1286533,80.2016488,,2026-09-30,node
node/11925158561,transformer,,13.1238851,80.2004158,,2026-09-30,node
node/11925158562,transformer,,13.1238015,80.2004078,,2026-09-30,node
node/11927528410,transformer,,13.1306037,80.202337,,2026-09-30,node
node/11927528414,transformer,,13.1283136,80.203259,,2026-09-30,node
node/11927528415,transformer,,13.1268449,80.201419,,2026-09-30,node
node/11932161142,transformer,,12.9714229,77.7075715,,2026-09-30,node
node/11932161143,transformer,,12.9713624,77.7075725,,2026-09-30,node
node/11932321822,transformer,,13.0169165,77.5563865,,2026-09-30,node
node/11932321831,transformer,,13.0281879,77.5618755,,2026-09-30,node
node/11932321834,transformer,,13.0346176,77.5572914,,2026-09-30,node
node/11932321840,transformer,,13.0586083,77.559112,,2026-09-30,node
node/11932947252,transformer,,13.2094628,80.1723443,,2026-09-30,node
node/11933301343,transformer,,13.2063983,80.1739429,,2026-09-30,node
node/11933301348,transformer,,13.205568,80.1744123,,2026-09-30,node
node/11934315931,transformer,,13.2070773,80.1730164,,2026-09-30,node
node/11934315939,transformer,,13.2053344,80.1741496,,2026-09-30,node
node/11934315943,transformer,,13.2043224,80.1747196,,2026-09-30,node
node/11934315946,transformer,,13.2045809,80.1750335,,2026-09-30,node
node/11934315949,transformer,,13.2036735,80.1753084,,2026-09-30,node
node/11934472701,transformer,,13.1248155,80.1996181,,2026-09-30,node
node/11935186723,transformer,,13.2027426,80.1760205,,2026-09-30,node
node/11935186725,transformer,,13.2024945,80.1762163,,2026-09-30,node
node/11942231526,transformer,,13.2014922,80.1768718,,2026-09-30,node
node/11942231527,transformer,,13.2012468,80.1770328,,2026-09-30,node
node/11942231528,transformer,,13.2012154,80.1770462,,2026-09-30,node
node/11942231533,transformer,,13.200688,80.1775021,,2026-09-30,node
node/11942773057,transformer,,9.1712986,76.4981083,,2026-09-30,node
node/11942773058,transformer,,9.1682007,76.4999812,,2026-09-30,node
node/11942823936,transformer,,9.1300485,76.5150089,,2026-09-30,node
node/11944882782,transformer,,8.6137007,76.8084346,,2026-09-30,node
node/11944900224,transformer,,8.6108526,76.8142864,,2026-09-30,node
node/11944913278,transformer,,8.6250176,76.801077,,2026-09-30,node
node/11945281989,transformer,,8.4517509,76.9669578,,2026-09-30,node
node/11945281992,transformer,,8.4474252,76.9597752,,2026-09-30,node
node/11945282008,transformer,,8.4682126,76.9730234,,2026-09-30,node
node/11946555395,transformer,,13.1969172,80.1805551,,2026-09-30,node
node/11949323326,transformer,,13.0633973,77.5896302,,2026-09-30,node
node/11949323645,transformer,,13.0603054,77.5888074,,2026-09-30,node
node/11949896410,transformer,,8.7947803,76.7457146,,2026-09-30,node
node/11949929247,transformer,,8.7991782,76.7343936,,2026-09-30,node
node/11951350406,transformer,,12.995456,77.5664463,,2026-09-30,node
node/11951350407,transformer,,12.9940087,77.5679135,,2026-09-30,node
node/11951381256,transformer,,12.9815979,77.5971882,,2026-09-30,node
node/11951528291,transformer,,9.9458185,76.2495645,,2026-09-30,node
node/11951573858,transformer,,9.9224671,76.2524388,,2026-09-30,node
node/11951573859,transformer,,9.9309719,76.2501928,,2026-09-30,node
node/11951582940,transformer,,9.9316494,76.2658162,,2026-09-30,node
node/11951640274,transformer,,13.0076795,77.5599342,,2026-09-30,node
node/11951760748,transformer,,9.9256502,76.2644484,,2026-09-30,node
node/11951760749,transformer,,9.9266531,76.267734,,2026-09-30,node
node/11951760750,transformer,,9.9231731,76.2726314,,2026-09-30,node
node/11951760754,transformer,,9.9233525,76.2721263,,2026-09-30,node
node/11951760761,transformer,,9.9247598,76.2715815,,2026-09-30,node
node/11951778749,transformer,,9.9877219,76.2260192,,2026-09-30,node
node/11951778754,transformer,,9.9895677,76.2288315,,2026-09-30,node
node/11951840638,transformer,,10.0007497,76.2224999,,2026-09-30,node
node/11952195365,transformer,,10.0524413,76.2032955,,2026-09-30,node
node/11952304373,transformer,,10.0848512,76.2029006,,2026-09-30,node
node/11952365455,transformer,,10.0305937,76.2218637,,2026-09-30,node
node/11952365457,transformer,,10.0308359,76.2272033,,2026-09-30,node
node/11952426808,transformer,,9.9069405,76.2720664,,2026-09-30,node
node/11952426815,transformer,,9.9163798,76.2674876,,2026-09-30,node
node/11952470753,transformer,,9.9092218,76.2800834,,2026-09-30,node
node/11953660345,transformer,,9.8222184,76.2948469,,2026-09-30,node
node/11953660346,transformer,,9.8222205,76.2948543,,2026-09-30,node
node/11953843158,transformer,,9.8793807,76.2836406,,2026-09-30,node
node/11953948010,transformer,,9.7172384,76.3174109,,2026-09-30,node
node/11954118052,transformer,,9.6612906,76.3439362,,2026-09-30,node
node/11954147311,transformer,,9.6634151,76.3474454,,2026-09-30,node
node/11954382020,transformer,,9.831059,76.297523,,2026-09-30,node
node/11954411443,transformer,,9.8825485,76.2828586,,2026-09-30,node
node/11954780949,transformer,,9.6564572,76.3435392,,2026-09-30,node
node/11954812208,substation,,9.6888627,76.5555244,,2026-09-30,node
node/11954831460,transformer,,10.0742516,78.8022234,,2026-09-30,node
node/11954871443,transformer,,10.0734896,78.7936264,,2026-09-30,node
node/11956146912,transformer,,9.6544446,76.3418226,,2026-09-30,node
node/11956146940,transformer,,9.6550988,76.329248,,2026-09-30,node
node/11956744812,transformer,,9.4378759,76.4215781,,2026-09-30,node
node/11956744813,transformer,,9.437781,76.4215612,,2026-09-30,node
node/11956790596,transformer,,9.4320386,76.428376,,2026-09-30,node
node/11957022526,transformer,,9.4356528,76.4284797,,2026-09-30,node
node/11957087609,transformer,,9.5432118,76.5101747,,2026-09-30,node
node/11957172886,transformer,,9.5880629,76.4727987,,2026-09-30,node
node/11957172889,transformer,,9.5745798,76.428987,,2026-09-30,node
node/11957626920,transformer,,9.4259938,76.3458842,,2026-09-30,node
node/11957626921,transformer,,9.4256859,76.3459247,,2026-09-30,node
node/11957669377,transformer,,9.4263442,76.3441763,,2026-09-30,node
node/11957669390,transformer,,9.3880548,76.3829955,,2026-09-30,node
node/11957700080,transformer,,9.229699,76.474297,,2026-09-30,node
node/11957919129,transformer,,11.6865547,76.0832514,,2026-09-30,node
node/11957919130,transformer,,11.6865958,76.08349,,2026-09-30,node
node/11957966587,transformer,,11.1761651,75.993791,,2026-09-30,node
node/11958471050,transformer,,13.1238826,80.2016452,,2026-09-30,node
node/11959326944,transformer,,9.2341711,76.5437433,,2026-09-30,node
node/11959733633,transformer,,9.3182093,76.4198527,,2026-09-30,node
node/11959733634,transformer,,9.3181171,76.4198923,,2026-09-30,node
node/11959765998,transformer,,13.1300283,80.2022051,,2026-09-30,node
node/11959791996,transformer,,9.2834255,76.4383079,,2026-09-30,node
node/11959821244,transformer,,9.2769144,76.4416927,,2026-09-30,node
node/11959857570,transformer,,9.2667009,76.4538578,,2026-09-30,node
node/11959877301,transformer,,9.2618866,76.4571176,,2026-09-30,node
node/11959877302,transformer,,9.2617946,76.4571052,,2026-09-30,node
node/11959877303,transformer,,9.2617067,76.4570893,,2026-09-30,node
node/11959896763,transformer,,9.2584888,76.4634903,,2026-09-30,node
node/11960000905,transformer,,9.2424425,76.4775846,,2026-09-30,node
node/11960246965,transformer,,9.2463354,76.5046179,,2026-09-30,node
node/11960654069,transformer,,9.238717,76.5363438,,2026-09-30,node
node/11960690883,transformer,,9.2380788,76.538205,,2026-09-30,node
node/11960690885,transformer,,9.2380569,76.5388224,,2026-09-30,node
node/11960690886,transformer,,9.2381354,76.5388443,,2026-09-30,node
node/11960690887,transformer,,9.2381977,76.53886,,2026-09-30,node
node/11960690888,transformer,,9.2385842,76.5392967,,2026-09-30,node
node/11960690889,transformer,,9.2385551,76.5393906,,2026-09-30,node
node/11961652392,transformer,,9.6974209,76.3172874,,2026-09-30,node
node/11961652393,transformer,,9.6974309,76.3173531,,2026-09-30,node
node/11961652394,transformer,,9.6974259,76.317417,,2026-09-30,node
node/11961684853,transformer,,9.9473368,76.2999287,,2026-09-30,node
node/11962760919,transformer,,13.1247746,80.1958146,,2026-09-30,node
node/11966110692,transformer,,9.687738,76.3188726,,2026-09-30,node
node/11969062174,transformer,,13.1581909,80.2025798,,2026-09-30,node
node/11969062189,transformer,,13.1584481,80.2011006,,2026-09-30,node
node/11972310010,transformer,,13.1582357,80.1969543,,2026-09-30,node
node/11973969845,transformer,,9.5522133,76.3224246,,2026-09-30,node
node/11975211906,transformer,,13.1594553,80.1963988,,2026-09-30,node
node/11980784904,transformer,,13.1546928,80.2044369,,2026-09-30,node
node/11980784921,transformer,,13.1482593,80.2040574,,2026-09-30,node
node/11980784928,transformer,,13.1463758,80.2042223,,2026-09-30,node
node/11982302082,transformer,,9.1494929,76.5129647,,2026-09-30,node
node/11982330842,transformer,,9.2250766,76.5294101,,2026-09-30,node
node/11982363543,transformer,,13.006275,77.5543529,,2026-09-30,node
node/11982363547,transformer,,12.9994549,77.5501279,,2026-09-30,node
node/11982412200,transformer,,13.1438843,80.204853,,2026-09-30,node
node/11982412209,transformer,,13.1415798,80.205891,,2026-09-30,node
node/11982412217,transformer,,13.1422791,80.2055275,,2026-09-30,node
node/11982412220,transformer,,13.1429073,80.2052084,,2026-09-30,node
node/11982412251,transformer,,13.1306792,80.2007689,,2026-09-30,node
node/11982693075,transformer,,12.9947669,77.6080748,,2026-09-30,node
node/11983242688,transformer,,13.1568999,80.1964961,,2026-09-30,node
node/11983242722,transformer,,13.1526269,80.1940559,,2026-09-30,node
node/11983605094,transformer,,9.5328844,76.5260563,,2026-09-30,node
node/11983605095,transformer,,9.5328782,76.526156,,2026-09-30,node
node/11984582257,transformer,,13.0052347,77.5528019,,2026-09-30,node
node/11985456200,transformer,,13.1556359,80.205276,,2026-09-30,node
node/11985456207,transformer,,13.1545272,80.2064515,,2026-09-30,node
node/11985456212,transformer,,13.1541302,80.2069048,,2026-09-30,node
node/11985456214,transformer,,13.1541067,80.2069343,,2026-09-30,node
node/11985456222,transformer,,13.1527315,80.2088749,,2026-09-30,node
node/11985770548,transformer,,9.7684005,76.3491711,,2026-09-30,node
node/11985854971,transformer,,9.7690154,76.3531503,,2026-09-30,node
node/11986532357,transformer,,9.7167924,76.3541888,,2026-09-30,node
node/11986532358,transformer,,9.7167909,76.3512433,,2026-09-30,node
node/11986855624,transformer,,9.7217017,76.3514776,,2026-09-30,node
node/11987089618,transformer,,9.7317661,76.3524401,,2026-09-30,node
node/11987089634,transformer,,9.7341737,76.3490643,,2026-09-30,node
node/11987089636,transformer,,9.7383323,76.3505148,,2026-09-30,node
node/11987155723,transformer,,9.7274683,76.3516743,,2026-09-30,node
node/11987155739,transformer,,9.727875,76.3558653,,2026-09-30,node
node/11987659014,transformer,,9.7613437,76.3500973,,2026-09-30,node
node/11989557922,transformer,,13.0058701,77.5484297,,2026-09-30,node
node/11989557924,transformer,,13.0059137,77.54854,,2026-09-30,node
node/11989557932,transformer,,13.0075477,77.5485606,,2026-09-30,node
node/11990194694,transformer,,13.1412922,80.1914706,,2026-09-30,node
node/11992361296,transformer,,9.5765589,76.5003202,,2026-09-30,node
node/11992361298,transformer,,9.5812435,76.5041284,,2026-09-30,node
node/11992371612,transformer,,9.6693875,76.3911057,,2026-09-30,node
node/11992371613,transformer,,9.6531544,76.3815298,,2026-09-30,node
node/11992393669,transformer,,9.6580747,76.3629506,,2026-09-30,node
node/11992393674,transformer,,9.6563959,76.3573742,,2026-09-30,node
node/11992393675,transformer,,9.6542394,76.3463344,,2026-09-30,node
node/11998847627,transformer,,13.1308064,80.2028681,,2026-09-30,node
node/11998847635,transformer,,13.1306752,80.2056254,,2026-09-30,node
node/11999400848,transformer,,9.6218362,76.4301028,,2026-09-30,node
node/11999427491,transformer,,9.571504,76.435285,,2026-09-30,node
node/12000196202,transformer,,13.1318062,80.1992945,,2026-09-30,node
node/12000196218,transformer,,13.1611693,80.2029954,,2026-09-30,node
node/12000196224,transformer,,13.1620625,80.2028747,,2026-09-30,node
node/12000485152,transformer,,13.2133309,80.1703687,,2026-09-30,node
node/12002045588,transformer,,9.6827843,76.3469531,,2026-09-30,node
node/12016136800,transformer,,13.0221446,77.5511063,,2026-09-30,node
node/12017582938,transformer,,9.4431652,76.5435821,,2026-09-30,node
node/12021213193,transformer,,9.6812156,76.3256528,,2026-09-30,node
node/12021271337,transformer,,9.583183,76.315256,,2026-09-30,node
node/12021271347,transformer,,9.6091045,76.3127939,,2026-09-30,node
node/12021271359,transformer,,9.621411,76.3131854,,2026-09-30,node
node/12022085413,transformer,,13.0101223,77.5580547,,2026-09-30,node
node/12022232194,transformer,,9.6156121,76.3128506,,2026-09-30,node
node/12022617632,transformer,,11.3300416,77.7229047,,2026-09-30,node
node/12022617640,transformer,,11.33092,77.7213973,,2026-09-30,node
node/12022617643,transformer,,11.3341074,77.7186454,,2026-09-30,node
node/12022710307,transformer,,9.5052763,76.6097259,,2026-09-30,node
node/12023039115,transformer,,9.4936986,76.6090956,,2026-09-30,node
node/12033674438,transformer,,10.2584651,76.211132,,2026-09-30,node
node/12033674449,transformer,,10.2601264,76.2201478,,2026-09-30,node
node/12033875370,substation,,14.9957518,78.9895958,,2026-09-30,node
node/12033875371,substation,,14.9956861,78.989642,,2026-09-30,node
node/12050480195,transformer,,12.9641018,77.71255,,2026-09-30,node
node/12050492321,transformer,,12.9651224,77.7136367,,2026-09-30,node
node/12050492322,transformer,,12.9651903,77.7135263,,2026-09-30,node
node/12050554218,transformer,,17.4049488,78.4642136,,2026-09-30,node
node/12053263393,transformer,,13.1272599,80.1965879,,2026-09-30,node
node/12053263398,transformer,,13.127861,80.195806,,2026-09-30,node
node/12064272770,transformer,,13.1300926,80.1933946,,2026-09-30,node
node/12064272782,transformer,,13.126398,80.1992579,,2026-09-30,node
node/12077999245,transformer,,12.9678406,77.6144111,,2026-09-30,node
node/12090074293,transformer,,8.5420104,76.9041861,,2026-09-30,node
node/12091345370,transformer,,13.1706876,80.1990958,,2026-09-30,node
node/12091345375,transformer,,13.1713157,80.1987565,,2026-09-30,node
node/12091345377,transformer,,13.1713405,80.1987444,,2026-09-30,node
node/12091345397,transformer,,13.1731791,80.1980889,,2026-09-30,node
node/12091345427,transformer,,13.1801103,80.1941648,,2026-09-30,node
node/12091345430,transformer,,13.1802565,80.1940817,,2026-09-30,node
node/12095265071,transformer,,13.1778494,80.1951399,,2026-09-30,node
node/12095265080,transformer,,13.1790797,80.194234,,2026-09-30,node
node/12095265090,transformer,,13.1825961,80.19239,,2026-09-30,node
node/12095280807,transformer,,13.1849843,80.1911153,,2026-09-30,node
node/12101629111,transformer,,13.1298177,80.198887,,2026-09-30,node
node/12101629116,transformer,,13.1865014,80.1926374,,2026-09-30,node
node/12101629135,transformer,,13.1910636,80.1895866,,2026-09-30,node
node/12101697377,transformer,,12.9623361,77.6028812,,2026-09-30,node
node/12101697380,transformer,,12.9621051,77.6027964,,2026-09-30,node
node/12101701667,transformer,,12.9618482,77.6030117,,2026-09-30,node
node/12101701670,transformer,,12.9616946,77.6031264,,2026-09-30,node
node/12101784637,transformer,,13.1451064,80.1887648,,2026-09-30,node
node/12101784642,transformer,,13.1591076,80.1971902,,2026-09-30,node
node/12106746058,transformer,,8.8948377,76.5967948,,2026-09-30,node
node/12106756169,transformer,,8.891679,76.5934427,,2026-09-30,node
node/12108250241,transformer,,13.1349905,80.192372,,2026-09-30,node
node/12108250248,transformer,,13.1344874,80.1928843,,2026-09-30,node
node/12111864651,transformer,,13.1360549,80.1801921,,2026-09-30,node
node/12111864667,transformer,,13.1350859,80.175751,,2026-09-30,node
node/12111864671,transformer,,13.1348351,80.1752695,,2026-09-30,node
node/12112457453,transformer,,13.1352858,80.1754138,,2026-09-30,node
node/12112942698,transformer,,13.1482835,80.2043058,,2026-09-30,node
node/12113011101,transformer,,13.1493844,80.2040322,,2026-09-30,node
node/12113011116,transformer,,13.1523959,80.2043192,,2026-09-30,node
node/12117925124,transformer,,13.1389248,80.2057019,,2026-09-30,node
node/12117925152,transformer,,13.1400198,80.2028426,,2026-09-30,node
node/12117925164,transformer,,13.1406062,80.2003505,,2026-09-30,node
node/12117947867,transformer,,13.1551462,80.2063124,,2026-09-30,node
node/12117956405,transformer,,13.15527,80.2044568,,2026-09-30,node
node/12118862841,transformer,,12.9727746,77.6032665,,2026-09-30,node
node/12120281226,transformer,,13.1328518,80.173841,,2026-09-30,node
node/12120281239,transformer,,13.1326141,80.1780762,,2026-09-30,node
node/12120281260,transformer,,13.1408543,80.1995627,,2026-09-30,node
node/12120281275,transformer,,13.1409203,80.1985589,,2026-09-30,node
node/12124137657,transformer,,12.9618485,77.602025,,2026-09-30,node
node/12124137659,transformer,,12.961823,77.6018639,,2026-09-30,node
node/12127347058,transformer,,13.1318033,80.1988734,,2026-09-30,node
node/12133166148,transformer,,13.1327202,80.2060912,,2026-09-30,node
node/12133320001,transformer,,13.1353117,80.1898357,,2026-09-30,node
node/12134849549,transformer,,13.1345751,80.2061065,,2026-09-30,node
node/12135352214,transformer,,13.1331798,80.1837956,,2026-09-30,node
node/12137707888,transformer,,13.1229102,80.2016543,,2026-09-30,node
node/12137707896,transformer,,13.121928,80.201767,,2026-09-30,node
node/12144329387,transformer,,13.1307896,80.2125977,,2026-09-30,node
node/12146190545,transformer,,13.1379363,80.1993859,,2026-09-30,node
node/12147679050,transformer,,13.1337082,80.1858285,,2026-09-30,node
node/12147679079,transformer,,13.1328168,80.1812867,,2026-09-30,node
node/12151542437,transformer,,12.951476,77.7343703,,2026-09-30,node
node/12153612158,transformer,,13.1931716,80.1872619,,2026-09-30,node
node/12153612164,transformer,,13.1937748,80.1864841,,2026-09-30,node
node/12153612176,transformer,,13.1957777,80.1842417,,2026-09-30,node
node/12153612179,transformer,,13.1960389,80.1837294,,2026-09-30,node
node/12153612194,transformer,,13.1553123,80.1966295,,2026-09-30,node
node/12155375886,transformer,,13.0996758,80.1868162,,2026-09-30,node
node/12157223948,transformer,,8.5358111,76.8778238,,2026-09-30,node
node/12157753883,transformer,,11.3030198,77.7016573,,2026-09-30,node
node/12157753899,transformer,,11.3054527,77.7029529,,2026-09-30,node
node/12160060818,transformer,,13.1318392,80.2124504,,2026-09-30,node
node/12160060858,transformer,,13.1353172,80.2097105,,2026-09-30,node
node/12160060879,transformer,,13.1369053,80.2064087,,2026-09-30,node
node/12163485111,transformer,,13.183272,79.6199881,,2026-09-30,node
node/12163485180,transformer,,13.1824886,79.6217846,,2026-09-30,node
node/12163493021,transformer,,13.1838008,79.6187007,,2026-09-30,node
node/12165434989,transformer,,11.9397813,79.798841,,2026-09-30,node
node/12165558235,transformer,,11.9381141,79.7989314,,2026-09-30,node
node/12165575632,transformer,,13.1832899,79.6193517,,2026-09-30,node
node/12165575638,transformer,,13.1834479,79.6179153,,2026-09-30,node
node/12165575643,transformer,,13.1827989,79.6197956,,2026-09-30,node
node/12167816192,transformer,,11.9415103,79.8058644,,2026-09-30,node
node/12168057392,transformer,,13.1409729,79.9043661,,2026-09-30,node
node/12168057399,transformer,,13.1406118,79.9054209,,2026-09-30,node
node/12168062008,transformer,,13.1400541,79.9071683,,2026-09-30,node
node/12169079758,transformer,,13.14089,79.9051808,,2026-09-30,node
node/12173988423,transformer,,13.1819883,79.6127852,,2026-09-30,node
node/12175859482,transformer,,13.1388163,79.9074855,,2026-09-30,node
node/12176119060,transformer,,13.1413868,80.1974987,,2026-09-30,node
node/12177618560,transformer,,13.1839183,79.6101789,,2026-09-30,node
node/12177618572,transformer,,13.1840998,79.611693,,2026-09-30,node
node/12177630588,transformer,,13.1264651,80.1964976,,2026-09-30,node
node/12180264591,transformer,,13.1864285,79.6265675,,2026-09-30,node
node/12180264594,transformer,,13.1865983,79.6268652,,2026-09-30,node
node/12183080142,transformer,,13.1410596,79.9067373,,2026-09-30,node
node/12183961156,transformer,,13.1409979,79.904324,,2026-09-30,node
node/12183961160,transformer,,13.1411592,79.9039438,,2026-09-30,node
node/12183961166,transformer,,13.1415928,79.9031365,,2026-09-30,node
node/12183961172,transformer,,13.1421975,79.9020234,,2026-09-30,node
node/12183961179,transformer,,13.1427473,79.901043,,2026-09-30,node
node/12183961189,transformer,,13.1436824,79.8995454,,2026-09-30,node
node/12183961193,transformer,,13.1440546,79.8992195,,2026-09-30,node
node/12186110254,transformer,,13.2097787,80.1716552,,2026-09-30,node
node/12186188270,transformer,,13.1323969,80.1951982,,2026-09-30,node
node/12187315320,transformer,,13.2042624,80.174609,,2026-09-30,node
node/12189105406,transformer,,9.6954349,76.346722,,2026-09-30,node
node/12189105407,transformer,,9.6960765,76.34968,,2026-09-30,node
node/12189397388,transformer,,13.1321512,80.1663377,,2026-09-30,node
node/12189397396,transformer,,13.132129,80.1649577,,2026-09-30,node
node/12189436817,transformer,,13.1310541,80.159667,,2026-09-30,node
node/12191816100,transformer,,13.1289424,80.1559338,,2026-09-30,node
node/12192759285,transformer,,10.0728356,78.7929153,,2026-09-30,node
node/12202926851,transformer,,13.130683,80.1845234,,2026-09-30,node
node/12206412803,transformer,,11.3375013,77.717719,,2026-09-30,node
node/12232000125,substation,,10.5150614,76.2081858,,2026-09-30,node
node/12241552435,transformer,,11.0195091,76.9587974,,2026-09-30,node
node/12243900281,transformer,,13.1295189,80.2021417,,2026-09-30,node
node/12245200666,transformer,,13.1831343,79.6108721,,2026-09-30,node
node/12245200672,transformer,,13.1836214,79.6110666,,2026-09-30,node
node/12246159340,transformer,,13.1431741,79.9006719,,2026-09-30,node
node/12247304473,transformer,,13.1442161,79.8986073,,2026-09-30,node
node/12247304486,transformer,,13.1439967,79.8963771,,2026-09-30,node
node/12247304491,transformer,,13.1439079,79.8958433,,2026-09-30,node
node/12248134547,transformer,,13.1439157,79.8948048,,2026-09-30,node
node/12248134559,transformer,,13.1435317,79.8929702,,2026-09-30,node
node/12248134567,transformer,,13.1431608,79.891731,,2026-09-30,node
node/12282915737,transformer,,13.0997545,80.1863121,,2026-09-30,node
node/12309432906,transformer,,13.0434782,80.2367869,,2026-09-30,node
node/12366605064,transformer,,12.9730585,77.65202,,2026-09-30,node
node/12379039830,transformer,,12.9986313,77.5718542,,2026-09-30,node
node/12379158565,transformer,,9.1488243,76.7321777,,2026-09-30,node
node/12397136076,transformer,,9.8228854,76.646246,,2026-09-30,node
node/12412564740,transformer,,13.0996398,77.5706546,,2026-09-30,node
node/12417654380,transformer,,16.2013404,77.2871329,,2026-09-30,node
node/12417654381,transformer,,16.2008613,77.287149,,2026-09-30,node
node/12417662542,transformer,,15.6739642,78.1768768,,2026-09-30,node
node/12417662543,transformer,,15.6739849,78.1773971,,2026-09-30,node
node/12417762514,transformer,,14.3806626,78.798768,,2026-09-30,node
node/12417762515,transformer,,14.3805768,78.7992616,,2026-09-30,node
node/12417762575,transformer,,14.3828931,78.8012035,,2026-09-30,node
node/12417762583,transformer,,14.3824445,78.8011,,2026-09-30,node
node/12417762587,transformer,,14.3824358,78.7995995,,2026-09-30,node
node/12417762588,transformer,,14.3826541,78.7996746,,2026-09-30,node
node/12417762589,transformer,,14.3830594,78.7996693,,2026-09-30,node
node/12417762590,transformer,,14.3833504,78.7997283,,2026-09-30,node
node/12417763173,transformer,,11.913576,78.992584,,2026-09-30,node
node/12417763174,transformer,,11.9132085,78.9935174,,2026-09-30,node
node/12417763175,transformer,,11.913408,78.9930561,,2026-09-30,node
node/12417789718,transformer,,13.0444458,79.244505,,2026-09-30,node
node/12417789719,transformer,,13.0444981,79.2450147,,2026-09-30,node
node/12417789774,transformer,,13.0397717,79.2454542,,2026-09-30,node
node/12417789775,transformer,,13.0395489,79.2454865,,2026-09-30,node
node/12417824037,transformer,,17.0530861,78.5303271,,2026-09-30,node
node/12417824038,transformer,,17.0533374,78.5303485,,2026-09-30,node
node/12417874529,transformer,,17.0494204,78.5338703,,2026-09-30,node
node/12417874530,transformer,,17.0498871,78.5340392,,2026-09-30,node
node/12417924703,transformer,,17.8159878,79.4231298,,2026-09-30,node
node/12417924704,transformer,,17.8159623,79.4236662,,2026-09-30,node
node/12425957505,transformer,,12.9736636,77.6094644,,2026-09-30,node
node/12432018578,transformer,,13.1851902,80.1921996,,2026-09-30,node
node/12434911010,transformer,,13.1904888,80.1908322,,2026-09-30,node
node/12434911025,transformer,,13.1922568,80.1887669,,2026-09-30,node
node/12434911052,transformer,,13.1964624,80.1837203,,2026-09-30,node
node/12434911058,transformer,,13.1967301,80.1822682,,2026-09-30,node
node/12450996662,transformer,,13.0439346,77.6008385,,2026-09-30,node
node/12458641497,transformer,,13.1856677,80.3158838,,2026-09-30,node
node/12479076302,transformer,,9.6474594,76.5098507,,2026-09-30,node
node/12479646708,transformer,,18.6050022,78.2638569,,2026-09-30,node
node/12479646709,transformer,,18.6055182,78.2642914,,2026-09-30,node
node/12484970688,transformer,,11.7832024,76.0798959,,2026-09-30,node
node/12491734658,transformer,,12.9245694,77.5818505,,2026-09-30,node
node/12491736748,transformer,,12.9264065,77.5833782,,2026-09-30,node
node/12491766604,transformer,,12.9258363,77.5836644,,2026-09-30,node
node/12491796642,transformer,,12.9233804,77.5857284,,2026-09-30,node
node/12492972299,transformer,,9.5253431,76.5478351,,2026-09-30,node
node/12507051491,transformer,,12.8628739,77.7963876,,2026-09-30,node
node/12509199578,transformer,,12.9948014,80.2170602,,2026-09-30,node
node/12511081178,transformer,,9.7070086,76.5659281,,2026-09-30,node
node/12511081179,transformer,,9.7029223,76.5569937,,2026-09-30,node
node/12514792326,transformer,,11.6418235,76.0870836,,2026-09-30,node
node/12516383762,transformer,,11.6346928,76.1756077,,2026-09-30,node
node/12523171837,transformer,,11.671584,76.1674405,,2026-09-30,node
node/12523229763,transformer,,11.6776188,76.1695907,,2026-09-30,node
node/12523229768,transformer,,11.6806866,76.1715092,,2026-09-30,node
node/12523523769,transformer,,11.7467114,76.2026849,,2026-09-30,node
node/12523827356,transformer,,11.7758522,76.2000703,,2026-09-30,node
node/12524038211,transformer,,11.7763674,76.1866705,,2026-09-30,node
node/12526802243,transformer,,11.652988,76.1196729,,2026-09-30,node
node/12529691493,transformer,,9.6647252,76.3852681,,2026-09-30,node
node/12531899549,transformer,,9.4019742,76.3580068,,2026-09-30,node
node/12531959215,transformer,,9.4049139,76.3811049,,2026-09-30,node
node/12534212220,transformer,,9.578047,76.5086286,,2026-09-30,node
node/12534281044,transformer,,9.5867503,76.5079075,,2026-09-30,node
node/12534281046,transformer,,9.5765194,76.5111672,,2026-09-30,node
node/12547053260,transformer,,9.556188,76.513441,,2026-09-30,node
node/12568406155,transformer,,9.5928391,76.5089204,,2026-09-30,node
node/12568448578,transformer,,9.5872762,76.5011273,,2026-09-30,node
node/12569470672,transformer,,10.1130214,76.3523576,,2026-09-30,node
node/12570534092,transformer,,9.7043977,76.391212,,2026-09-30,node
node/12570540205,transformer,,9.7234853,76.4065951,,2026-09-30,node
node/12570540210,transformer,,9.7224306,76.3964272,,2026-09-30,node
node/12570540212,transformer,,9.7241039,76.4005808,,2026-09-30,node
node/12574266078,transformer,,9.6689428,76.4155507,,2026-09-30,node
node/12579202622,transformer,,9.6858953,76.4746792,,2026-09-30,node
node/12598923653,transformer,,13.0871846,77.3963545,,2026-09-30,node
node/12598923655,transformer,,13.0866621,77.396469,,2026-09-30,node
node/12598923656,transformer,,13.0854952,77.3967068,,2026-09-30,node
node/12599045806,transformer,,13.9528423,76.536991,,2026-09-30,node
node/12599045807,transformer,,13.9529256,76.5372216,,2026-09-30,node
node/12599081613,transformer,,15.1906846,76.7184024,,2026-09-30,node
node/12599081614,transformer,,15.1923622,76.7186733,,2026-09-30,node
node/12599081615,transformer,,15.1937109,76.7186331,,2026-09-30,node
node/12599081637,transformer,,15.1937832,76.7160797,,2026-09-30,node
node/12599081638,transformer,,15.1935191,76.7156934,,2026-09-30,node
node/12599103054,transformer,,15.4985198,74.9524089,,2026-09-30,node
node/12599103055,transformer,,15.498251,74.9525752,,2026-09-30,node
node/12599103056,transformer,,15.4975893,74.9529775,,2026-09-30,node
node/12599103065,transformer,,15.4988545,74.9506587,,2026-09-30,node
node/12599103066,transformer,,15.4986762,74.950766,,2026-09-30,node
node/12599105811,transformer,,14.5507181,75.8247754,,2026-09-30,node
node/12599105812,transformer,,14.5493525,75.8276668,,2026-09-30,node
node/12599105813,transformer,,14.5492902,75.8266583,,2026-09-30,node
node/12599105821,transformer,,14.5506973,75.8245447,,2026-09-30,node
node/12599136574,transformer,,16.5513933,75.8540696,,2026-09-30,node
node/12599136575,transformer,,16.5513599,75.8538497,,2026-09-30,node
node/12599136576,transformer,,16.551437,75.8542895,,2026-09-30,node
node/12599148315,transformer,,16.5511741,75.8527466,,2026-09-30,node
node/12599159607,transformer,,13.4783077,77.0459453,,2026-09-30,node
node/12599159608,transformer,,13.478206,77.0461518,,2026-09-30,node
node/12599159641,transformer,,13.4800253,77.0428433,,2026-09-30,node
node/12599159657,transformer,,13.4801557,77.0455631,,2026-09-30,node
node/12599159658,transformer,,13.4803592,77.0456838,,2026-09-30,node
node/12618674794,substation,,17.5517634,78.3611357,,2026-09-30,node
node/12642184417,transformer,,13.1040417,77.5717224,,2026-09-30,node
node/12642184421,transformer,,13.1041696,77.5716493,,2026-09-30,node
node/12645439335,transformer,,9.7403991,76.415803,,2026-09-30,node
node/12648664531,transformer,,18.8071435,84.4523084,,2026-09-30,node
node/12648664532,transformer,,18.8069201,84.4527805,,2026-09-30,node
node/12648664545,transformer,,18.8067525,84.4532579,,2026-09-30,node
node/12648689725,transformer,,18.4207209,83.3236441,,2026-09-30,node
node/12648689726,transformer,,18.4207667,83.3239017,,2026-09-30,node
node/12648689727,transformer,,18.4208253,83.3241566,,2026-09-30,node
node/12648689732,transformer,,18.4206746,83.3234105,,2026-09-30,node
node/12650614549,transformer,,16.2145316,79.9450285,,2026-09-30,node
node/12650614550,transformer,,16.2142972,79.9454979,,2026-09-30,node
node/12650655750,transformer,,17.1621525,79.6935828,,2026-09-30,node
node/12650655751,transformer,,17.1623959,79.6936633,,2026-09-30,node
node/12650655752,transformer,,17.1626266,79.6937196,,2026-09-30,node
node/12650655791,transformer,,17.160442,79.6933897,,2026-09-30,node
node/12650655792,transformer,,17.1605855,79.6934272,,2026-09-30,node
node/12650655793,transformer,,17.1607264,79.6934674,,2026-09-30,node
node/12650691641,transformer,,18.827821,79.5723035,,2026-09-30,node
node/12650691643,transformer,,18.8281917,79.5722632,,2026-09-30,node
node/12650691644,transformer,,18.8284354,79.5722767,,2026-09-30,node
node/12650691645,transformer,,18.8290269,79.5722981,,2026-09-30,node
node/12650699825,transformer,,17.536073,78.5812732,,2026-09-30,node
node/12650699826,transformer,,17.5360193,78.581528,,2026-09-30,node
node/12650699827,transformer,,17.5359886,78.5817828,,2026-09-30,node
node/12650699828,transformer,,17.5359553,78.5820188,,2026-09-30,node
node/12650722832,transformer,,18.7508077,79.4741102,,2026-09-30,node
node/12650722835,transformer,,18.7505461,79.4740003,,2026-09-30,node
node/12650722839,transformer,,18.7496114,79.4736784,,2026-09-30,node
node/12650722843,transformer,,18.7493523,79.4735711,,2026-09-30,node
node/12650758200,transformer,,16.9321622,81.8604023,,2026-09-30,node
node/12650763602,transformer,,16.9321776,81.8605499,,2026-09-30,node
node/12650763604,transformer,,16.9321545,81.8602468,,2026-09-30,node
node/12650763606,transformer,,16.9323444,81.8618346,,2026-09-30,node
node/12650763607,transformer,,16.9322776,81.8615879,,2026-09-30,node
node/12650763640,transformer,,16.9327677,81.8612312,,2026-09-30,node
node/12650941750,transformer,,18.0564341,79.6701745,,2026-09-30,node
node/12650941751,transformer,,18.0563296,79.6699867,,2026-09-30,node
node/12650941752,transformer,,18.0565361,79.6703676,,2026-09-30,node
node/12652677803,transformer,,17.2331911,78.4809744,,2026-09-30,node
node/12652677804,transformer,,17.2330869,78.48145,,2026-09-30,node
node/12652677805,transformer,,17.2329862,78.4819578,,2026-09-30,node
node/12652677806,transformer,,17.2330443,78.4817129,,2026-09-30,node
node/12652677807,transformer,,17.2331467,78.4812229,,2026-09-30,node
node/12652715619,transformer,,17.4253447,78.6793272,,2026-09-30,node
node/12652715620,transformer,,17.4254911,78.6793514,,2026-09-30,node
node/12652715622,transformer,,17.4249613,78.6804828,,2026-09-30,node
node/12652715623,transformer,,17.4246823,78.6804265,,2026-09-30,node
node/12652715625,transformer,,17.4243343,78.6803701,,2026-09-30,node
node/12652715627,transformer,,17.4240323,78.6803058,,2026-09-30,node
node/12652996957,transformer,,18.4542037,79.1771241,,2026-09-30,node
node/12652996958,transformer,,18.45429,79.1772623,,2026-09-30,node
node/12652996959,transformer,,18.454124,79.176997,,2026-09-30,node
node/12653008838,transformer,,18.7552204,79.4599116,,2026-09-30,node
node/12653008841,transformer,,18.7554134,79.4593027,,2026-09-30,node
node/12653008842,transformer,,18.7556166,79.4586831,,2026-09-30,node
node/12653320622,transformer,,18.166134,78.8727996,,2026-09-30,node
node/12653320623,transformer,,18.1664627,78.8721156,,2026-09-30,node
node/12653320624,transformer,,18.1662436,78.8725662,,2026-09-30,node
node/12653320625,transformer,,18.1663582,78.8723409,,2026-09-30,node
node/12653382175,transformer,,17.7598085,79.112898,,2026-09-30,node
node/12653382176,transformer,,17.7596399,79.1133915,,2026-09-30,node
node/12653382177,transformer,,17.7594049,79.1140942,,2026-09-30,node
node/12653954117,transformer,,16.6147181,78.6719408,,2026-09-30,node
node/12653954118,transformer,,16.6142503,78.6721071,,2026-09-30,node
node/12654001311,transformer,,17.4538952,78.1491074,,2026-09-30,node
node/12654001312,transformer,,17.4541204,78.1491691,,2026-09-30,node
node/12654001313,transformer,,17.454604,78.1493166,,2026-09-30,node
node/12654001314,transformer,,17.4543455,78.1492415,,2026-09-30,node
node/12654028169,transformer,,17.7565968,78.3894785,,2026-09-30,node
node/12654028170,transformer,,17.7561197,78.3893486,,2026-09-30,node
node/12654028171,transformer,,17.7558851,78.3892998,,2026-09-30,node
node/12654037016,transformer,,17.7562491,78.3880349,,2026-09-30,node
node/12654037019,transformer,,17.7559579,78.3879464,,2026-09-30,node
node/12654040173,transformer,,18.0140072,78.7493286,,2026-09-30,node
node/12654041881,transformer,,18.2821428,78.9200584,,2026-09-30,node
node/12654041884,transformer,,18.2833856,78.9201228,,2026-09-30,node
node/12654041886,transformer,,18.2831411,78.9201013,,2026-09-30,node
node/12654041888,transformer,,18.2826572,78.9200745,,2026-09-30,node
node/12654041890,transformer,,18.2828788,78.9200959,,2026-09-30,node
node/12654041892,transformer,,18.2823924,78.9200691,,2026-09-30,node
node/12654173171,transformer,,18.0042337,79.5865817,,2026-09-30,node
node/12654173175,transformer,,18.0045322,79.5864932,,2026-09-30,node
node/12654173178,transformer,,18.0043893,79.5865334,,2026-09-30,node
node/12656083732,transformer,,16.5110522,79.3863132,,2026-09-30,node
node/12656083733,transformer,,16.5117311,79.3862542,,2026-09-30,node
node/12656083734,transformer,,16.5121426,79.386163,,2026-09-30,node
node/12656229182,transformer,,16.4620576,77.9335919,,2026-09-30,node
node/12657302981,transformer,,14.8876514,77.2590848,,2026-09-30,node
node/12657302982,transformer,,14.8876825,77.2593423,,2026-09-30,node
node/12657302983,transformer,,14.8877059,77.2595917,,2026-09-30,node
node/12657304700,transformer,,13.9651634,77.5561806,,2026-09-30,node
node/12657310501,transformer,,13.9649343,77.5561001,,2026-09-30,node
node/12657310502,transformer,,13.9654081,77.556245,,2026-09-30,node
node/12657310503,transformer,,13.9656267,77.5563147,,2026-09-30,node
node/12657344157,transformer,,14.0476494,78.4292455,,2026-09-30,node
node/12657344158,transformer,,14.0475895,78.4294816,,2026-09-30,node
node/12657344159,transformer,,14.0475036,78.4298812,,2026-09-30,node
node/12657344160,transformer,,14.0474568,78.4301038,,2026-09-30,node
node/12657419822,transformer,,13.21547,79.2239465,,2026-09-30,node
node/12657419823,transformer,,13.2153499,79.2241932,,2026-09-30,node
node/12657419824,transformer,,13.2155431,79.2237373,,2026-09-30,node
node/12657419825,transformer,,13.2156214,79.2235012,,2026-09-30,node
node/12657691092,transformer,,13.6528727,78.7562553,,2026-09-30,node
node/12657691093,transformer,,13.6528388,78.7565021,,2026-09-30,node
node/12657709205,transformer,,14.6964089,78.4607073,,2026-09-30,node
node/12657709223,transformer,,14.6970549,78.4609782,,2026-09-30,node
node/12657709224,transformer,,14.6974336,78.4609,,2026-09-30,node
node/12657709229,transformer,,14.6970911,78.4616483,,2026-09-30,node
node/12657717250,transformer,,12.7843974,77.5066951,,2026-09-30,node
node/12657717251,transformer,,12.7842764,77.5076386,,2026-09-30,node
node/12657717255,transformer,,12.784254,77.5080732,,2026-09-30,node
node/12657725542,transformer,,12.7861211,77.506253,,2026-09-30,node
node/12657725543,transformer,,12.7860737,77.5066123,,2026-09-30,node
node/12657737920,transformer,,12.1637081,78.0577088,,2026-09-30,node
node/12657737921,transformer,,12.1634931,78.0576283,,2026-09-30,node
node/12657737922,transformer,,12.1643374,78.0578912,,2026-09-30,node
node/12657737923,transformer,,12.1645445,78.0579636,,2026-09-30,node
node/12660070523,transformer,,17.246104,78.4631122,,2026-09-30,node
node/12660070524,transformer,,17.2462023,78.4632259,,2026-09-30,node
node/12660070529,transformer,,17.2466409,78.4631122,,2026-09-30,node
node/12660070530,transformer,,17.2467474,78.4632388,,2026-09-30,node
node/12660079298,transformer,,17.3276191,78.4234861,,2026-09-30,node
node/12660082001,transformer,,17.3274593,78.4234646,,2026-09-30,node
node/12660082003,transformer,,17.3273098,78.423456,,2026-09-30,node
node/12660082005,transformer,,17.3277916,78.4234881,,2026-09-30,node
node/12660082012,transformer,,17.3272916,78.4248376,,2026-09-30,node
node/12660082014,transformer,,17.3273528,78.4242886,,2026-09-30,node
node/12660734566,transformer,,17.287392,78.2277713,,2026-09-30,node
node/12660734567,transformer,,17.2878658,78.2278866,,2026-09-30,node
node/12660734568,transformer,,17.2880988,78.2279295,,2026-09-30,node
node/12660734955,transformer,,17.3352227,78.5174799,,2026-09-30,node
node/12660734956,transformer,,17.335238,78.5180292,,2026-09-30,node
node/12660734958,transformer,,17.3351998,78.5176204,,2026-09-30,node
node/12660734970,transformer,,17.3358506,78.51684,,2026-09-30,node
node/12660734971,transformer,,17.3358706,78.5167197,,2026-09-30,node
node/12660734972,transformer,,17.3358833,78.5165634,,2026-09-30,node
node/12661172926,transformer,,17.4691392,78.325393,,2026-09-30,node
node/12661172927,transformer,,17.4690317,78.32535,,2026-09-30,node
node/12661172930,transformer,,17.4698514,78.3258333,,2026-09-30,node
node/12661172933,transformer,,17.4695904,78.3257126,,2026-09-30,node
node/12661172936,transformer,,17.4697128,78.3257741,,2026-09-30,node
node/12661221910,transformer,,17.508157,78.1486038,,2026-09-30,node
node/12661221911,transformer,,17.5080178,78.1485926,,2026-09-30,node
node/12661221912,transformer,,17.5074051,78.1486036,,2026-09-30,node
node/12661245801,transformer,,17.52259,78.4410765,,2026-09-30,node
node/12661245802,transformer,,17.5224621,78.4411704,,2026-09-30,node
node/12661245804,transformer,,17.5227256,78.4409773,,2026-09-30,node
node/12661250446,transformer,,16.9619163,81.1943225,,2026-09-30,node
node/12661250448,transformer,,16.9619061,81.1940569,,2026-09-30,node
node/12662674880,transformer,,17.610226,83.1214401,,2026-09-30,node
node/12662674881,transformer,,17.6113023,83.1209493,,2026-09-30,node
node/12662674882,transformer,,17.6115809,83.1208071,,2026-09-30,node
node/12662674893,transformer,,17.6124575,83.120356,,2026-09-30,node
node/12662694748,transformer,,17.5645372,83.1398105,,2026-09-30,node
node/12662694751,transformer,,17.5635527,83.1402531,,2026-09-30,node
node/12663401188,transformer,,17.5977983,83.0858606,,2026-09-30,node
node/12663401189,transformer,,17.5978802,83.086955,,2026-09-30,node
node/12663401190,transformer,,17.5979415,83.0880761,,2026-09-30,node
node/12663401191,transformer,,17.5980284,83.0891731,,2026-09-30,node
node/12663401192,transformer,,17.5980489,83.089546,,2026-09-30,node
node/12663401193,transformer,,17.5978137,83.0861718,,2026-09-30,node
node/12663401194,transformer,,17.5979211,83.0872876,,2026-09-30,node
node/12663414163,transformer,,17.6405049,83.1359947,,2026-09-30,node
node/12663414164,transformer,,17.6406024,83.1361647,,2026-09-30,node
node/12663414173,transformer,,17.6423735,83.1323083,,2026-09-30,node
node/12663414174,transformer,,17.6425026,83.1325297,,2026-09-30,node
node/12663447521,transformer,,17.640326,83.1345206,,2026-09-30,node
node/12663447522,transformer,,17.6405688,83.1343704,,2026-09-30,node
node/12663447523,transformer,,17.640942,83.134137,,2026-09-30,node
node/12663457631,transformer,,17.8289604,83.22779,,2026-09-30,node
node/12663457632,transformer,,17.8292643,83.2277713,,2026-09-30,node
node/12663457633,transformer,,17.8291213,83.2277847,,2026-09-30,node
node/12676261397,transformer,,13.0334622,77.5582676,,2026-09-30,node
node/12676265208,transformer,,13.0425705,77.5571595,,2026-09-30,node
node/12698460679,transformer,,11.6656132,78.1150096,,2026-09-30,node
node/12701945347,transformer,,12.9756777,77.6024514,,2026-09-30,node
node/12713751003,substation,,12.9813158,77.6454392,,2026-09-30,node
node/12722667380,transformer,,12.9853928,77.5974326,,2026-09-30,node
node/12728043462,transformer,,9.332734,76.9696169,,2026-09-30,node
node/12753550378,transformer,,10.4937223,76.2182872,,2026-09-30,node
node/1275647370,transformer,,12.9772836,80.2483288,,2026-09-30,node
node/12756619661,transformer,,10.5107534,76.2973386,,2026-09-30,node
node/12769187004,transformer,,9.4946541,76.3292345,,2026-09-30,node
node/12784248123,transformer,,9.1549844,76.6372067,,2026-09-30,node
node/12788681457,transformer,,12.9856601,77.6163516,,2026-09-30,node
node/12788682214,transformer,,12.9862684,77.6168244,,2026-09-30,node
node/12799038585,transformer,,12.9731865,77.615041,,2026-09-30,node
node/12812104607,transformer,,9.6750062,76.5612249,,2026-09-30,node
node/12836670438,transformer,,12.9430251,80.2155744,,2026-09-30,node
node/12842633304,transformer,,10.2564881,76.2840211,,2026-09-30,node
node/12843030846,transformer,,13.0614621,77.7575372,,2026-09-30,node
node/12874452050,transformer,,9.2810291,76.405853,,2026-09-30,node
node/12875108938,transformer,,9.8635818,76.3008783,,2026-09-30,node
node/12879679130,transformer,,9.42465,76.700753,,2026-09-30,node
node/12913827881,transformer,,10.2570667,77.6319306,,2026-09-30,node
node/12916851153,transformer,,9.3846571,76.7093085,,2026-09-30,node
node/12917487184,transformer,,9.0765973,76.5445577,,2026-09-30,node
node/12918483200,substation,132000/133000,17.6595394,79.4164327,,2026-09-30,node
node/12918829535,transformer,,11.7964039,75.8611118,,2026-09-30,node
node/12918837990,transformer,,11.776291,75.8473627,,2026-09-30,node
node/12926119772,transformer,,11.6818617,76.0274665,,2026-09-30,node
node/12941864573,transformer,,13.0259773,77.6353545,,2026-09-30,node
node/12941892987,transformer,,13.0249124,77.6414275,,2026-09-30,node
node/12958918031,transformer,,10.4188561,76.0855324,,2026-09-30,node
node/12961515843,transformer,,13.0100929,77.6443747,,2026-09-30,node
node/12972280518,transformer,,17.4035909,78.3702699,,2026-09-30,node
node/12986990326,transformer,,17.7414812,83.3341311,,2026-09-30,node
node/12991018855,transformer,,16.5089593,80.7184689,,2026-09-30,node
node/12991058768,transformer,,16.5092179,80.7214654,,2026-09-30,node
node/12991077505,transformer,,16.5095132,80.7211754,,2026-09-30,node
node/12991082251,transformer,,16.5093862,80.7227693,,2026-09-30,node
node/12991089431,transformer,,16.5092568,80.7215248,,2026-09-30,node
node/12992129946,transformer,,16.5159556,80.6975765,,2026-09-30,node
node/12992160758,transformer,,16.5156066,80.6910627,,2026-09-30,node
node/12992451331,transformer,,16.5228392,80.524278,,2026-09-30,node
node/12993148889,transformer,,12.878511,74.9318963,,2026-09-30,node
node/12993562672,transformer,,16.4763708,80.7060009,,2026-09-30,node
node/12993562690,transformer,,16.5093435,80.725759,,2026-09-30,node
node/12993576299,transformer,,16.5093033,80.7210503,,2026-09-30,node
node/12993577468,transformer,,16.4764365,80.7065661,,2026-09-30,node
node/12993581698,transformer,,16.4762947,80.7060295,,2026-09-30,node
node/12993595466,transformer,,16.4761641,80.7063217,,2026-09-30,node
node/12993607493,transformer,,16.5113708,80.7207977,,2026-09-30,node
node/12993609900,transformer,,16.4763392,80.7059829,,2026-09-30,node
node/12993610907,transformer,,16.4760443,80.7061238,,2026-09-30,node
node/12993610908,transformer,,16.4761178,80.7062454,,2026-09-30,node
node/12993611529,transformer,,16.5091644,80.7259271,,2026-09-30,node
node/12993612111,transformer,,16.5190079,80.665397,,2026-09-30,node
node/12993616157,transformer,,16.5115245,80.7208142,,2026-09-30,node
node/12993619779,transformer,,16.4754942,80.7064928,,2026-09-30,node
node/12993620241,transformer,,16.5117155,80.7208509,,2026-09-30,node
node/12993620717,transformer,,16.5115499,80.7210765,,2026-09-30,node
node/12993621621,transformer,,16.5118268,80.7208883,,2026-09-30,node
node/12993621892,transformer,,16.4744648,80.7060097,,2026-09-30,node
node/12993623880,transformer,,16.5201682,80.6768114,,2026-09-30,node
node/12993625991,transformer,,16.5088715,80.7258589,,2026-09-30,node
node/12993627265,transformer,,16.5197754,80.6650764,,2026-09-30,node
node/12993629977,transformer,,16.5197906,80.6772967,,2026-09-30,node
node/12993631752,transformer,,16.4748349,80.7063217,,2026-09-30,node
node/12993634468,transformer,,16.5209645,80.6776387,,2026-09-30,node
node/12993638663,transformer,,16.5097276,80.718572,,2026-09-30,node
node/12993638793,transformer,,16.4748225,80.7061398,,2026-09-30,node
node/12993639033,transformer,,16.4751142,80.7064555,,2026-09-30,node
node/12993639330,transformer,,16.4757435,80.7066134,,2026-09-30,node
node/12993639965,transformer,,16.4759066,80.7070836,,2026-09-30,node
node/12993640642,transformer,,16.5080707,80.7183722,,2026-09-30,node
node/12993642412,transformer,,16.5094686,80.7204199,,2026-09-30,node
node/12993642657,transformer,,16.5193808,80.6772776,,2026-09-30,node
node/12993642995,transformer,,16.5080969,80.7202202,,2026-09-30,node
node/12993643837,transformer,,16.5201122,80.677448,,2026-09-30,node
node/12993647784,transformer,,16.5039584,80.6757764,,2026-09-30,node
node/12993647993,transformer,,16.5077005,80.7201918,,2026-09-30,node
node/12993648903,transformer,,16.5082979,80.7183751,,2026-09-30,node
node/12993649439,transformer,,16.5073369,80.721158,,2026-09-30,node
node/12993654358,transformer,,16.5100106,80.7182994,,2026-09-30,node
node/12993655943,transformer,,16.5092939,80.7211091,,2026-09-30,node
node/12993670077,transformer,,16.5093456,80.7228198,,2026-09-30,node
node/12993675812,transformer,,16.5078522,80.7202247,,2026-09-30,node
node/12993678567,transformer,,16.5082357,80.7183614,,2026-09-30,node
node/12993678707,transformer,,16.5081335,80.7202659,,2026-09-30,node
node/12993682004,transformer,,16.5078506,80.7202183,,2026-09-30,node
node/12993682939,transformer,,16.5080358,80.7181484,,2026-09-30,node
node/12993692417,transformer,,16.5080664,80.7202498,,2026-09-30,node
node/12993700359,transformer,,16.5093626,80.7227848,,2026-09-30,node
node/12993704606,transformer,,16.5096155,80.7184259,,2026-09-30,node
node/12993740121,transformer,,16.5197478,80.6772924,,2026-09-30,node
node/12994069883,transformer,,16.5193865,80.6891158,,2026-09-30,node
node/12994089581,transformer,,16.5203089,80.6895628,,2026-09-30,node
node/12994265285,transformer,,16.5046875,80.6509736,,2026-09-30,node
node/12995318307,transformer,,12.9435927,77.5832313,,2026-09-30,node
node/12995318328,transformer,,12.9393914,77.584808,,2026-09-30,node
node/12995318329,transformer,,12.9393921,77.5847781,,2026-09-30,node
node/12995321593,transformer,,16.5380243,80.6019993,,2026-09-30,node
node/12997533507,transformer,,12.3667851,75.2436518,,2026-09-30,node
node/12997716146,transformer,,12.3698911,75.2439923,,2026-09-30,node
node/12999445587,transformer,,12.65694,74.9639503,,2026-09-30,node
node/12999663369,transformer,,11.9041031,75.3321565,,2026-09-30,node
node/13015006912,transformer,,12.9324115,77.7374712,,2026-09-30,node
node/13015006914,transformer,,12.9310093,77.7351885,,2026-09-30,node
node/13015006915,transformer,,12.935292,77.735349,,2026-09-30,node
node/13015006916,transformer,,12.9354441,77.7341355,,2026-09-30,node
node/13015006917,transformer,,12.932818,77.7348189,,2026-09-30,node
node/13016539055,transformer,,12.9280444,77.7329117,,2026-09-30,node
node/13019517926,transformer,,9.5074138,76.4956765,,2026-09-30,node
node/13025843683,transformer,,9.1407341,76.4987879,,2026-09-30,node
node/13026194710,transformer,,9.2027476,76.5173765,,2026-09-30,node
node/13033401695,transformer,,13.083537,77.6083271,,2026-09-30,node
node/13043404227,transformer,,9.289924,76.5365339,,2026-09-30,node
node/13046073278,transformer,,12.9216823,77.5855961,,2026-09-30,node
node/13085046755,transformer,,17.7207358,83.3011906,,2026-09-30,node
node/13086424119,substation,,16.7461521,81.6813495,,2026-09-30,node
node/13086562435,transformer,,17.7326809,83.3179165,,2026-09-30,node
node/13089232586,transformer,,13.004314,77.6602706,,2026-09-30,node
node/13114036102,transformer,,11.6080083,75.8511593,,2026-09-30,node
node/13114062789,transformer,,11.6282238,75.833507,,2026-09-30,node
node/13143343539,transformer,,8.1689849,77.7031455,,2026-09-30,node
node/13143343549,transformer,,8.169038,77.7033628,,2026-09-30,node
node/13143343565,transformer,,8.1693831,77.7048166,,2026-09-30,node
node/13143343566,transformer,,8.1693539,77.7046932,,2026-09-30,node
node/13143343567,transformer,,8.1693247,77.7045725,,2026-09-30,node
node/13143343568,transformer,,8.1693035,77.7044625,,2026-09-30,node
node/13143343569,transformer,,8.169269,77.7043338,,2026-09-30,node
node/13143343593,transformer,,8.171434,77.7141121,,2026-09-30,node
node/13143343594,transformer,,8.1714048,77.7139887,,2026-09-30,node
node/13143343595,transformer,,8.1713756,77.713868,,2026-09-30,node
node/13143343596,transformer,,8.1713544,77.713758,,2026-09-30,node
node/13143343597,transformer,,8.1713199,77.7136293,,2026-09-30,node
node/13143343964,transformer,,8.1710889,77.7126583,,2026-09-30,node
node/13143343965,transformer,,8.1710358,77.7124411,,2026-09-30,node
node/13152084893,substation,,10.7007077,76.7487862,,2026-09-30,node
node/13159495880,transformer,,9.6960716,76.3428725,,2026-09-30,node
node/13194275820,transformer,,17.6323944,77.9024782,,2026-09-30,node
node/13194275821,transformer,,17.6325452,77.9024969,,2026-09-30,node
node/13194362300,transformer,,18.6074283,79.1013702,,2026-09-30,node
node/13194372001,transformer,,18.6068253,79.1032436,,2026-09-30,node
node/13194372002,transformer,,18.6066578,79.1034332,,2026-09-30,node
node/13194716729,transformer,,18.8345511,79.4037085,,2026-09-30,node
node/13194716730,transformer,,18.834974,79.4034554,,2026-09-30,node
node/13194719633,transformer,,18.59637,78.2194881,,2026-09-30,node
node/13194719634,transformer,,18.596492,78.2193916,,2026-09-30,node
node/13194719637,transformer,,18.5966293,78.219295,,2026-09-30,node
node/13194719638,transformer,,18.596764,78.2191931,,2026-09-30,node
node/13194719640,transformer,,18.5968733,78.2190992,,2026-09-30,node
node/13194719659,transformer,,17.6232839,80.7052019,,2026-09-30,node
node/13194719662,transformer,,17.6233657,80.7044938,,2026-09-30,node
node/13194719674,transformer,,17.6232545,80.7054654,,2026-09-30,node
node/13194719678,transformer,,17.6239634,80.7043405,,2026-09-30,node
node/13194719684,transformer,,17.6239868,80.7017558,,2026-09-30,node
node/13194719685,transformer,,17.6239194,80.7025979,,2026-09-30,node
node/13194719686,transformer,,17.6239839,80.7019586,,2026-09-30,node
node/13194719687,transformer,,17.6239751,80.7021276,,2026-09-30,node
node/13194720190,transformer,,17.3657046,80.2381617,,2026-09-30,node
node/13194731196,transformer,,17.4343649,80.5258422,,2026-09-30,node
node/13194731197,transformer,,17.4345568,80.5257617,,2026-09-30,node
node/13194746017,transformer,,18.627859,78.2377718,,2026-09-30,node
node/13194746018,transformer,,18.627859,78.2380159,,2026-09-30,node
node/13194746019,transformer,,18.627864,78.2382841,,2026-09-30,node
node/13194746072,transformer,,18.6270393,78.2360324,,2026-09-30,node
node/13194746073,transformer,,18.6270393,78.2357173,,2026-09-30,node
node/13194751907,transformer,,19.0464499,78.3985986,,2026-09-30,node
node/13194751908,transformer,,19.0464474,78.3991082,,2026-09-30,node
node/13194751909,transformer,,19.0464474,78.3988427,,2026-09-30,node
node/13194783045,transformer,,17.2068347,78.9920047,,2026-09-30,node
node/13194783046,transformer,,17.2066015,78.9920047,,2026-09-30,node
node/13194783047,transformer,,17.2075777,78.9919752,,2026-09-30,node
node/13194783053,transformer,,17.2084501,78.9907306,,2026-09-30,node
node/13194783054,transformer,,17.2085936,78.990736,,2026-09-30,node
node/13194793522,transformer,,17.6237449,80.6874451,,2026-09-30,node
node/13194793523,transformer,,17.6237245,80.6876651,,2026-09-30,node
node/13194793543,transformer,,17.609893,80.6970126,,2026-09-30,node
node/13194793544,transformer,,17.6104196,80.6967953,,2026-09-30,node
node/13194793563,transformer,,17.6096041,80.6972084,,2026-09-30,node
node/13194796005,transformer,,17.3666159,80.2370915,,2026-09-30,node
node/13194796006,transformer,,17.3667798,80.2368286,,2026-09-30,node
node/13194796021,transformer,,17.3654371,80.2357088,,2026-09-30,node
node/13194796022,transformer,,17.3655292,80.2355854,,2026-09-30,node
node/13194833802,transformer,,16.6163317,78.6718033,,2026-09-30,node
node/13194842119,transformer,,16.7051732,79.5752083,,2026-09-30,node
node/13194842120,transformer,,16.7051784,79.5762007,,2026-09-30,node
node/13194842121,transformer,,16.7051784,79.5765923,,2026-09-30,node
node/13194842122,transformer,,16.7051938,79.5794194,,2026-09-30,node
node/13194842123,transformer,,16.7051938,79.5805138,,2026-09-30,node
node/13194842124,transformer,,16.7052143,79.5819836,,2026-09-30,node
node/13194842125,transformer,,16.7052092,79.5812487,,2026-09-30,node
node/13195872078,transformer,,16.7051951,79.5810099,,2026-09-30,node
node/13195905510,transformer,,16.7103549,79.5511757,,2026-09-30,node
node/13195905511,transformer,,16.7101108,79.5511811,,2026-09-30,node
node/13195915543,transformer,,16.9012755,80.1339226,,2026-09-30,node
node/13195915544,transformer,,16.9012226,80.1340608,,2026-09-30,node
node/13195915545,transformer,,16.9011584,80.1342347,,2026-09-30,node
node/13195933026,transformer,,16.8981214,79.8246472,,2026-09-30,node
node/13195933027,transformer,,16.8980016,79.8245605,,2026-09-30,node
node/13196030776,transformer,,16.6407894,80.5512941,,2026-09-30,node
node/13196030780,transformer,,16.6406043,80.5512002,,2026-09-30,node
node/13196058909,transformer,,16.6394783,80.5554004,,2026-09-30,node
node/13196058910,transformer,,16.639619,80.5554743,,2026-09-30,node
node/13196058911,transformer,,16.6387508,80.5551385,,2026-09-30,node
node/13196058936,transformer,,16.592147,80.5424535,,2026-09-30,node
node/13196058943,transformer,,16.5956789,80.5431375,,2026-09-30,node
node/13196058944,transformer,,16.5961056,80.5436927,,2026-09-30,node
node/13196058965,transformer,,16.5940466,80.5358419,,2026-09-30,node
node/13196059021,transformer,,16.5988585,80.5388647,,2026-09-30,node
node/13196059024,transformer,,16.5986323,80.5385938,,2026-09-30,node
node/13196059027,transformer,,16.5984318,80.5383229,,2026-09-30,node
node/13196059030,transformer,,16.5978484,80.537537,,2026-09-30,node
node/13196059033,transformer,,16.5964963,80.5357051,,2026-09-30,node
node/13196059036,transformer,,16.5969179,80.5362737,,2026-09-30,node
node/13196059039,transformer,,16.596779,80.5360538,,2026-09-30,node
node/13196059042,transformer,,16.5966762,80.5359143,,2026-09-30,node
node/13196059045,transformer,,16.597401,80.5369674,,2026-09-30,node
node/13196059048,transformer,,16.597617,80.5372474,,2026-09-30,node
node/13196059051,transformer,,16.5977121,80.5373922,,2026-09-30,node
node/13196078197,transformer,,15.5805704,79.7635702,,2026-09-30,node
node/13196078198,transformer,,15.5805123,79.7637048,,2026-09-30,node
node/13196087417,transformer,,16.5633886,80.6828991,,2026-09-30,node
node/13196087418,transformer,,16.5639927,80.6831191,,2026-09-30,node
node/13196087419,transformer,,16.5642267,80.6832022,,2026-09-30,node
node/13196115873,transformer,,15.5845612,79.700017,,2026-09-30,node
node/13196115874,transformer,,15.5845612,79.6997648,,2026-09-30,node
node/13196115875,transformer,,15.5845664,79.6995154,,2026-09-30,node
node/13196115990,transformer,,14.9331363,78.315214,,2026-09-30,node
node/13196115991,transformer,,14.9328978,78.3151658,,2026-09-30,node
node/13196139460,transformer,,16.0880478,78.9044444,,2026-09-30,node
node/13196139496,transformer,,15.7112083,78.1071685,,2026-09-30,node
node/13196139498,transformer,,15.711167,78.1074233,,2026-09-30,node
node/13196139499,transformer,,15.7112574,78.1069244,,2026-09-30,node
node/13196145401,transformer,,15.711118,78.1076594,,2026-09-30,node
node/13196166184,transformer,,15.1523981,77.6565568,,2026-09-30,node
node/13196166185,transformer,,15.1526415,77.6566963,,2026-09-30,node
node/13196166194,transformer,,15.1518442,77.6562395,,2026-09-30,node
node/13196190192,transformer,,14.2217456,79.8829829,,2026-09-30,node
node/13196190193,transformer,,14.2218098,79.882735,,2026-09-30,node
node/13196190194,transformer,,14.2214428,79.884207,,2026-09-30,node
node/13196190195,transformer,,14.2212582,79.8846925,,2026-09-30,node
node/13196190196,transformer,,14.2211932,79.8849285,,2026-09-30,node
node/13196208512,transformer,,14.2183075,79.8852255,,2026-09-30,node
node/13196208513,transformer,,14.2184503,79.8852846,,2026-09-30,node
node/13196208514,transformer,,14.2185943,79.8853438,,2026-09-30,node
node/13196208525,transformer,,14.2495822,79.8989484,,2026-09-30,node
node/13196208526,transformer,,14.249369,79.8994098,,2026-09-30,node
node/13202016122,transformer,,8.770946,76.7053735,,2026-09-30,node
node/13206753566,transformer,,8.773209,76.7054744,,2026-09-30,node
node/13242221818,transformer,,13.1526628,77.5564978,,2026-09-30,node
node/13242221819,transformer,,13.1528822,77.5565059,,2026-09-30,node
node/13242221820,transformer,,13.1531251,77.5565193,,2026-09-30,node
node/13242223896,transformer,,14.3178254,77.3850081,,2026-09-30,node
node/13242226715,transformer,,14.3177501,77.3847882,,2026-09-30,node
node/13242226716,transformer,,14.3178826,77.3852254,,2026-09-30,node
node/13242226717,transformer,,14.3183374,77.3867354,,2026-09-30,node
node/13242226718,transformer,,14.3184024,77.3869661,,2026-09-30,node
node/13243432361,transformer,,12.7895029,80.0762894,,2026-09-30,node
node/13243432362,transformer,,12.7891236,80.0762679,,2026-09-30,node
node/13243432363,transformer,,12.7897566,80.0763108,,2026-09-30,node
node/13243467951,transformer,,12.981948,79.9771773,,2026-09-30,node
node/13243467952,transformer,,12.9821545,79.9775769,,2026-09-30,node
node/13243467953,transformer,,12.9824028,79.9779819,,2026-09-30,node
node/13243467975,transformer,,12.9826485,79.9784325,,2026-09-30,node
node/13243484994,transformer,,12.852907,80.192648,,2026-09-30,node
node/13243484995,transformer,,12.8524546,80.1930879,,2026-09-30,node
node/13243484996,transformer,,12.8521329,80.1933964,,2026-09-30,node
node/13243527778,transformer,,13.7309143,79.6287645,,2026-09-30,node
node/13243527780,transformer,,13.7308986,79.6284963,,2026-09-30,node
node/13243527781,transformer,,13.7309247,79.6290354,,2026-09-30,node
node/13243527785,transformer,,13.7309481,79.6292607,,2026-09-30,node
node/13243540237,transformer,,12.9838717,79.9763082,,2026-09-30,node
node/13243540238,transformer,,12.984086,79.9766837,,2026-09-30,node
node/13244684585,transformer,,13.2384718,80.3032036,,2026-09-30,node
node/13244684588,transformer,,13.2384613,80.3021146,,2026-09-30,node
node/13244684591,transformer,,13.2384822,80.3011222,,2026-09-30,node
node/13244684592,transformer,,13.2383517,80.3034852,,2026-09-30,node
node/13244684593,transformer,,13.2383804,80.3023962,,2026-09-30,node
node/13244684594,transformer,,13.238383,80.3014145,,2026-09-30,node
node/13244713570,transformer,,12.7405319,80.0027038,,2026-09-30,node
node/13244713576,transformer,,12.7400741,80.0025724,,2026-09-30,node
node/13244713577,transformer,,12.7399119,80.0024866,,2026-09-30,node
node/13244716557,transformer,,13.2569428,80.3261528,,2026-09-30,node
node/13244716591,transformer,,13.2567725,80.3277467,,2026-09-30,node
node/13244716592,transformer,,13.2579813,80.328082,,2026-09-30,node
node/13244716600,transformer,,13.2586314,80.3266654,,2026-09-30,node
node/13244716601,transformer,,13.2571454,80.3258516,,2026-09-30,node
node/13244716622,transformer,,13.2549255,80.3269443,,2026-09-30,node
node/13244716625,transformer,,13.2546279,80.326711,,2026-09-30,node
node/13244716628,transformer,,13.2539908,80.3265179,,2026-09-30,node
node/13244716629,transformer,,13.2533878,80.3263194,,2026-09-30,node
node/13244716630,transformer,,13.2536306,80.3263784,,2026-09-30,node
node/13244716631,transformer,,13.2529883,80.3261745,,2026-09-30,node
node/13244716660,transformer,,13.2562754,80.3275202,,2026-09-30,node
node/13244726244,transformer,,13.20365,80.0998145,,2026-09-30,node
node/13244726245,transformer,,13.2043211,80.0998172,,2026-09-30,node
node/13244726246,transformer,,13.2047441,80.0998226,,2026-09-30,node
node/13244726264,transformer,,13.2060707,80.099836,,2026-09-30,node
node/13244726265,transformer,,13.2064911,80.099844,,2026-09-30,node
node/13244726266,transformer,,13.2069454,80.0998494,,2026-09-30,node
node/13244726267,transformer,,13.2073685,80.0998601,,2026-09-30,node
node/13244761718,transformer,,12.7447248,79.9969967,,2026-09-30,node
node/13244761719,transformer,,12.7449017,79.9967433,,2026-09-30,node
node/13244761720,transformer,,12.7450323,79.9965064,,2026-09-30,node
node/13249205486,transformer,,13.1450789,79.887565,,2026-09-30,node
node/13249308296,transformer,,9.4036267,76.6045524,,2026-09-30,node
node/13253830249,substation,,15.4820551,77.3852946,,2026-09-30,node
node/13261051821,substation,,15.5565105,77.5464084,,2026-09-30,node
node/13282940210,transformer,,13.7654676,74.7336331,,2026-09-30,node
node/13285111312,substation,,17.4481413,78.3533976,,2026-09-30,node
node/13285233861,transformer,,12.7179134,74.9122725,,2026-09-30,node
node/13285233862,transformer,,12.7179448,74.9121934,,2026-09-30,node
node/13285233867,transformer,,12.6706044,74.9462199,,2026-09-30,node
node/13285233868,transformer,,12.67052,74.9461616,,2026-09-30,node
node/13294426468,transformer,,12.922323,79.332685,,2026-09-30,node
node/13294426493,transformer,,12.9225475,79.3327482,,2026-09-30,node
node/13368993103,substation,,13.092413,77.4485788,,2026-09-30,node
node/13375558026,transformer,,8.5088872,77.0023199,,2026-09-30,node
node/13407014168,transformer,,12.989064,77.7159329,,2026-09-30,node
node/13407014187,transformer,,12.9889962,77.7158444,,2026-09-30,node
node/13427378591,transformer,,8.9271814,76.906595,,2026-09-30,node
node/13434024638,transformer,,13.2369913,80.1584487,,2026-09-30,node
node/13434024641,transformer,,13.2309221,80.160746,,2026-09-30,node
node/13451888283,transformer,,9.416132,77.8446872,,2026-09-30,node
node/13456437218,transformer,,15.0769066,76.6859634,,2026-09-30,node
node/13456437220,transformer,,15.078457,76.6859806,,2026-09-30,node
node/1347504923,substation,,17.4893298,78.3625913,,2026-09-30,node
node/13564093758,transformer,,9.2115172,76.516275,,2026-09-30,node
node/13588207552,transformer,,9.5109187,76.3472097,,2026-09-30,node
node/13618532046,transformer,,9.360435,76.8633008,,2026-09-30,node
node/13624509697,transformer,,9.8561631,76.3566416,,2026-09-30,node
node/13624746090,transformer,,9.8367621,76.3596173,,2026-09-30,node
node/13624750860,transformer,,9.8346772,76.3575088,,2026-09-30,node
node/13624777923,transformer,,9.8330302,76.3609415,,2026-09-30,node
node/13625161733,transformer,,9.8315018,76.3684148,,2026-09-30,node
node/13625633876,transformer,,9.8468067,76.3540268,,2026-09-30,node
node/13626167427,transformer,,9.8449472,76.3550595,,2026-09-30,node
node/13626199061,transformer,,9.9566586,76.3269545,,2026-09-30,node
node/13634295007,transformer,,9.6934924,76.3514048,,2026-09-30,node
node/13639004486,transformer,,9.8481686,76.3657946,,2026-09-30,node
node/13664118374,transformer,,9.8671475,76.5977238,,2026-09-30,node
node/13664118375,transformer,,9.8671157,76.5975407,,2026-09-30,node
node/13669029406,transformer,,9.8686898,77.1256,,2026-09-30,node
node/13673370109,substation,,17.4529715,78.4951218,,2026-09-30,node
node/13673373182,substation,,17.5038546,78.4304293,,2026-09-30,node
node/13686716293,transformer,,9.8427944,76.3586324,,2026-09-30,node
node/13695695505,transformer,,12.6347455,74.9243981,,2026-09-30,node
node/13695726435,transformer,,12.6889216,74.9000816,,2026-09-30,node
node/13700333615,substation,,16.9871663,78.3618151,,2026-09-30,node
node/13701633248,transformer,,12.2566373,75.2340398,,2026-09-30,node
node/13703090028,transformer,,12.2776914,75.2182165,,2026-09-30,node
node/13704169587,transformer,,12.244156,75.1531047,,2026-09-30,node
node/13704208973,transformer,,12.4060916,75.3108946,,2026-09-30,node
node/13714529681,transformer,,9.7852398,76.7997803,,2026-09-30,node
node/13716328540,transformer,,12.9912466,80.2126488,,2026-09-30,node
node/13732363299,transformer,,9.1927,76.9695062,,2026-09-30,node
node/13737457915,substation,,18.607573,78.4745523,,2026-09-30,node
node/13746287104,substation,,13.0803796,80.2743995,,2026-09-30,node
node/13760724393,transformer,,12.1462472,75.4427715,,2026-09-30,node
node/13760761360,transformer,,12.2335401,75.5228363,,2026-09-30,node
node/13763743563,transformer,,12.0830506,75.5803137,,2026-09-30,node
node/13763892286,transformer,,12.1306506,75.5759581,,2026-09-30,node
node/13764913110,transformer,,12.1337609,75.5821567,,2026-09-30,node
node/13784191838,transformer,,12.9085357,77.682741,,2026-09-30,node
node/13788709673,transformer,,10.3678209,76.2951782,,2026-09-30,node
node/13788918251,transformer,,10.3610575,76.2975623,,2026-09-30,node
node/13788918260,transformer,,10.3629888,76.2981643,,2026-09-30,node
node/13794895106,transformer,,10.3562186,76.2961546,,2026-09-30,node
node/13806242541,transformer,,10.5952129,76.4279922,,2026-09-30,node
node/13867107796,transformer,,12.9379673,80.1344086,,2026-09-30,node
node/13895637612,transformer,,12.9745212,77.6171489,,2026-09-30,node
node/13913720757,transformer,,12.9602516,77.6388215,,2026-09-30,node
node/13913730352,transformer,,12.9601661,77.6390099,,2026-09-30,node
node/13913736965,transformer,,12.9599719,77.6411562,,2026-09-30,node
node/13913736966,transformer,,12.9600027,77.6406709,,2026-09-30,node
node/13913747492,transformer,,12.9601259,77.6393055,,2026-09-30,node
node/13913768060,transformer,,12.9587713,77.6396572,,2026-09-30,node
node/13913779214,transformer,,12.9586821,77.6403529,,2026-09-30,node
node/13913779215,transformer,,12.95967,77.641116,,2026-09-30,node
node/13919630557,transformer,,10.3471999,76.2943883,,2026-09-30,node
node/13919630578,transformer,,10.3446604,76.2937322,,2026-09-30,node
node/13919630584,transformer,,10.3499282,76.2945935,,2026-09-30,node
node/13919630596,transformer,,10.3524124,76.2950283,,2026-09-30,node
node/13919630609,transformer,,10.3416407,76.292058,,2026-09-30,node
node/13919630650,transformer,,10.3413575,76.2813027,,2026-09-30,node
node/13919630657,transformer,,10.3415797,76.2874113,,2026-09-30,node
node/13922321037,transformer,,12.3465131,77.6460106,,2026-09-30,node
node/13927775195,transformer,,12.920151,77.6890361,,2026-09-30,node
node/13927775196,transformer,,12.920185,77.6890361,,2026-09-30,node
node/13927775197,transformer,,12.9202177,77.6890381,,2026-09-30,node
node/13927775198,transformer,,12.9202497,77.6890402,,2026-09-30,node
node/13928871295,transformer,,10.0647118,78.7962034,,2026-09-30,node
node/13945134027,transformer,,9.557794,76.7886405,,2026-09-30,node
node/13946672807,transformer,,9.5581964,76.7882219,,2026-09-30,node
node/13984472121,transformer,,12.9376803,80.1353352,,2026-09-30,node
node/13991858653,transformer,,10.7893154,78.6971451,,2026-09-30,node
node/14000322886,transformer,,10.0916118,78.7941366,,2026-09-30,node
node/14000340124,transformer,,10.092052,78.7939074,,2026-09-30,node
node/14002071726,transformer,,9.1563974,78.5401674,,2026-09-30,node
node/14006330618,transformer,,10.0470786,76.3351449,,2026-09-30,node
node/14006523357,transformer,,10.0788911,78.7906249,,2026-09-30,node
node/14019945587,transformer,,8.5216009,76.8877481,,2026-09-30,node
node/14053250781,transformer,,12.9632604,77.7249264,,2026-09-30,node
node/14053250782,transformer,,12.9632532,77.7249861,,2026-09-30,node
node/14053250783,transformer,,12.9632561,77.7249569,,2026-09-30,node
node/14084777628,transformer,,9.9409474,78.8268853,,2026-09-30,node
node/14117943065,transformer,,13.0409683,80.2520103,,2026-09-30,node
node/14125018030,transformer,,13.0405123,80.2486723,,2026-09-30,node
node/14128761448,transformer,,9.5428728,76.3197909,,2026-09-30,node
node/14141604045,substation,11kv,9.6583717,76.5340994,,2026-09-30,node
node/14157916550,transformer,,12.9665244,77.7019198,,2026-09-30,node
node/14158961473,transformer,,9.679935,76.3289449,,2026-09-30,node
node/14158965337,transformer,,9.682663,76.3289017,,2026-09-30,node
node/1449593956,transformer,,9.5897956,76.5223187,,2026-09-30,node
node/1466488430,transformer,,12.9587037,77.6660013,,2026-09-30,node
node/1470856116,substation,,12.9362606,77.6237622,,2026-09-30,node
node/1525993646,substation,,13.0119654,77.5752904,,2026-09-30,node
node/1538561409,transformer,,16.8131938,75.7159314,,2026-09-30,node
node/1538561565,transformer,,16.8131494,75.7157472,,2026-09-30,node
node/1597174757,substation,,13.0594778,80.2009363,,2026-09-30,node
node/2040980831,substation,,15.782665,80.3070977,,2026-09-30,node
node/2041505316,substation,33000;11000,11.0883142,76.9976435,,2026-09-30,node
node/2060866736,substation,,15.7815315,80.3059285,,2026-09-30,node
node/2169139101,substation,,15.7853596,80.306266,,2026-09-30,node
node/2198260996,transformer,,12.9785487,77.6411517,,2026-09-30,node
node/2277895930,substation,,14.3229427,74.7459877,,2026-09-30,node
node/2388351719,substation,,9.096877,76.4891477,,2026-09-30,node
node/2398083171,substation,,12.8988404,77.6214406,,2026-09-30,node
node/2398083172,substation,,12.8998321,77.620203,,2026-09-30,node
node/2449069717,substation,,12.8928529,77.613361,,2026-09-30,node
node/2482314383,transformer,,12.9040853,80.0968086,,2026-09-30,node
node/2485068557,transformer,,11.412439,75.8229434,,2026-09-30,node
node/2504141415,transformer,,11.4098421,75.8188301,,2026-09-30,node
node/2587520290,transformer,,13.0202101,80.262519,,2026-09-30,node
node/2593007181,transformer,,8.1099164,77.5406127,,2026-09-30,node
node/2614641040,transformer,,14.4536751,75.9217108,,2026-09-30,node
node/2614641042,transformer,,14.4537978,75.921701,,2026-09-30,node
node/2614641044,transformer,,14.4539444,75.9216948,,2026-09-30,node
node/2712069055,substation,,11.2311973,75.817482,,2026-09-30,node
node/3188617478,transformer,,10.9551527,76.0661268,,2026-09-30,node
node/3221981818,transformer,,15.1689892,76.3740997,,2026-09-30,node
node/3221981819,transformer,,15.1690865,76.3746872,,2026-09-30,node
node/3221983350,transformer,,15.1690359,76.3743973,,2026-09-30,node
node/335527138,substation,,13.0002782,80.2556245,,2026-09-30,node
node/335527174,substation,,13.0064206,80.2485804,,2026-09-30,node
node/3389118176,transformer,,12.9828453,77.6385244,,2026-09-30,node
node/344444288,substation,,10.4853492,76.2223319,,2026-09-30,node
node/3450233793,transformer,,12.9455203,77.6239648,,2026-09-30,node
node/3450276063,transformer,,12.9427858,77.6259126,,2026-09-30,node
node/3450276067,transformer,,12.9441585,77.6241095,,2026-09-30,node
node/3450276079,transformer,,12.9431695,77.6239711,,2026-09-30,node
node/3450276081,transformer,,12.9435503,77.625785,,2026-09-30,node
node/3450926866,transformer,230000,11.0544341,77.9891619,,2026-09-30,node
node/3450926867,transformer,230000,11.0545477,77.98891,,2026-09-30,node
node/3463271090,transformer,,9.0466261,76.8480746,,2026-09-30,node
node/3467888837,transformer,,13.3094121,76.9489771,,2026-09-30,node
node/3587828828,transformer,,9.0907283,76.8565408,,2026-09-30,node
node/3600156305,transformer,,12.9964981,77.7277189,,2026-09-30,node
node/3600156312,transformer,,12.9965295,77.727912,,2026-09-30,node
node/3610382147,transformer,,9.9209558,77.967167,,2026-09-30,node
node/3610382168,transformer,,9.9207531,77.9675712,,2026-09-30,node
node/3610395727,transformer,,8.7660505,77.6414701,,2026-09-30,node
node/3610395728,transformer,,8.7659445,77.6416632,,2026-09-30,node
node/3610433972,transformer,,10.5942914,77.3283866,,2026-09-30,node
node/3610433980,transformer,,10.5945024,77.327657,,2026-09-30,node
node/3610433985,transformer,,10.5943653,77.327952,,2026-09-30,node
node/3614716424,substation,,10.4409135,76.2054274,,2026-09-30,node
node/3665526111,transformer,,10.8324052,76.4175589,,2026-09-30,node
node/3665526246,transformer,,10.8311003,76.411841,,2026-09-30,node
node/3665526682,transformer,,10.8311907,76.423044,,2026-09-30,node
node/3667638753,transformer,,13.3719354,77.208036,,2026-09-30,node
node/3678256759,transformer,11000;400,10.7650027,78.8164495,,2026-09-30,node
node/3678256762,transformer,11000;400,10.7674562,78.8174689,,2026-09-30,node
node/3699857477,transformer,11000;400,10.7675473,78.8126562,,2026-09-30,node
node/3702177344,transformer,11000;400,10.769274,78.8271828,,2026-09-30,node
node/3702177345,transformer,11000;400,10.7697924,78.8261078,,2026-09-30,node
node/3708840814,transformer,,10.7686784,78.8248029,,2026-09-30,node
node/3708840930,transformer,,10.7760493,78.8203915,,2026-09-30,node
node/3709134768,transformer,,13.0185232,76.0908772,,2026-09-30,node
node/3725675728,transformer,,12.9680306,77.6415298,,2026-09-30,node
node/3730057442,transformer,,10.7623976,78.7969308,,2026-09-30,node
node/3730057453,transformer,,10.7648124,78.7965706,,2026-09-30,node
node/3730057469,transformer,,10.7695301,78.7969892,,2026-09-30,node
node/3730057471,transformer,,10.7697777,78.7971889,,2026-09-30,node
node/3730099479,transformer,,10.7753628,78.7911785,,2026-09-30,node
node/3730099482,transformer,,10.7758651,78.7922079,,2026-09-30,node
node/3730099501,transformer,,10.7782302,78.7880267,,2026-09-30,node
node/3730202083,transformer,,10.7679417,78.799733,,2026-09-30,node
node/3730202085,transformer,,10.7803463,78.7831292,,2026-09-30,node
node/3730202104,transformer,,10.8070454,78.7273889,,2026-09-30,node
node/3730202106,transformer,,10.8131759,78.7135252,,2026-09-30,node
node/3730202107,transformer,,10.8131973,78.7085374,,2026-09-30,node
node/3730202108,transformer,,10.8133438,78.7065201,,2026-09-30,node
node/3730202114,transformer,,10.8136447,78.7026991,,2026-09-30,node
node/3730202140,transformer,,10.8271276,78.6863215,,2026-09-30,node
node/3734782515,transformer,,10.7902,78.6843641,,2026-09-30,node
node/3734782518,transformer,,10.8073307,78.727295,,2026-09-30,node
node/3762509790,transformer,,13.8753296,74.9039848,,2026-09-30,node
node/3764434533,transformer,,16.4620564,77.9333535,,2026-09-30,node
node/3764434534,transformer,,16.4620818,77.9338792,,2026-09-30,node
node/3764452170,transformer,,16.3208631,77.7095263,,2026-09-30,node
node/3830615591,substation,110000,11.653352,75.756157,,2026-09-30,node
node/3836981991,transformer,,12.9800272,77.638364,,2026-09-30,node
node/3836983939,transformer,,12.9804086,77.6378024,,2026-09-30,node
node/3836988206,transformer,,12.9787252,77.6360663,,2026-09-30,node
node/3836988209,transformer,,12.9787706,77.6354081,,2026-09-30,node
node/3836988212,transformer,,12.979542,77.6355981,,2026-09-30,node
node/3837000797,transformer,,12.9820318,77.638655,,2026-09-30,node
node/3837007826,transformer,,12.9804768,77.6372565,,2026-09-30,node
node/3837012433,transformer,,12.9793631,77.6373342,,2026-09-30,node
node/3842402201,transformer,,17.5286114,78.3607365,,2026-09-30,node
node/3873280701,transformer,,16.4335798,75.7606822,,2026-09-30,node
node/3873280702,transformer,,16.4334612,75.7607423,,2026-09-30,node
node/3873280713,transformer,,16.3977626,75.7265574,,2026-09-30,node
node/3873280718,transformer,,16.3977419,75.726697,,2026-09-30,node
node/3873334030,transformer,,16.1387133,75.6033559,,2026-09-30,node
node/3873334045,transformer,,16.2943039,75.3833933,,2026-09-30,node
node/3873334050,transformer,,16.1381928,75.6032969,,2026-09-30,node
node/3873335268,transformer,,16.2948239,75.3834148,,2026-09-30,node
node/3995726629,transformer,,8.5473099,76.9062341,,2026-09-30,node
node/4030637034,transformer,,12.9431206,77.6238964,,2026-09-30,node
node/4052928027,transformer,,12.9188534,77.5962143,,2026-09-30,node
node/4101505929,transformer,,12.97923,77.6463241,,2026-09-30,node
node/4101529698,transformer,,12.9791596,77.6456955,,2026-09-30,node
node/4101543797,transformer,,12.9799585,77.6393368,,2026-09-30,node
node/4101548839,transformer,,12.9791758,77.6429244,,2026-09-30,node
node/4102123004,transformer,,12.9789279,77.6427095,,2026-09-30,node
node/4146445834,transformer,,8.5423515,76.9047482,,2026-09-30,node
node/4157947103,transformer,,8.5475183,76.906498,,2026-09-30,node
node/4185022568,transformer,,17.4423125,78.4332929,,2026-09-30,node
node/4294829490,transformer,,12.9814512,77.6014486,,2026-09-30,node
node/4304239513,transformer,,10.6243459,76.144698,,2026-09-30,node
node/4315639140,transformer,,12.9698015,77.6361709,,2026-09-30,node
node/4315639149,transformer,,12.9699087,77.6370153,,2026-09-30,node
node/4315639155,transformer,,12.9699386,77.6376025,,2026-09-30,node
node/4315639169,transformer,,12.9700038,77.6380106,,2026-09-30,node
node/4315639871,transformer,,12.9729978,77.6359537,,2026-09-30,node
node/4315855595,substation,,14.6829612,79.541184,,2026-09-30,node
node/4316885842,transformer,,10.6518064,76.1600074,,2026-09-30,node
node/4316885843,transformer,,10.6518708,76.1690323,,2026-09-30,node
node/4316885844,transformer,,10.6531372,76.1661785,,2026-09-30,node
node/4316900498,transformer,,10.6510489,76.1669005,,2026-09-30,node
node/4316950346,transformer,,10.638045,76.1588584,,2026-09-30,node
node/4317012118,transformer,,10.6313439,76.1709854,,2026-09-30,node
node/4317040035,transformer,,10.6493123,76.1332383,,2026-09-30,node
node/4317041229,transformer,,10.639235,76.15262,,2026-09-30,node
node/4317050342,transformer,,10.6512733,76.1726484,,2026-09-30,node
node/4317052904,transformer,,10.6538319,76.1701927,,2026-09-30,node
node/4317096793,transformer,,10.6476201,76.1487979,,2026-09-30,node
node/4317125761,transformer,,10.6606284,76.1807747,,2026-09-30,node
node/4317826151,transformer,,10.6614376,76.1706343,,2026-09-30,node
node/4317972298,transformer,,10.6261327,76.1578603,,2026-09-30,node
node/4319672645,transformer,,10.6177073,76.1639838,,2026-09-30,node
node/4319749289,transformer,,10.6460579,76.1642027,,2026-09-30,node
node/4338020894,transformer,,13.3261845,74.7266769,,2026-09-30,node
node/4344245267,transformer,,8.554841,77.0673501,,2026-09-30,node
node/4345308373,substation,,16.2432305,80.6082341,,2026-09-30,node
node/4364491044,transformer,,10.6690886,76.142864,,2026-09-30,node
node/4382045760,transformer,,9.5901204,77.9481244,,2026-09-30,node
node/4385687909,transformer,,9.9119509,76.3099169,,2026-09-30,node
node/4406406565,substation,,8.3283424,77.4159683,,2026-09-30,node
node/4406911258,transformer,,17.0132241,81.7699106,,2026-09-30,node
node/4411116537,transformer,,10.6329133,76.1519391,,2026-09-30,node
node/4452832376,transformer,,9.5323388,76.7712913,,2026-09-30,node
node/4452832377,transformer,,9.5256896,76.7792986,,2026-09-30,node
node/4473043904,transformer,11000;400,10.7952563,78.8378841,,2026-09-30,node
node/4500896058,transformer,11000;400,10.7561686,78.8413267,,2026-09-30,node
node/4506414055,transformer,,13.4339388,77.7223193,,2026-09-30,node
node/4506414058,transformer,,13.4340042,77.7199592,,2026-09-30,node
node/4506414059,transformer,,13.4341724,77.7192644,,2026-09-30,node
node/4506414064,transformer,,13.4344245,77.7178622,,2026-09-30,node
node/4514793925,transformer,,9.7492133,76.3927311,,2026-09-30,node
node/4526806931,transformer,,10.5763503,77.2792716,,2026-09-30,node
node/4526806932,transformer,,10.5763714,77.2789712,,2026-09-30,node
node/4526806933,transformer,,10.5764136,77.2786547,,2026-09-30,node
node/4543308037,transformer,,10.79884,78.7516188,,2026-09-30,node
node/4543308345,transformer,11000:440,9.8354528,78.0606362,,2026-09-30,node
node/4588797866,substation,22000,11.9532932,79.7989122,,2026-09-30,node
node/4609658408,substation,,12.9414316,77.6945339,,2026-09-30,node
node/4685567719,transformer,,12.5217101,78.5680739,,2026-09-30,node
node/4685567720,transformer,,12.5218803,78.5681061,,2026-09-30,node
node/4701650212,transformer,,8.1848757,77.4271106,,2026-09-30,node
node/4701650714,transformer,,8.1849462,77.4278278,,2026-09-30,node
node/4764532445,transformer,,10.8210292,78.6935862,,2026-09-30,node
node/4764533042,transformer,,10.7858451,78.7754448,,2026-09-30,node
node/4764533058,transformer,,8.785375,77.72428,,2026-09-30,node
node/4764534606,transformer,,10.816153,78.6965489,,2026-09-30,node
node/4764535521,transformer,,10.7851033,78.7753564,,2026-09-30,node
node/4878918574,transformer,,11.5064213,77.2342917,,2026-09-30,node
node/4878934412,transformer,,11.0046288,76.955988,,2026-09-30,node
node/4878934415,transformer,,10.9995062,76.9513025,,2026-09-30,node
node/4878934416,transformer,,10.9994179,76.9465627,,2026-09-30,node
node/4878936359,substation,,16.4141145,77.3272784,,2026-09-30,node
node/4878939449,substation,,16.4120512,77.3283217,,2026-09-30,node
node/4951079117,transformer,,8.9326427,77.2789653,,2026-09-30,node
node/5003289409,transformer,,10.8163076,78.6953819,,2026-09-30,node
node/5003289410,transformer,,10.8210906,78.6937049,,2026-09-30,node
node/5003290165,transformer,,8.1743232,77.4430465,,2026-09-30,node
node/5079379083,substation,,10.7867016,78.6931398,,2026-09-30,node
node/5079396887,transformer,,10.9330328,78.7442489,,2026-09-30,node
node/5082889153,transformer,,10.6154743,76.1971294,,2026-09-30,node
node/5082944405,transformer,,10.6192047,76.1959701,,2026-09-30,node
node/5082945377,transformer,,10.6026173,76.1978946,,2026-09-30,node
node/5082973153,transformer,,10.6037573,76.1997862,,2026-09-30,node
node/5082992627,transformer,,10.6125022,76.1968458,,2026-09-30,node
node/5082992632,transformer,,10.6084942,76.1994044,,2026-09-30,node
node/5090942412,transformer,,10.6141334,76.203601,,2026-09-30,node
node/5090942417,transformer,,10.6141768,76.2040349,,2026-09-30,node
node/5090957307,transformer,,10.6142528,76.2043541,,2026-09-30,node
node/5090964278,transformer,,10.6142968,76.2048793,,2026-09-30,node
node/5090975325,transformer,,10.6143294,76.2051799,,2026-09-30,node
node/5163380118,transformer,,12.7342366,78.6802652,,2026-09-30,node
node/5163380119,transformer,,12.734268,78.6800319,,2026-09-30,node
node/5164845186,transformer,,12.9815351,77.6490833,,2026-09-30,node
node/5164855023,transformer,,12.9817177,77.6479437,,2026-09-30,node
node/5164905823,transformer,,12.9812384,77.6484168,,2026-09-30,node
node/5164905830,transformer,,12.9816044,77.6478347,,2026-09-30,node
node/5164905834,transformer,,12.9814194,77.6469724,,2026-09-30,node
node/5164915352,transformer,,12.9801642,77.6458231,,2026-09-30,node
node/5164915358,transformer,,12.9801668,77.6445879,,2026-09-30,node
node/5191669792,transformer,,12.972559,77.6484603,,2026-09-30,node
node/5197626284,transformer,,10.5455685,76.5095934,,2026-09-30,node
node/5197626307,transformer,,10.5429495,76.5055465,,2026-09-30,node
node/5197640171,transformer,,10.5348885,76.501055,,2026-09-30,node
node/5197640200,transformer,,10.5427769,76.4996624,,2026-09-30,node
node/5197682854,transformer,,10.5369938,76.5176548,,2026-09-30,node
node/5197682880,transformer,,10.5319775,76.5167857,,2026-09-30,node
node/5197682891,transformer,,10.5512077,76.5070947,,2026-09-30,node
node/5197688881,transformer,,10.5595906,76.50325,,2026-09-30,node
node/5197704360,transformer,,10.5522656,76.507932,,2026-09-30,node
node/5197723783,transformer,,10.5521625,76.5149903,,2026-09-30,node
node/5197782019,transformer,,10.5609165,76.5165672,,2026-09-30,node
node/5197784426,transformer,,10.562108,76.5159547,,2026-09-30,node
node/5197822767,transformer,,10.5664548,76.5148295,,2026-09-30,node
node/5197822769,transformer,,10.5675947,76.5148359,,2026-09-30,node
node/5197822781,transformer,,10.5685096,76.5019638,,2026-09-30,node
node/5197822785,transformer,,10.5703287,76.5065065,,2026-09-30,node
node/5197822788,transformer,,10.5703752,76.5040397,,2026-09-30,node
node/5197827480,transformer,,10.5693394,76.5114994,,2026-09-30,node
node/5197827499,transformer,,10.5764888,76.51157,,2026-09-30,node
node/5197858013,transformer,,10.5671967,76.4962457,,2026-09-30,node
node/5197858017,transformer,,10.5667327,76.4959622,,2026-09-30,node
node/5197858018,transformer,,10.5741934,76.4922082,,2026-09-30,node
node/5197867144,transformer,,10.5749474,76.4992978,,2026-09-30,node
node/5205016385,transformer,,10.1519013,79.1039711,,2026-09-30,node
node/5205016386,transformer,,10.151896,79.103837,,2026-09-30,node
node/5206336706,transformer,,10.5692172,76.4797276,,2026-09-30,node
node/5206336719,transformer,,10.5679193,76.4735788,,2026-09-30,node
node/5206429850,transformer,,10.5584697,76.4720804,,2026-09-30,node
node/5206429853,transformer,,10.5539288,76.4671614,,2026-09-30,node
node/5206441038,transformer,,10.5537169,76.4617914,,2026-09-30,node
node/5206464970,transformer,,10.5484159,76.4603615,,2026-09-30,node
node/5206475952,transformer,,10.5460602,76.4652062,,2026-09-30,node
node/5206475953,transformer,,10.5453061,76.4701903,,2026-09-30,node
node/5206491394,transformer,,10.5409773,76.4640443,,2026-09-30,node
node/5206491395,transformer,,10.5455824,76.4616538,,2026-09-30,node
node/5206516679,transformer,,10.546223,76.4570721,,2026-09-30,node
node/5206538523,transformer,,10.546729,76.4480729,,2026-09-30,node
node/5206545828,transformer,,10.5386535,76.4599992,,2026-09-30,node
node/5206559273,transformer,,10.5230288,76.4550192,,2026-09-30,node
node/5206569421,transformer,,10.5356662,76.4475768,,2026-09-30,node
node/5206569422,transformer,,10.5332454,76.4515203,,2026-09-30,node
node/5206605932,transformer,,10.5645133,76.4836854,,2026-09-30,node
node/5206605933,transformer,,10.567126,76.4846972,,2026-09-30,node
node/5206624322,transformer,,10.5531422,76.4876738,,2026-09-30,node
node/5206624323,transformer,,10.555994,76.4865226,,2026-09-30,node
node/5206624325,transformer,,10.5603792,76.4815542,,2026-09-30,node
node/5206635001,transformer,,10.5505618,76.4846039,,2026-09-30,node
node/5206635002,transformer,,10.5496653,76.4816184,,2026-09-30,node
node/5206635003,transformer,,10.553039,76.4826568,,2026-09-30,node
node/5206675735,transformer,,10.5249017,76.4828721,,2026-09-30,node
node/5206675736,transformer,,10.543584,76.4801027,,2026-09-30,node
node/5206675737,transformer,,10.5290294,76.4878323,,2026-09-30,node
node/5206675845,transformer,,10.5415645,76.4805932,,2026-09-30,node
node/5206709566,transformer,,10.5336699,76.4685154,,2026-09-30,node
node/5206709567,transformer,,10.527536,76.4612279,,2026-09-30,node
node/5206723520,transformer,,10.538307,76.4772935,,2026-09-30,node
node/5206727121,transformer,,10.5270012,76.4681494,,2026-09-30,node
node/5206755179,transformer,,10.5027797,76.4737544,,2026-09-30,node
node/5206755180,transformer,,10.5071776,76.4743015,,2026-09-30,node
node/5206755181,transformer,,10.503521,76.4748303,,2026-09-30,node
node/5206755182,transformer,,10.5008489,76.4753529,,2026-09-30,node
node/5206760761,transformer,,10.500466,76.4851274,,2026-09-30,node
node/5208356140,transformer,,10.5797739,76.4995734,,2026-09-30,node
node/5208356143,transformer,,10.5843613,76.4940638,,2026-09-30,node
node/5208356145,transformer,,10.5880274,76.5001915,,2026-09-30,node
node/5208356147,transformer,,10.5824223,76.4893449,,2026-09-30,node
node/5208356150,transformer,,10.5871877,76.5024058,,2026-09-30,node
node/5208356151,transformer,,10.5824053,76.5049766,,2026-09-30,node
node/5208384162,transformer,,10.5764579,76.4875228,,2026-09-30,node
node/5208384163,transformer,,10.573279,76.4852354,,2026-09-30,node
node/5208384165,transformer,,10.5727717,76.4881686,,2026-09-30,node
node/5208384167,transformer,,10.5779588,76.4897046,,2026-09-30,node
node/5208384168,transformer,,10.5684657,76.4901852,,2026-09-30,node
node/5208466690,transformer,,10.5275663,76.4965838,,2026-09-30,node
node/5208466691,transformer,,10.5310315,76.4939999,,2026-09-30,node
node/5208466695,transformer,,10.5227169,76.5147281,,2026-09-30,node
node/5208466696,transformer,,10.5194208,76.5152506,,2026-09-30,node
node/5208466700,transformer,,10.5290808,76.4997163,,2026-09-30,node
node/5208466701,transformer,,10.5677519,76.4924568,,2026-09-30,node
node/5208466702,transformer,,10.5617825,76.4946662,,2026-09-30,node
node/5208466703,transformer,,10.5187382,76.5080531,,2026-09-30,node
node/5208466705,transformer,,10.5510259,76.4927542,,2026-09-30,node
node/5208466706,transformer,,10.5225256,76.5014148,,2026-09-30,node
node/5208466708,transformer,,10.5435965,76.4921053,,2026-09-30,node
node/5208466709,transformer,,10.5490952,76.4922993,,2026-09-30,node
node/5208466710,transformer,,10.5494084,76.4990476,,2026-09-30,node
node/5208478529,transformer,,10.5057785,76.5116815,,2026-09-30,node
node/5208478530,transformer,,10.5162933,76.5195095,,2026-09-30,node
node/5208478532,transformer,,10.5009664,76.5094721,,2026-09-30,node
node/5208478534,transformer,,10.4968399,76.5067812,,2026-09-30,node
node/5208478535,transformer,,10.5001895,76.5067539,,2026-09-30,node
node/5208493492,transformer,,10.5132549,76.5264128,,2026-09-30,node
node/5208493495,transformer,,10.5186752,76.5280085,,2026-09-30,node
node/5208514234,transformer,,10.4874667,76.5271504,,2026-09-30,node
node/5208514235,transformer,,10.4858376,76.5406146,,2026-09-30,node
node/5208514236,transformer,,10.4794124,76.5264708,,2026-09-30,node
node/5208514237,transformer,,10.4831958,76.5296508,,2026-09-30,node
node/5208514238,transformer,,10.4755444,76.5247781,,2026-09-30,node
node/5208514239,transformer,,10.4797308,76.5297437,,2026-09-30,node
node/5208514242,transformer,,10.495186,76.5251925,,2026-09-30,node
node/5208515000,transformer,,10.5019361,76.5227201,,2026-09-30,node
node/5208578416,transformer,,10.5331752,76.504453,,2026-09-30,node
node/5224409118,transformer,,12.8806945,74.8386459,,2026-09-30,node
node/5230002534,transformer,,13.1126661,80.0623646,,2026-09-30,node
node/5234789128,transformer,,12.9287075,77.5869569,,2026-09-30,node
node/5234797388,transformer,,12.9416641,77.5869498,,2026-09-30,node
node/5234865684,transformer,,10.5381296,76.5078153,,2026-09-30,node
node/5234865685,transformer,,10.5425692,76.5168048,,2026-09-30,node
node/5234865689,transformer,,10.570107,76.5023755,,2026-09-30,node
node/5234895376,transformer,,10.5641642,76.4755249,,2026-09-30,node
node/5234895378,transformer,,10.5220917,76.502165,,2026-09-30,node
node/5234911871,transformer,,10.5366165,76.4867498,,2026-09-30,node
node/5234932494,transformer,,11.9406465,79.4930516,,2026-09-30,node
node/5234959889,transformer,,10.5704451,76.4715782,,2026-09-30,node
node/5257049653,transformer,,10.5522577,76.5149033,,2026-09-30,node
node/5257068145,transformer,,10.5741971,76.4946542,,2026-09-30,node
node/5296365692,transformer,,12.6490273,79.274573,,2026-09-30,node
node/5296365693,transformer,,12.6493309,79.2742887,,2026-09-30,node
node/5296365694,transformer,,12.6494408,79.2741841,,2026-09-30,node
node/5307974844,transformer,,12.9603196,77.53519,,2026-09-30,node
node/5319192675,transformer,,10.9891484,76.9663095,,2026-09-30,node
node/5319192676,transformer,,10.9891115,76.9662157,,2026-09-30,node
node/5319192677,transformer,,10.9890799,76.9661352,,2026-09-30,node
node/5323175469,transformer,,10.6011517,76.2144542,,2026-09-30,node
node/5327828294,transformer,,11.9444169,79.8085989,,2026-09-30,node
node/5338403024,transformer,,10.9710775,76.8533333,,2026-09-30,node
node/5339406882,transformer,,10.802353,78.865597,,2026-09-30,node
node/5343774663,transformer,,10.6929858,78.6100906,,2026-09-30,node
node/5343774664,transformer,,10.6931097,78.6098117,,2026-09-30,node
node/5343774665,transformer,,10.69263,78.611193,,2026-09-30,node
node/5343774666,transformer,,10.6928145,78.610788,,2026-09-30,node
node/5358759818,transformer,,16.3849041,80.6603662,,2026-09-30,node
node/539330326,substation,,11.3200719,75.9342957,,2026-09-30,node
node/5418179809,transformer,,8.5759275,76.8823137,,2026-09-30,node
node/5467448630,substation,,17.5051049,78.5447231,,2026-09-30,node
node/5471792094,transformer,,10.5507338,79.2631361,,2026-09-30,node
node/5471792095,transformer,,10.5507391,79.262833,,2026-09-30,node
node/5478937709,transformer,,10.4594559,79.4113737,,2026-09-30,node
node/5478937710,transformer,,10.4594269,79.4112101,,2026-09-30,node
node/5478937711,transformer,,10.4594084,79.4111136,,2026-09-30,node
node/5478937712,transformer,,10.4593873,79.4110277,,2026-09-30,node
node/5500256922,transformer,,17.434714,78.4066544,,2026-09-30,node
node/5515156444,transformer,,10.4320127,78.78474,,2026-09-30,node
node/5515156445,transformer,,10.4317252,78.7846649,,2026-09-30,node
node/5544177390,substation,,10.6829982,76.7084684,,2026-09-30,node
node/5546796537,substation,,17.5122349,79.2907263,,2026-09-30,node
node/5546796545,transformer,,17.512845,79.2938633,,2026-09-30,node
node/5622325416,transformer,,10.5240889,76.2116215,,2026-09-30,node
node/5781137482,transformer,,16.8618348,81.3187469,,2026-09-30,node
node/5793475648,substation,,10.8323308,78.6885669,,2026-09-30,node
node/5871425713,transformer,,9.987173,79.1872859,,2026-09-30,node
node/5871425714,transformer,,9.9871294,79.1871169,,2026-09-30,node
node/5907534156,transformer,,12.0315325,75.3551098,,2026-09-30,node
node/5923302739,substation,,13.6923903,79.5886862,,2026-09-30,node
node/6150728452,transformer,,11.0813565,77.9530668,,2026-09-30,node
node/6204788813,transformer,,8.7619703,78.1684686,,2026-09-30,node
node/6204788814,transformer,,8.7618323,78.1684467,,2026-09-30,node
node/6204788815,transformer,,8.7616942,78.1684248,,2026-09-30,node
node/6204788816,transformer,,8.7615561,78.168403,,2026-09-30,node
node/6204788817,transformer,,8.7614181,78.1683811,,2026-09-30,node
node/6204788818,transformer,,8.7604558,78.1682284,,2026-09-30,node
node/6204788819,transformer,,8.7605883,78.1682494,,2026-09-30,node
node/6204788820,transformer,,8.7607209,78.1682704,,2026-09-30,node
node/6204788821,transformer,,8.7603232,78.1682074,,2026-09-30,node
node/6204788845,transformer,,8.7617322,78.1676227,,2026-09-30,node
node/6204788846,transformer,,8.7617773,78.167329,,2026-09-30,node
node/6246096240,transformer,,11.8696655,75.3850561,,2026-09-30,node
node/6314840308,transformer,,8.7639891,78.1778336,,2026-09-30,node
node/6314840309,transformer,,8.7640976,78.1771449,,2026-09-30,node
node/6314840310,transformer,,8.7641996,78.1764629,,2026-09-30,node
node/6314840311,transformer,,8.7643081,78.1758607,,2026-09-30,node
node/6314840312,transformer,,8.764387,78.1752651,,2026-09-30,node
node/6360982390,transformer,,17.601724,80.6825766,,2026-09-30,node
node/6360982392,transformer,,17.6016832,80.6827384,,2026-09-30,node
node/6478181546,transformer,400000;320000,10.8233438,77.5410224,,2026-09-30,node
node/6478181547,transformer,400000;320000,10.8235844,77.5410135,,2026-09-30,node
node/6478181548,transformer,400000;320000,10.8234641,77.541018,,2026-09-30,node
node/6478181549,transformer,400000;320000,10.8237047,77.541009,,2026-09-30,node
node/6478181550,transformer,400000;320000,10.8242909,77.5409862,,2026-09-30,node
node/6478181551,transformer,400000;320000,10.8244112,77.5409818,,2026-09-30,node
node/6478181552,transformer,400000;320000,10.8245315,77.5409773,,2026-09-30,node
node/6478181743,transformer,400000;320000,10.8246518,77.5409728,,2026-09-30,node
node/6498606325,transformer,,10.0783787,78.7350333,,2026-09-30,node
node/6498606326,transformer,,10.0785583,78.7347731,,2026-09-30,node
node/6498606327,transformer,,10.078722,78.7345371,,2026-09-30,node
node/6540551497,transformer,,12.0318899,79.8447672,,2026-09-30,node
node/6540551498,transformer,,12.0318555,79.8449329,,2026-09-30,node
node/6710912121,substation,,17.4413268,78.4986375,,2026-09-30,node
node/6740014010,substation,,16.7647535,77.9964331,,2026-09-30,node
node/6802406186,transformer,,9.0281897,76.9148908,,2026-09-30,node
node/6814709645,substation,,16.7524183,78.0158396,,2026-09-30,node
node/6833104124,transformer,,9.3518911,78.925741,,2026-09-30,node
node/6833104125,transformer,,9.3520605,78.9252233,,2026-09-30,node
node/6833104126,transformer,,9.3521637,78.9249471,,2026-09-30,node
node/6847914786,substation,,17.941956,79.855602,,2026-09-30,node
node/6865906847,substation,,18.6153582,79.3684222,,2026-09-30,node
node/6927100515,transformer,,11.3241269,77.7417259,,2026-09-30,node
node/7002701775,substation,,18.0213856,79.7131349,,2026-09-30,node
node/7130198597,transformer,,8.4762684,76.9413801,,2026-09-30,node
node/7169333985,transformer,,8.4939897,76.9540481,,2026-09-30,node
node/7173877885,substation,,17.4459709,78.4118044,,2026-09-30,node
node/7176922091,transformer,,9.9624234,76.2983629,,2026-09-30,node
node/7228221971,substation,,13.095548,77.5948785,,2026-09-30,node
node/7236242037,substation,,12.8866386,77.5622186,,2026-09-30,node
node/7244010430,substation,,17.9635271,79.6048578,,2026-09-30,node
node/7244117760,substation,,17.9871455,79.5905229,,2026-09-30,node
node/7247149856,substation,,18.2779066,80.4676184,,2026-09-30,node
node/7291611530,transformer,,12.9984266,77.5489859,,2026-09-30,node
node/7340194654,transformer,,9.5345554,76.6727753,,2026-09-30,node
node/7342448003,substation,,9.658887,76.723272,,2026-09-30,node
node/7347452994,transformer,,13.4336866,77.7231927,,2026-09-30,node
node/7391590075,transformer,,9.6061158,76.5299184,,2026-09-30,node
node/7391590076,transformer,,9.6076254,76.5317183,,2026-09-30,node
node/7444237147,substation,,10.2710331,76.1522569,,2026-09-30,node
node/7444249020,transformer,,9.5802845,76.6233825,,2026-09-30,node
node/7451329639,substation,,9.0393983,76.7238088,,2026-09-30,node
node/7456249139,transformer,,10.6755884,76.4221849,,2026-09-30,node
node/7457004192,transformer,,8.780929,76.6785412,,2026-09-30,node
node/7457004193,transformer,,8.7838297,76.6781516,,2026-09-30,node
node/7457004194,transformer,,8.7814859,76.6766399,,2026-09-30,node
node/7457073350,transformer,,10.0034012,76.5748783,,2026-09-30,node
node/7462738383,transformer,,10.6848664,76.4242466,,2026-09-30,node
node/7463858661,transformer,,11.4411631,75.6944718,,2026-09-30,node
node/7465618526,transformer,,10.1926778,76.342935,,2026-09-30,node
node/7465618527,transformer,,10.1855184,76.3445283,,2026-09-30,node
node/7465618528,transformer,,10.1881425,76.3410253,,2026-09-30,node
node/7465953153,substation,,9.1451089,76.7687672,,2026-09-30,node
node/7466339390,substation,,10.0544091,76.6150057,,2026-09-30,node
node/7467730753,substation,,11.3111492,75.7588822,,2026-09-30,node
node/7469468852,transformer,,11.9581191,75.4767007,,2026-09-30,node
node/7470346249,transformer,,11.2129327,76.1311825,,2026-09-30,node
node/7470346250,transformer,,11.2144014,76.1349366,,2026-09-30,node
node/7470346251,transformer,,11.2156443,76.1403696,,2026-09-30,node
node/7470346252,transformer,,11.2128478,76.1272769,,2026-09-30,node
node/7470346253,transformer,,11.2133148,76.1411553,,2026-09-30,node
node/7470467658,transformer,,11.9540965,75.2990547,,2026-09-30,node
node/7471007208,transformer,,9.8094823,76.3510028,,2026-09-30,node
node/7471208925,transformer,,10.1746046,76.4407384,,2026-09-30,node
node/7471208926,transformer,,10.1739683,76.4375282,,2026-09-30,node
node/7473257566,transformer,,9.7939261,76.8864126,,2026-09-30,node
node/7473654437,substation,,8.489275,76.9646599,,2026-09-30,node
node/7473665659,transformer,,9.5111409,76.3388127,,2026-09-30,node
node/7475730950,transformer,,9.3395865,76.9179933,,2026-09-30,node
node/7475973194,transformer,,9.3374469,76.9230534,,2026-09-30,node
node/7476276439,transformer,,10.3076224,76.3665929,,2026-09-30,node
node/7479046919,substation,,17.4442768,78.4254794,,2026-09-30,node
node/7479803654,transformer,,9.9660879,76.3466008,,2026-09-30,node
node/7481829143,transformer,,9.4836505,76.548196,,2026-09-30,node
node/7482024611,transformer,,11.3125393,75.8289646,,2026-09-30,node
node/7483568788,transformer,,10.3816269,76.2634641,,2026-09-30,node
node/7484578313,transformer,,10.3111714,76.365965,,2026-09-30,node
node/7484578314,transformer,,10.3168555,76.3666945,,2026-09-30,node
node/7485562312,transformer,,8.9289086,76.7064976,,2026-09-30,node
node/7486573700,transformer,,10.0903662,76.3461982,,2026-09-30,node
node/7486573701,transformer,,10.0873542,76.346612,,2026-09-30,node
node/7486633522,transformer,,9.4861461,76.5463697,,2026-09-30,node
node/7487189371,transformer,,8.5826706,76.9189115,,2026-09-30,node
node/7489803731,substation,400000,10.0286657,76.4072984,,2026-09-30,node
node/7490051767,transformer,,10.0886785,76.3460377,,2026-09-30,node
node/7494711660,transformer,,9.9798861,76.5866265,,2026-09-30,node
node/7497832563,transformer,,10.7697425,76.6852094,,2026-09-30,node
node/7498370682,transformer,,8.9303804,76.7338342,,2026-09-30,node
node/7500066251,transformer,,10.2652385,76.2935764,,2026-09-30,node
node/7500112540,transformer,,11.9872441,75.3415362,,2026-09-30,node
node/7500117804,transformer,,10.2686088,76.2956761,,2026-09-30,node
node/7501044203,transformer,,10.2577552,76.2903581,,2026-09-30,node
node/7502764225,transformer,,8.5822015,76.908771,,2026-09-30,node
node/7503498033,substation,11000,10.0144614,76.3446583,,2026-09-30,node
node/7503498485,substation,,10.0146123,76.3450282,,2026-09-30,node
node/7503552204,substation,,9.7565502,76.4815666,,2026-09-30,node
node/7503581155,transformer,,11.9762195,75.3409691,,2026-09-30,node
node/7504320583,transformer,,8.4917383,76.9340154,,2026-09-30,node
node/7510592979,transformer,,10.2236596,76.2759262,,2026-09-30,node
node/7510819169,transformer,,9.2754718,76.5611873,,2026-09-30,node
node/7511716316,transformer,,11.3225233,75.8506649,,2026-09-30,node
node/7512015875,transformer,,9.9835347,76.5883814,,2026-09-30,node
node/7513158059,transformer,,10.0930364,76.6261691,,2026-09-30,node
node/7513437727,substation,,11.0483604,75.9463849,,2026-09-30,node
node/7515268736,transformer,,9.3151833,76.5285881,,2026-09-30,node
node/7520873847,transformer,,11.2846693,75.891541,,2026-09-30,node
node/7525748216,transformer,,9.8079331,76.3528366,,2026-09-30,node
node/7525940664,transformer,,11.1446204,76.1277172,,2026-09-30,node
node/7544276718,transformer,,12.4682315,75.0672908,,2026-09-30,node
node/7549960907,transformer,,14.330045,80.1235163,,2026-09-30,node
node/7549960908,transformer,,14.3300375,80.1233308,,2026-09-30,node
node/7549960909,transformer,,14.3300304,80.1231535,,2026-09-30,node
node/7549960910,transformer,,14.3300216,80.1229369,,2026-09-30,node
node/7549960911,transformer,,14.3299942,80.1222603,,2026-09-30,node
node/7549960912,transformer,,14.3299845,80.1220188,,2026-09-30,node
node/7549960913,transformer,,14.3299751,80.1217861,,2026-09-30,node
node/7549960914,transformer,,14.3299425,80.1209811,,2026-09-30,node
node/7549960915,transformer,,14.3299323,80.1207293,,2026-09-30,node
node/7549960916,transformer,,14.3299229,80.1204962,,2026-09-30,node
node/7563967476,transformer,,14.2236326,79.8841458,,2026-09-30,node
node/7563967477,transformer,,14.2237248,79.8839031,,2026-09-30,node
node/7563967478,transformer,,14.2237899,79.8836375,,2026-09-30,node
node/7563967479,transformer,,14.223849,79.8834101,,2026-09-30,node
node/7566676158,transformer,,14.2126312,80.0886074,,2026-09-30,node
node/7566676159,transformer,,14.2121944,80.0883526,,2026-09-30,node
node/7566676160,transformer,,14.2135673,80.0891921,,2026-09-30,node
node/7566676161,transformer,,14.2142251,80.089573,,2026-09-30,node
node/7566686414,transformer,,14.2053846,80.0879905,,2026-09-30,node
node/7566686415,transformer,,14.2055744,80.0875104,,2026-09-30,node
node/7566686416,transformer,,14.2057902,80.0869981,,2026-09-30,node
node/7566686417,transformer,,14.2059775,80.0865314,,2026-09-30,node
node/7574933157,transformer,,16.3979323,80.1316595,,2026-09-30,node
node/7574933158,transformer,,16.398043,80.1314289,,2026-09-30,node
node/7574933159,transformer,,16.3981459,80.1312089,,2026-09-30,node
node/7576938585,transformer,,10.0502166,76.2177359,,2026-09-30,node
node/7613964590,transformer,,17.3577793,78.8300445,,2026-09-30,node
node/7620700762,transformer,,18.7563673,79.4563892,,2026-09-30,node
node/7620700763,transformer,,18.7564028,79.4562981,,2026-09-30,node
node/7620700764,transformer,,18.7564358,79.4562149,,2026-09-30,node
node/7620700765,transformer,,18.7566416,79.455547,,2026-09-30,node
node/7620700766,transformer,,18.7566771,79.4554371,,2026-09-30,node
node/7620700767,transformer,,18.7567203,79.455311,,2026-09-30,node
node/7620700768,transformer,,18.7569336,79.4546699,,2026-09-30,node
node/7620700769,transformer,,18.7569692,79.4545653,,2026-09-30,node
node/7620700770,transformer,,18.7570022,79.4544688,,2026-09-30,node
node/7620700771,transformer,,18.7528319,79.4534737,,2026-09-30,node
node/7620700772,transformer,,18.7520572,79.4559199,,2026-09-30,node
node/7620700773,transformer,,18.7521283,79.4556597,,2026-09-30,node
node/7620700774,transformer,,18.7523138,79.4551125,,2026-09-30,node
node/7620700775,transformer,,18.7523899,79.4548872,,2026-09-30,node
node/7620700776,transformer,,18.7513359,79.4575078,,2026-09-30,node
node/7620700777,transformer,,18.7514197,79.4572529,,2026-09-30,node
node/7620722057,transformer,,18.8347593,79.4035739,,2026-09-30,node
node/7620722058,transformer,,18.8352036,79.4033056,,2026-09-30,node
node/7620722059,transformer,,18.8354066,79.4032037,,2026-09-30,node
node/7633582036,transformer,,18.8288392,79.5693907,,2026-09-30,node
node/7634358933,transformer,,9.3702638,76.4795061,,2026-09-30,node
node/7635489978,substation,,9.9658786,76.6542344,,2026-09-30,node
node/7641042594,transformer,,18.7493091,79.4464275,,2026-09-30,node
node/7641042595,transformer,,18.7493586,79.4462545,,2026-09-30,node
node/7647468782,transformer,,18.7574162,79.4533154,,2026-09-30,node
node/7647468783,transformer,,18.7574492,79.4531572,,2026-09-30,node
node/7647468784,transformer,,18.7574949,79.4530311,,2026-09-30,node
node/7653561608,transformer,,18.7685285,79.4509779,,2026-09-30,node
node/7653561609,transformer,,18.7685323,79.4508572,,2026-09-30,node
node/7654910169,transformer,,8.3356477,77.1526269,,2026-09-30,node
node/7661363718,transformer,,17.8694782,78.7746441,,2026-09-30,node
node/7661363719,transformer,,17.8699633,78.7746468,,2026-09-30,node
node/7661363720,transformer,,17.8702211,78.7746415,,2026-09-30,node
node/7667799664,transformer,,18.0663451,78.2794628,,2026-09-30,node
node/7667799665,transformer,,18.0664433,78.2795204,,2026-09-30,node
node/7690770210,transformer,,10.0242421,76.9314842,,2026-09-30,node
node/7690777266,transformer,,10.0325278,76.9258966,,2026-09-30,node
node/7690833115,transformer,,10.0270641,76.9167325,,2026-09-30,node
node/7690833116,transformer,,10.0224934,76.9133044,,2026-09-30,node
node/7693859290,transformer,,9.9970441,76.973885,,2026-09-30,node
node/7693859291,transformer,,9.9986127,76.9730943,,2026-09-30,node
node/7693926329,transformer,,10.0060964,76.9673043,,2026-09-30,node
node/7693926351,transformer,,9.9947994,76.9710379,,2026-09-30,node
node/7693926361,transformer,,10.0008247,76.9604628,,2026-09-30,node
node/7698092877,transformer,,10.0289212,76.87277,,2026-09-30,node
node/7698126798,transformer,,10.0281161,76.8927527,,2026-09-30,node
node/7698126799,transformer,,10.0278737,76.885835,,2026-09-30,node
node/7698316617,transformer,,10.0323867,76.8255411,,2026-09-30,node
node/7698316619,transformer,,10.0602768,76.7990149,,2026-09-30,node
node/7698316620,transformer,,10.0568675,76.8009171,,2026-09-30,node
node/7701097178,transformer,,10.0158781,76.9558227,,2026-09-30,node
node/7701097181,transformer,,10.0222099,76.9542864,,2026-09-30,node
node/7701098385,transformer,,10.0282268,76.950282,,2026-09-30,node
node/7706082089,transformer,,9.4870703,78.1392294,,2026-09-30,node
node/7706082090,transformer,,9.4869225,78.1395878,,2026-09-30,node
node/7727870686,transformer,,10.0755455,76.2140896,,2026-09-30,node
node/7727889685,transformer,,10.0773259,76.2207199,,2026-09-30,node
node/7728999592,transformer,,17.2539489,81.6609719,,2026-09-30,node
node/7728999593,transformer,,17.2540898,81.6609585,,2026-09-30,node
node/7728999594,transformer,,17.2542435,81.6609451,,2026-09-30,node
node/7729068163,transformer,,17.1914247,82.0717469,,2026-09-30,node
node/7729068164,transformer,,17.1913991,82.071594,,2026-09-30,node
node/7738146382,transformer,,10.6925338,78.6114237,,2026-09-30,node
node/7780133236,transformer,,8.5846495,76.9675412,,2026-09-30,node
node/7780151088,transformer,,8.5842274,76.9845721,,2026-09-30,node
node/7780165190,transformer,,8.5826341,76.9787204,,2026-09-30,node
node/7780538911,transformer,,8.5747186,76.9789563,,2026-09-30,node
node/7780847520,transformer,,8.5556585,76.9884696,,2026-09-30,node
node/7780877549,transformer,,8.5604773,76.9904687,,2026-09-30,node
node/7780877552,transformer,,8.5622681,76.9895397,,2026-09-30,node
node/7788360836,transformer,,17.092324,82.0542669,,2026-09-30,node
node/7788360837,transformer,,17.0924599,82.0541623,,2026-09-30,node
node/7788360838,transformer,,17.0925804,82.0540658,,2026-09-30,node
node/7788360839,transformer,,17.0927316,82.0539612,,2026-09-30,node
node/7788360840,transformer,,17.0928521,82.0538458,,2026-09-30,node
node/7788360841,transformer,,17.0929906,82.0537466,,2026-09-30,node
node/7788360842,transformer,,17.0931136,82.0536286,,2026-09-30,node
node/7788397331,transformer,,17.0431937,82.1215662,,2026-09-30,node
node/7788397332,transformer,,17.0430783,82.1214643,,2026-09-30,node
node/7788397333,transformer,,17.0429808,82.1213356,,2026-09-30,node
node/7788423401,transformer,,17.0386726,82.1556437,,2026-09-30,node
node/7788423419,transformer,,17.0387598,82.12821,,2026-09-30,node
node/7788423420,transformer,,17.038988,82.1281081,,2026-09-30,node
node/7788423421,transformer,,17.0392112,82.128092,,2026-09-30,node
node/7795199668,transformer,,16.941315,81.8058917,,2026-09-30,node
node/7795199669,transformer,,16.9412945,81.8056208,,2026-09-30,node
node/7795199670,transformer,,16.9412483,81.8053955,,2026-09-30,node
node/7795225000,transformer,,16.9640878,81.8023083,,2026-09-30,node
node/7795225001,transformer,,16.9639929,81.8022278,,2026-09-30,node
node/7795225002,transformer,,16.9638749,81.8021098,,2026-09-30,node
node/7795225012,transformer,,16.9664763,81.7895892,,2026-09-30,node
node/7795225013,transformer,,16.9664686,81.789498,,2026-09-30,node
node/7810074584,transformer,,8.9080917,76.5878789,,2026-09-30,node
node/7875766694,transformer,,9.7158397,76.3592495,,2026-09-30,node
node/7884823456,transformer,,12.0427924,75.5046438,,2026-09-30,node
node/7887241955,transformer,,14.6657162,74.8324214,,2026-09-30,node
node/7969340262,transformer,,10.6266521,76.1467024,,2026-09-30,node
node/7976440990,transformer,,8.5251426,76.9180554,,2026-09-30,node
node/8037309040,transformer,,10.2007403,76.2050672,,2026-09-30,node
node/8037309041,transformer,,10.2002309,76.2069967,,2026-09-30,node
node/8037352432,transformer,,10.2019189,76.2068556,,2026-09-30,node
node/8050062686,substation,,17.3638125,78.5026735,,2026-09-30,node
node/8107894696,transformer,,17.4585772,78.4259294,,2026-09-30,node
node/8110916082,transformer,,17.2480879,80.1719371,,2026-09-30,node
node/8123328843,transformer,,10.0373694,76.4181966,,2026-09-30,node
node/8133342283,transformer,,12.9794531,80.1841161,,2026-09-30,node
node/8163531017,transformer,,10.059043,76.2142425,,2026-09-30,node
node/8305092591,substation,,10.7994228,76.5627327,,2026-09-30,node
node/8323647852,substation,,12.1989127,75.4561064,,2026-09-30,node
node/8363912577,transformer,,11.6086674,75.6026319,,2026-09-30,node
node/8363912578,transformer,,11.6085789,75.6026685,,2026-09-30,node
node/8366799039,transformer,,9.118286,76.7795782,,2026-09-30,node
node/8386685262,substation,,17.4293327,77.9674899,,2026-09-30,node
node/8386977770,substation,,17.3310723,78.537599,,2026-09-30,node
node/8399066899,transformer,,8.7524971,76.8675236,,2026-09-30,node
node/8401321417,transformer,,10.0318078,76.8137695,,2026-09-30,node
node/8401331972,transformer,,10.0378035,76.803954,,2026-09-30,node
node/8416699044,transformer,,12.670437,77.9938075,,2026-09-30,node
node/8416699045,transformer,,12.6707013,77.9938424,,2026-09-30,node
node/8416699046,transformer,,12.6709525,77.9938799,,2026-09-30,node
node/8422816334,transformer,,9.6170009,76.5491724,,2026-09-30,node
node/8422816371,transformer,,9.6192725,76.5426922,,2026-09-30,node
node/8454224744,transformer,,9.9626955,76.2455059,,2026-09-30,node
node/8454224746,transformer,,9.967115,76.2434195,,2026-09-30,node
node/8488117346,transformer,,9.6034788,76.5116417,,2026-09-30,node
node/8533326714,transformer,,8.3896078,77.0989347,,2026-09-30,node
node/8549460145,transformer,,11.2239128,75.7921163,,2026-09-30,node
node/8554003325,transformer,,11.2265297,75.7912597,,2026-09-30,node
node/8556334472,transformer,,9.5715593,76.3308808,,2026-09-30,node
node/8556770050,transformer,,9.5709754,76.330822,,2026-09-30,node
node/8565265997,transformer,,9.2836608,76.4299494,,2026-09-30,node
node/8566333367,transformer,,9.283426,76.4385005,,2026-09-30,node
node/8569579147,transformer,,8.9515295,76.6387277,,2026-09-30,node
node/8591833406,substation,,9.1745365,76.5778078,,2026-09-30,node
node/8628103556,substation,,17.8137132,79.8100008,,2026-09-30,node
node/8629175951,transformer,,9.5884852,76.538503,,2026-09-30,node
node/8691252192,transformer,,8.9518418,76.6428222,,2026-09-30,node
node/8693907996,transformer,,8.9536163,76.6460732,,2026-09-30,node
node/8694420798,transformer,,8.9447788,76.6472088,,2026-09-30,node
node/8694435082,transformer,,8.9416726,76.6454609,,2026-09-30,node
node/8694728414,transformer,,8.9425572,76.6318891,,2026-09-30,node
node/8694942997,transformer,,8.9445949,76.6374735,,2026-09-30,node
node/8724898984,transformer,,9.5920597,76.4401618,,2026-09-30,node
node/8727149370,transformer,,9.5936476,76.4803566,,2026-09-30,node
node/8727366906,transformer,,9.5904096,76.4878584,,2026-09-30,node
node/8730361744,transformer,,9.5882197,76.4896409,,2026-09-30,node
node/8735959973,substation,,18.0971518,78.9876161,,2026-09-30,node
node/8754816066,transformer,,9.5905058,76.4924663,,2026-09-30,node
node/8754925769,transformer,,9.5938064,76.5018906,,2026-09-30,node
node/8794887759,transformer,,11.4572475,75.9827679,,2026-09-30,node
node/8797191657,transformer,,11.4736199,77.9417323,,2026-09-30,node
node/8830828782,transformer,,10.8244636,76.6440538,,2026-09-30,node
node/8835618722,transformer,,9.9469511,76.3792087,,2026-09-30,node
node/8839688773,transformer,,8.8090084,76.6645597,,2026-09-30,node
node/8839790599,transformer,,8.8923277,76.6344512,,2026-09-30,node
node/8841822783,transformer,,9.2373917,76.6543953,,2026-09-30,node
node/8842019576,transformer,,9.2152002,76.4499876,,2026-09-30,node
node/8846398346,substation,,10.4250506,76.1587351,,2026-09-30,node
node/8849897050,transformer,,9.5952605,76.5156636,,2026-09-30,node
node/8849897113,transformer,,9.5952199,76.5171708,,2026-09-30,node
node/8850051953,transformer,,9.5951487,76.5195728,,2026-09-30,node
node/8863380212,transformer,,8.5242226,76.9693586,,2026-09-30,node
node/8863882244,substation,,12.1295699,75.2164702,,2026-09-30,node
node/8867650498,transformer,,9.1470064,76.7235795,,2026-09-30,node
node/8897833671,substation,,8.494002,76.9012289,,2026-09-30,node
node/8898083617,substation,33000,10.5556155,76.0278573,,2026-09-30,node
node/8929070444,transformer,,10.8491765,76.8415719,,2026-09-30,node
node/8985552124,transformer,,9.6278435,76.540765,,2026-09-30,node
node/8997915729,transformer,,10.5612453,76.1696214,,2026-09-30,node
node/9002265243,transformer,,10.5521584,76.1754536,,2026-09-30,node
node/9002265255,transformer,11000,10.5609025,76.16986,,2026-09-30,node
node/9006512573,transformer,,10.5587204,76.1717071,,2026-09-30,node
node/9006512581,transformer,,10.5601362,76.1704256,,2026-09-30,node
node/9044919209,transformer,,9.1886523,76.5029031,,2026-09-30,node
node/9044995850,transformer,,9.1943745,76.5036974,,2026-09-30,node
node/9056329219,substation,,10.0830284,76.5558308,,2026-09-30,node
node/9062742770,substation,,13.2980013,80.1504584,,2026-09-30,node
node/9066964306,transformer,,9.1947665,76.5088946,,2026-09-30,node
node/9090120186,transformer,,11.188172,75.9673165,,2026-09-30,node
node/9090212834,transformer,,11.1895263,75.9710771,,2026-09-30,node
node/9131476260,transformer,,11.8388087,75.5337073,,2026-09-30,node
node/9131476261,transformer,,11.8368018,75.5416689,,2026-09-30,node
node/9131476262,transformer,,11.8375564,75.5453318,,2026-09-30,node
node/9131476263,transformer,,11.844464,75.5452547,,2026-09-30,node
node/9131476264,transformer,,11.8451893,75.5376839,,2026-09-30,node
node/9131476265,transformer,,11.8492415,75.5455127,,2026-09-30,node
node/9131476266,transformer,,11.8513897,75.5489086,,2026-09-30,node
node/9131476267,transformer,,11.8535316,75.5377187,,2026-09-30,node
node/9131476268,transformer,,11.8572733,75.5446526,,2026-09-30,node
node/9131476269,transformer,,11.8618973,75.5314565,,2026-09-30,node
node/9131476270,transformer,,11.86661,75.5255117,,2026-09-30,node
node/9131476271,transformer,,11.8634655,75.5392624,,2026-09-30,node
node/9131476272,transformer,,11.8726948,75.6094201,,2026-09-30,node
node/9131476273,transformer,,11.872026,75.6065099,,2026-09-30,node
node/9131476274,transformer,,11.8694765,75.6022798,,2026-09-30,node
node/9131476275,transformer,,11.8716598,75.5989754,,2026-09-30,node
node/9131476276,transformer,,11.845226,75.5883911,,2026-09-30,node
node/9131476277,transformer,,11.8474194,75.5950312,,2026-09-30,node
node/9131476278,transformer,,11.8506416,75.593382,,2026-09-30,node
node/9131476279,transformer,,11.8516225,75.5801811,,2026-09-30,node
node/9131476280,transformer,,11.8509665,75.5843984,,2026-09-30,node
node/9131476281,transformer,,11.849028,75.5762716,,2026-09-30,node
node/9131476282,transformer,,11.8609557,75.5897029,,2026-09-30,node
node/9131476283,transformer,,11.8589432,75.5859433,,2026-09-30,node
node/9131476284,transformer,,11.8611295,75.5808172,,2026-09-30,node
node/9131476285,transformer,,11.8590738,75.5722225,,2026-09-30,node
node/9131476286,transformer,,11.8821304,75.5815898,,2026-09-30,node
node/9131476287,transformer,,11.877635,75.5792788,,2026-09-30,node
node/9131476288,transformer,,11.8734726,75.5748123,,2026-09-30,node
node/9131476289,transformer,,11.8683058,75.5719569,,2026-09-30,node
node/9131476290,transformer,,11.86944,75.5757698,,2026-09-30,node
node/9131476291,transformer,,11.8692681,75.5776489,,2026-09-30,node
node/9131476292,transformer,,11.8623737,75.5678813,,2026-09-30,node
node/9131476293,transformer,,11.8744017,75.5864738,,2026-09-30,node
node/9131476294,transformer,,11.8577105,75.561142,,2026-09-30,node
node/9131476295,transformer,,11.8617189,75.5633455,,2026-09-30,node
node/9131476296,transformer,,11.8620699,75.552941,,2026-09-30,node
node/9131476297,transformer,,11.863464,75.5593815,,2026-09-30,node
node/9131476298,transformer,,11.8658553,75.5540983,,2026-09-30,node
node/9131476299,transformer,,11.8688329,75.546605,,2026-09-30,node
node/9131476300,transformer,,11.8720428,75.5510805,,2026-09-30,node
node/9131476301,transformer,,11.8704333,75.5578697,,2026-09-30,node
node/9131476302,transformer,,11.8786013,75.556763,,2026-09-30,node
node/9131476303,transformer,,11.8731023,75.5632137,,2026-09-30,node
node/9131476304,transformer,,11.8755915,75.5660531,,2026-09-30,node
node/9131476305,transformer,,11.8782418,75.5712867,,2026-09-30,node
node/9132415474,transformer,,9.8916413,76.3155417,,2026-09-30,node
node/9132415475,transformer,,9.8942943,76.315176,,2026-09-30,node
node/9132415476,transformer,,9.8963663,76.3089149,,2026-09-30,node
node/9132415477,transformer,,9.8953513,76.3103989,,2026-09-30,node
node/9132415478,transformer,,9.8929799,76.3109742,,2026-09-30,node
node/9132415479,transformer,,9.8987703,76.3116826,,2026-09-30,node
node/9132415480,transformer,,9.8848432,76.3327265,,2026-09-30,node
node/9132415481,transformer,,9.8849846,76.3293979,,2026-09-30,node
node/9132415482,transformer,,9.8886,76.3322665,,2026-09-30,node
node/9132415483,transformer,,9.8891846,76.3277806,,2026-09-30,node
node/9132415484,transformer,,9.8878344,76.3254229,,2026-09-30,node
node/9132415485,transformer,,9.8898294,76.3233147,,2026-09-30,node
node/9132415486,transformer,,9.8919776,76.3232235,,2026-09-30,node
node/9132415487,transformer,,9.8928178,76.3254175,,2026-09-30,node
node/9132415488,transformer,,9.893921,76.3309831,,2026-09-30,node
node/9132415489,transformer,,9.8947718,76.3251332,,2026-09-30,node
node/9132415490,transformer,,9.8950764,76.3248657,,2026-09-30,node
node/9132415491,transformer,,9.895548,76.3188542,,2026-09-30,node
node/9132415492,transformer,,9.8961742,76.3214961,,2026-09-30,node
node/9132415493,transformer,,9.8997202,76.3224269,,2026-09-30,node
node/9132415494,transformer,,9.8998417,76.3216142,,2026-09-30,node
node/9132415495,transformer,,9.8997664,76.3211729,,2026-09-30,node
node/9132415496,transformer,,9.9037298,76.3207733,,2026-09-30,node
node/9132415497,transformer,,9.9099258,76.3192149,,2026-09-30,node
node/9132415498,transformer,,9.9004429,76.30744,,2026-09-30,node
node/9132415499,transformer,,9.9076218,76.3060131,,2026-09-30,node
node/9132415500,transformer,,9.9096378,76.3058066,,2026-09-30,node
node/9132415501,transformer,,9.9133871,76.305828,,2026-09-30,node
node/9132415502,transformer,,9.9172737,76.3054445,,2026-09-30,node
node/9132415503,transformer,,9.8867594,76.3422094,,2026-09-30,node
node/9132415504,transformer,,9.8886529,76.3389211,,2026-09-30,node
node/9132415505,transformer,,9.8979591,76.3364937,,2026-09-30,node
node/9132415506,transformer,,9.9046675,76.3332041,,2026-09-30,node
node/9132415507,transformer,,9.9007916,76.3220554,,2026-09-30,node
node/9239960587,transformer,,9.8540077,76.5903302,,2026-09-30,node
node/9285191018,substation,,10.1834437,76.3704706,,2026-09-30,node
node/9370952008,substation,,9.4069587,76.5444796,,2026-09-30,node
node/9373568255,substation,,8.8248867,76.9454112,,2026-09-30,node
node/9392554961,substation,,9.8505363,76.6122765,,2026-09-30,node
node/9392820351,substation,,11.2466291,76.0472582,,2026-09-30,node
node/9396171349,substation,,10.1135063,76.5177895,,2026-09-30,node
node/9396543727,substation,,11.119184,76.3325428,,2026-09-30,node
node/9480490041,transformer,,10.437275,76.1323428,,2026-09-30,node
node/9484296134,substation,,11.2711759,76.0054351,,2026-09-30,node
node/9523729044,transformer,,9.1928623,76.5238115,,2026-09-30,node
node/9552425738,transformer,,9.4677222,76.6250543,,2026-09-30,node
node/9583689934,transformer,,10.7969778,76.7502541,,2026-09-30,node
node/9584906297,transformer,,10.8176835,76.8400707,,2026-09-30,node
node/9585454731,transformer,,10.8186438,76.794612,,2026-09-30,node
node/9585454742,transformer,,10.8175176,76.7865493,,2026-09-30,node
node/9585861239,transformer,,11.873831,75.3958932,,2026-09-30,node
node/9585934234,transformer,,10.7785119,76.7175668,,2026-09-30,node
node/9585993150,transformer,,10.8057271,76.792896,,2026-09-30,node
node/9587442128,transformer,,10.7756537,76.7168195,,2026-09-30,node
node/9587500167,transformer,,10.7903262,76.7474618,,2026-09-30,node
node/9588144417,transformer,,10.8142454,76.7690197,,2026-09-30,node
node/9588144508,transformer,,10.8016591,76.7513476,,2026-09-30,node
node/9604815530,transformer,,10.8026729,76.7823395,,2026-09-30,node
node/9604890866,transformer,,10.8182019,76.7240303,,2026-09-30,node
node/9604890867,transformer,,10.8152176,76.7269412,,2026-09-30,node
node/9604890868,transformer,,10.8080739,76.7299037,,2026-09-30,node
node/9604890869,transformer,,10.8000527,76.7288884,,2026-09-30,node
node/9604890870,transformer,,10.8018587,76.7296797,,2026-09-30,node
node/9604890871,transformer,,10.7977341,76.7298071,,2026-09-30,node
node/9604890873,transformer,,10.7910115,76.7218302,,2026-09-30,node
node/9604890874,transformer,,10.7905689,76.7216371,,2026-09-30,node
node/9605093112,transformer,,10.8054775,76.7465696,,2026-09-30,node
node/9605126594,transformer,,10.7851863,76.7170743,,2026-09-30,node
node/9605126595,transformer,,10.7828706,76.7149597,,2026-09-30,node
node/9605126596,transformer,,10.7852031,76.7134423,,2026-09-30,node
node/9605126597,transformer,,10.7890513,76.7074496,,2026-09-30,node
node/9605126598,transformer,,10.7884304,76.7135888,,2026-09-30,node
node/9605126599,transformer,,10.7895466,76.7121273,,2026-09-30,node
node/9605126601,transformer,,10.7902909,76.7148484,,2026-09-30,node
node/9605234029,transformer,,10.8139003,76.8233827,,2026-09-30,node
node/9605234051,transformer,,10.817922,76.824186,,2026-09-30,node
node/9605234086,transformer,,10.8238193,76.826537,,2026-09-30,node
node/9605385590,transformer,,10.8151096,76.7859498,,2026-09-30,node
node/9605385672,transformer,,10.8257768,76.8161944,,2026-09-30,node
node/9606299074,transformer,,10.7969358,76.763096,,2026-09-30,node
node/9606299093,transformer,,10.7981932,76.7595458,,2026-09-30,node
node/9607919523,transformer,,10.799724,76.7612976,,2026-09-30,node
node/9607919527,transformer,,10.7998537,76.7584424,,2026-09-30,node
node/9607919561,transformer,,10.7994677,76.7515129,,2026-09-30,node
node/9607962124,transformer,,10.7909905,76.737208,,2026-09-30,node
node/9608056408,transformer,,10.7970866,76.7647818,,2026-09-30,node
node/9608056409,transformer,,10.7969305,76.7628117,,2026-09-30,node
node/9608103642,transformer,,10.7879486,76.7518884,,2026-09-30,node
node/9608134705,transformer,,10.7892212,76.7476881,,2026-09-30,node
node/9608141467,transformer,,10.8118875,76.7970809,,2026-09-30,node
node/9608153125,transformer,,10.7930416,76.7475352,,2026-09-30,node
node/9608430392,transformer,,10.7894972,76.7138408,,2026-09-30,node
node/9608472344,transformer,,10.7743685,76.7872024,,2026-09-30,node
node/9608529940,transformer,,10.8165797,76.7776805,,2026-09-30,node
node/9608529941,transformer,,10.8171988,76.7778951,,2026-09-30,node
node/9608529942,transformer,,10.8160844,76.7542997,,2026-09-30,node
node/9608529943,transformer,,10.8092186,76.7567646,,2026-09-30,node
node/9608529944,transformer,,10.8075496,76.7653102,,2026-09-30,node
node/9609398226,transformer,,10.7986102,76.7403509,,2026-09-30,node
node/9609463325,transformer,,10.7971077,76.7372744,,2026-09-30,node
node/9609541173,transformer,,10.7954946,76.7362954,,2026-09-30,node
node/9609541174,transformer,,10.7961414,76.7375895,,2026-09-30,node
node/9609541175,transformer,,10.7968047,76.7405205,,2026-09-30,node
node/9609541176,transformer,,10.7973469,76.7429684,,2026-09-30,node
node/9609541177,transformer,,10.7981346,76.7452607,,2026-09-30,node
node/9609541178,transformer,,10.800192,76.7453881,,2026-09-30,node
node/9609541179,transformer,,10.8026742,76.7556743,,2026-09-30,node
node/9609541180,transformer,,10.8018179,76.7510006,,2026-09-30,node
node/9610612011,transformer,,10.7927637,76.7347896,,2026-09-30,node
node/9612394310,substation,,17.1551653,82.2803109,,2026-09-30,node
node/9634829394,transformer,,10.770536,76.7182548,,2026-09-30,node
node/9634829395,transformer,,10.7704609,76.7145634,,2026-09-30,node
node/9634829396,transformer,,10.7754291,76.7238379,,2026-09-30,node
node/9634829397,transformer,,10.7711223,76.7247726,,2026-09-30,node
node/9634829398,transformer,,10.7687771,76.7287476,,2026-09-30,node
node/9634829403,transformer,,10.7730827,76.7333932,,2026-09-30,node
node/9634839917,transformer,,10.7767577,76.7337017,,2026-09-30,node
node/9634839918,transformer,,10.7844232,76.7274776,,2026-09-30,node
node/9634839919,transformer,,10.7916597,76.725816,,2026-09-30,node
node/9634839920,transformer,,10.7905926,76.7336435,,2026-09-30,node
node/9634839921,transformer,,10.7927136,76.7358273,,2026-09-30,node
node/9634839922,transformer,,10.793867,76.7360258,,2026-09-30,node
node/9634839923,transformer,,10.7961309,76.7405467,,2026-09-30,node
node/9634839924,transformer,,10.7969845,76.741008,,2026-09-30,node
node/9634839925,transformer,,10.797389,76.7472321,,2026-09-30,node
node/9634839926,transformer,,10.7926583,76.7442669,,2026-09-30,node
node/9637943988,transformer,,10.7940929,76.7208794,,2026-09-30,node
node/9637943989,transformer,,10.7946805,76.7239693,,2026-09-30,node
node/9637943990,transformer,,10.7944012,76.7247337,,2026-09-30,node
node/9637943991,transformer,,10.7945948,76.7291567,,2026-09-30,node
node/9659096017,transformer,,10.8317359,76.8483353,,2026-09-30,node
node/9659096018,transformer,,10.8337064,76.849274,,2026-09-30,node
node/9659096019,transformer,,10.8367669,76.8478082,,2026-09-30,node
node/9659096020,transformer,,10.835509,76.8386465,,2026-09-30,node
node/9659096021,transformer,,10.8356835,76.8376279,,2026-09-30,node
node/9659096022,transformer,,10.8400105,76.8411469,,2026-09-30,node
node/9659096023,transformer,,10.8526656,76.8418457,,2026-09-30,node
node/9659096024,transformer,,10.8512616,76.8357503,,2026-09-30,node
node/9659096025,transformer,,10.8234828,76.8431868,,2026-09-30,node
node/9659096026,transformer,,10.7761523,76.7215714,,2026-09-30,node
node/9659096027,transformer,,10.7689827,76.7395905,,2026-09-30,node
node/9659096028,transformer,,10.7671184,76.7332705,,2026-09-30,node
node/9659096029,transformer,,10.781542,76.7083253,,2026-09-30,node
node/9659096038,transformer,,10.7791074,76.7120844,,2026-09-30,node
node/9659096039,transformer,,10.7796232,76.7133001,,2026-09-30,node
node/9659096040,transformer,,10.7798181,76.7134936,,2026-09-30,node
node/9659096041,transformer,,10.7809399,76.7120871,,2026-09-30,node
node/9713003716,transformer,,9.4904495,76.4859312,,2026-09-30,node
node/9718875574,transformer,,9.7885836,76.8605515,,2026-09-30,node
node/9798012403,transformer,,12.9312991,77.6973043,,2026-09-30,node
node/9811397076,transformer,,13.0048335,77.5537227,,2026-09-30,node
node/9844475392,transformer,,12.9381506,77.697323,,2026-09-30,node
node/9844475393,transformer,,12.9382842,77.6973706,,2026-09-30,node
node/9847585936,transformer,,9.3302932,76.7971771,,2026-09-30,node
node/9871933340,substation,,13.2299097,77.548713,,2026-09-30,node
node/9903316511,substation,,12.2665031,75.18924,,2026-09-30,node
node/9905166204,transformer,,12.9786659,80.1857084,,2026-09-30,node
node/9913901030,substation,,18.6743545,77.7874385,,2026-09-30,node
node/9917000640,substation,,17.4513194,78.3924432,,2026-09-30,node
node/9918867476,substation,,18.308513,83.8909503,,2026-09-30,node
node/9924510457,substation,,18.6852005,77.8281332,,2026-09-30,node
node/9924595969,substation,,18.0427197,79.3260616,,2026-09-30,node
node/9929991500,transformer,,12.9825583,77.5978625,,2026-09-30,node
node/9930197209,transformer,,12.9657324,77.6116477,,2026-09-30,node
node/9936581273,transformer,,13.0066602,77.5518479,,2026-09-30,node
node/9936582861,transformer,,13.0050099,77.5498509,,2026-09-30,node
node/9936582873,transformer,,13.0020253,77.5516621,,2026-09-30,node
node/9936631188,transformer,,12.9880306,77.5508145,,2026-09-30,node
node/9936668823,transformer,,12.987485,77.5506422,,2026-09-30,node
node/9936668839,transformer,,12.9807628,77.5507763,,2026-09-30,node
node/9936668848,transformer,,12.9840984,77.5519203,,2026-09-30,node
node/9936668876,transformer,,12.9844741,77.5520376,,2026-09-30,node
node/9948706203,transformer,,9.6550111,76.3498123,,2026-09-30,node
node/9948706208,transformer,,9.6552362,76.337197,,2026-09-30,node
node/9953960422,transformer,,12.9992171,77.5497608,,2026-09-30,node
node/9959375128,substation,,8.7389532,77.6671107,,2026-09-30,node
node/9967147519,transformer,,13.0035418,77.5536629,,2026-09-30,node
node/9974304453,substation,33000,10.7908905,76.6485097,,2026-09-30,node
node/9980504689,transformer,,9.6860553,76.2910835,,2026-09-30,node
node/9981910274,transformer,,12.9736936,77.6094647,,2026-09-30,node
node/9981910306,transformer,,12.9737678,77.6069713,,2026-09-30,node
node/9981919765,transformer,,12.9655383,77.6363187,,2026-09-30,node
node/9981919771,transformer,,12.9637224,77.6396419,,2026-09-30,node
node/9981998135,transformer,,12.9753249,77.604151,,2026-09-30,node
node/9981998136,transformer,,12.9754478,77.6041838,,2026-09-30,node
node/9996923727,transformer,,12.9861729,77.5964715,,2026-09-30,node
node/9996923728,transformer,,12.9867072,77.5961487,,2026-09-30,node
node/9998676692,transformer,,9.6706719,76.3482104,,2026-09-30,node
node/9998678507,transformer,,9.6718625,76.3338316,,2026-09-30,node
way/1000290072,substation,11000,16.3447625,78.2028538,,2026-09-30,representative_point
way/1001654353,substation,230000,10.7913593,77.7662227,,2026-09-30,representative_point
way/1001669089,substation,,11.6027302,79.5096071,,2026-09-30,representative_point
way/1001939628,substation,,10.7795751,76.2859789,,2026-09-30,representative_point
way/1001940633,substation,,10.779453,76.2856158,,2026-09-30,representative_point
way/1001941025,substation,,10.7796937,76.2854594,,2026-09-30,representative_point
way/1001946428,substation,,17.3378322,76.5925085,,2026-09-30,representative_point
way/1001946451,substation,,11.6239714,79.4839958,,2026-09-30,representative_point
way/1002022320,substation,,13.6897453,80.0107011,,2026-09-30,representative_point
way/1002141380,substation,110000,11.2443011,77.4116863,,2026-09-30,representative_point
way/1002796653,substation,,9.9435945,76.639315,,2026-09-30,representative_point
way/1005058810,substation,,8.9630391,77.898489,,2026-09-30,representative_point
way/1006061538,substation,,12.456173,78.3479381,,2026-09-30,representative_point
way/1006634153,substation,,10.7600377,76.269423,,2026-09-30,representative_point
way/1009321026,substation,,8.8268886,76.6804848,,2026-09-30,representative_point
way/1011035031,substation,220000,8.8553262,78.0302311,,2026-09-30,representative_point
way/1011238358,substation,110000,9.3283408,77.5976878,,2026-09-30,representative_point
way/1013443902,substation,66000;11000,13.0149686,77.555418,,2026-09-30,representative_point
way/1017110267,substation,,9.9592698,76.3472311,,2026-09-30,representative_point
way/1017112393,substation,,9.9717481,76.3367292,,2026-09-30,representative_point
way/1021318650,substation,110000,10.7790119,79.1319465,,2026-09-30,representative_point
way/1021334136,substation,220000,13.0714512,80.1946525,,2026-09-30,representative_point
way/102565511,substation,400000;230000;110000,13.1776175,80.2703455,,2026-09-30,representative_point
way/1028679246,substation,110000,10.9110459,76.5445768,,2026-09-30,representative_point
way/1028735309,substation,,11.271177,76.005243,,2026-09-30,representative_point
way/1030360646,substation,110000;22000,11.9869959,79.4834575,,2026-09-30,representative_point
way/1031641425,substation,220000;66000,11.9310413,76.6798359,,2026-09-30,representative_point
way/1032070522,substation,,11.5704322,76.0877949,,2026-09-30,representative_point
way/1032969696,substation,,8.5034953,77.3120034,,2026-09-30,representative_point
way/1033249808,substation,220000;110000,10.0979749,76.3565273,,2026-09-30,representative_point
way/1034307789,substation,,13.9457296,78.5736823,,2026-09-30,representative_point
way/1035851890,substation,,17.1974174,78.491113,,2026-09-30,representative_point
way/1036169312,substation,110000,11.5749834,76.6536632,,2026-09-30,representative_point
way/1036182691,substation,110000,9.9464397,76.3002422,,2026-09-30,representative_point
way/1036344786,substation,,10.1383171,76.6598698,,2026-09-30,representative_point
way/1036344788,substation,,10.2069028,76.7135999,,2026-09-30,representative_point
way/1036344789,substation,,10.2075522,76.7134309,,2026-09-30,representative_point
way/1036837624,substation,400000;220000,17.4382569,80.8053982,,2026-09-30,representative_point
way/1036837628,substation,220000,17.5427415,80.7777098,,2026-09-30,representative_point
way/1036837645,substation,220000,17.8007134,80.8197067,,2026-09-30,representative_point
way/1036837655,substation,,18.0294011,80.7316267,,2026-09-30,representative_point
way/1036837656,substation,400000,18.0284906,80.7312512,,2026-09-30,representative_point
way/1038611016,substation,,10.9255256,75.9160491,,2026-09-30,representative_point
way/1038777621,substation,66000,9.4642905,76.5516859,,2026-09-30,representative_point
way/1038777907,substation,110000,9.4503222,76.5644263,,2026-09-30,representative_point
way/1044294376,substation,25000,12.9784559,74.8667805,,2026-09-30,representative_point
way/1045532471,substation,110000,12.928897,80.1013774,,2026-09-30,representative_point
way/1046569109,substation,,12.6824194,77.2311026,,2026-09-30,representative_point
way/1049276206,substation,110000,11.8676231,75.3978454,,2026-09-30,representative_point
way/1049860887,substation,230000;110000,9.9712516,78.0441086,,2026-09-30,representative_point
way/1053137173,substation,,11.8686795,75.4028029,,2026-09-30,representative_point
way/1053243959,substation,,12.8359219,79.9513266,,2026-09-30,representative_point
way/1054498522,substation,,13.0681824,74.804544,,2026-09-30,representative_point
way/1056121292,substation,220000,10.7632436,79.6229022,,2026-09-30,representative_point
way/1060953964,substation,220000;66000,12.9304759,77.6963766,,2026-09-30,representative_point
way/1062032380,substation,,10.7995777,76.7516678,,2026-09-30,representative_point
way/1064408561,substation,,12.9816308,77.5192155,,2026-09-30,representative_point
way/1064882695,substation,220000;66000,12.9382758,77.6977191,,2026-09-30,representative_point
way/1066036368,substation,400000;220000;110000,12.8531526,80.1918764,,2026-09-30,representative_point
way/1070977173,substation,,12.9677604,77.7217215,,2026-09-30,representative_point
way/1073971280,substation,,13.0685472,77.5880087,,2026-09-30,representative_point
way/1074489047,substation,765000,13.2465919,80.3215337,,2026-09-30,representative_point
way/1074823800,substation,33000,10.333053,76.1253189,,2026-09-30,representative_point
way/1075712954,substation,,10.0096067,76.3408261,,2026-09-30,representative_point
way/1077602945,substation,,10.0266406,76.3348512,,2026-09-30,representative_point
way/1077941017,substation,33000,11.7474253,75.524653,,2026-09-30,representative_point
way/1079087281,substation,66000;11000,12.8752199,77.612046,,2026-09-30,representative_point
way/1082816324,substation,220000,17.4228019,78.5267587,,2026-09-30,representative_point
way/1086584369,substation,,10.0734201,76.3046986,,2026-09-30,representative_point
way/1087820270,substation,66000,13.0346721,77.4998889,,2026-09-30,representative_point
way/1089628759,substation,110000,11.7739938,75.5974948,,2026-09-30,representative_point
way/1089718003,substation,,12.9752418,77.6042056,,2026-09-30,representative_point
way/1091138293,substation,,12.8364488,80.2308245,,2026-09-30,representative_point
way/1094027228,substation,,12.2672156,75.1088138,,2026-09-30,representative_point
way/1095166958,substation,,15.7934584,78.1011756,,2026-09-30,representative_point
way/1095324616,substation,,9.1575973,76.5066741,,2026-09-30,representative_point
way/1095805649,substation,,9.1859961,76.500048,,2026-09-30,representative_point
way/1095915227,substation,,13.0316814,80.2439982,,2026-09-30,representative_point
way/1097058965,substation,66000;11000,12.9701336,77.5918011,,2026-09-30,representative_point
way/1097058966,substation,66000,12.9644116,77.5730987,,2026-09-30,representative_point
way/1097058968,substation,66000,12.966608,77.545664,,2026-09-30,representative_point
way/1097058973,substation,66000,12.9820686,77.4522473,,2026-09-30,representative_point
way/1097058974,substation,66000,12.9790539,77.5034671,,2026-09-30,representative_point
way/1097223361,substation,66000;11000,12.9530943,77.5735254,,2026-09-30,representative_point
way/1097223362,substation,66000;11000,12.9321677,77.5834895,,2026-09-30,representative_point
way/1097223363,substation,66000;11000,12.9453203,77.5308758,,2026-09-30,representative_point
way/1097223364,substation,220000;66000,12.9716793,77.6045548,,2026-09-30,representative_point
way/1097263270,substation,66000;11000,12.9981049,77.623794,,2026-09-30,representative_point
way/1097263271,substation,66000;11000,12.9290011,77.6098077,,2026-09-30,representative_point
way/1097273235,substation,66000;11000,12.9158501,77.5436097,,2026-09-30,representative_point
way/1097273236,substation,66000;11000,12.9348706,77.5391836,,2026-09-30,representative_point
way/1097273237,substation,66000;11000,12.9143863,77.528361,,2026-09-30,representative_point
way/1097273238,substation,220000;66000,12.9361789,77.5202442,,2026-09-30,representative_point
way/1097355603,substation,220000;66000,13.0530421,77.6154757,,2026-09-30,representative_point
way/1097355608,substation,66000;11000,12.9304759,77.6963766,,2026-09-30,representative_point
way/1097355609,substation,220000;66000,12.96844,77.6620834,,2026-09-30,representative_point
way/1097355610,substation,66000;11000,12.9412661,77.59123,,2026-09-30,representative_point
way/1097355611,substation,220000;66000,12.8741557,77.6573298,,2026-09-30,representative_point
way/1097355612,substation,66000;11000,12.9018578,77.6485786,,2026-09-30,representative_point
way/1097355613,substation,66000;11000,13.0277948,77.525804,,2026-09-30,representative_point
way/1097586861,substation,110000,11.2708399,78.2278731,,2026-09-30,representative_point
way/1098363276,substation,,11.9334649,75.583777,,2026-09-30,representative_point
way/1098457064,substation,,11.0200585,75.9476286,,2026-09-30,representative_point
way/1099316588,substation,132000,14.1767734,79.9412244,,2026-09-30,representative_point
way/110018684,substation,,17.4506162,78.3736808,,2026-09-30,representative_point
way/1103855119,substation,150000,11.8289613,75.6152882,,2026-09-30,representative_point
way/1103973200,substation,,13.0938953,80.2915144,,2026-09-30,representative_point
way/1105137007,substation,,11.326193,76.0747986,,2026-09-30,representative_point
way/1105894455,substation,220000,17.6592763,83.2062872,,2026-09-30,representative_point
way/1106494052,substation,132000,17.7050804,83.2903469,,2026-09-30,representative_point
way/1107039354,substation,,12.9258211,77.6408516,,2026-09-30,representative_point
way/1107044269,substation,,13.0462864,77.6468457,,2026-09-30,representative_point
way/1107140388,substation,,12.9710866,77.3978586,,2026-09-30,representative_point
way/1110808755,substation,,13.1942717,77.7047811,,2026-09-30,representative_point
way/1111103821,substation,,16.3841053,78.1447296,,2026-09-30,representative_point
way/1111948391,substation,,11.9080394,75.5843828,,2026-09-30,representative_point
way/1116254830,substation,400000;230000,13.1008218,80.2665776,,2026-09-30,representative_point
way/1116926301,substation,,13.0103608,77.5542869,,2026-09-30,representative_point
way/1117538123,substation,66000;11000,12.8739468,77.7297601,,2026-09-30,representative_point
way/1117538124,substation,400000;220000;66000,12.8440005,77.6237297,,2026-09-30,representative_point
way/1119629918,substation,220000;66000,12.6431439,77.4267858,,2026-09-30,representative_point
way/1122111818,substation,110000,13.0853976,80.2861667,,2026-09-30,representative_point
way/1122657591,substation,110000,16.0572045,74.9315599,,2026-09-30,representative_point
way/1122801763,substation,,13.0313147,79.2099873,,2026-09-30,representative_point
way/1124141611,substation,132000,18.4180479,78.2110399,,2026-09-30,representative_point
way/1128124757,substation,,13.0561415,77.4868244,,2026-09-30,representative_point
way/1128434723,substation,,13.0184547,80.238616,,2026-09-30,representative_point
way/1130776603,substation,220000,14.9535102,78.0571519,,2026-09-30,representative_point
way/1130776605,substation,220000,14.9817207,78.0509573,,2026-09-30,representative_point
way/1130776607,substation,400000;220000,14.9741236,78.0518907,,2026-09-30,representative_point
way/1130776610,substation,,14.8885527,78.1806555,,2026-09-30,representative_point
way/1130776612,substation,220000,14.908584,78.137936,,2026-09-30,representative_point
way/1130776614,substation,220000,14.9215069,78.2789585,,2026-09-30,representative_point
way/1130776618,substation,220000,14.0153637,78.4317505,,2026-09-30,representative_point
way/1134097093,substation,,12.7195382,77.1111327,,2026-09-30,representative_point
way/1134097094,substation,,12.6503175,77.2826332,,2026-09-30,representative_point
way/1134097095,substation,,12.7762336,77.2396697,,2026-09-30,representative_point
way/1134097096,substation,,12.8054353,77.2297856,,2026-09-30,representative_point
way/1134097097,substation,,12.8069878,77.1908532,,2026-09-30,representative_point
way/1134097098,substation,,12.9380531,78.277199,,2026-09-30,representative_point
way/1134097099,substation,,12.4562544,77.1835953,,2026-09-30,representative_point
way/1134097100,substation,,12.3802849,77.0656908,,2026-09-30,representative_point
way/1134097101,substation,,12.3041584,76.9525109,,2026-09-30,representative_point
way/1134097102,substation,,12.2996715,76.6575973,,2026-09-30,representative_point
way/1134097103,substation,,12.3448346,76.6492982,,2026-09-30,representative_point
way/1134097105,substation,,12.4181703,76.6921663,,2026-09-30,representative_point
way/1134097106,substation,,12.5675698,76.8354446,,2026-09-30,representative_point
way/1134097107,substation,,12.5164729,76.7288831,,2026-09-30,representative_point
way/1134097108,substation,,12.6741451,76.754647,,2026-09-30,representative_point
way/1134097109,substation,,13.1608045,76.5681315,,2026-09-30,representative_point
way/1134097110,substation,,13.1612659,76.6737137,,2026-09-30,representative_point
way/1134097111,substation,,13.1032024,76.756475,,2026-09-30,representative_point
way/1134097112,substation,,13.0219285,77.0211554,,2026-09-30,representative_point
way/1134097113,substation,,13.2171578,77.1253508,,2026-09-30,representative_point
way/1134097114,substation,,13.3311952,77.084831,,2026-09-30,representative_point
way/1134097115,substation,,13.3405128,77.1158699,,2026-09-30,representative_point
way/1134097116,substation,,13.3669933,77.3058262,,2026-09-30,representative_point
way/1134097117,substation,,13.2579756,77.6194544,,2026-09-30,representative_point
way/1134097118,substation,,13.2579654,77.7213675,,2026-09-30,representative_point
way/1134097119,substation,,13.1997472,77.9151276,,2026-09-30,representative_point
way/1134097120,substation,,13.2070353,78.1013641,,2026-09-30,representative_point
way/1134097121,substation,,12.9830484,77.8199816,,2026-09-30,representative_point
way/1134097122,substation,,12.9300433,77.8776491,,2026-09-30,representative_point
way/1134097123,substation,,13.0248566,77.7595702,,2026-09-30,representative_point
way/1134097124,substation,,13.2028964,77.4349236,,2026-09-30,representative_point
way/1134097125,substation,,13.1761734,77.5446635,,2026-09-30,representative_point
way/1134097126,substation,66000;11000,13.15336,77.6312935,,2026-09-30,representative_point
way/1134097127,substation,,13.0664488,77.2550145,,2026-09-30,representative_point
way/1134097128,substation,,12.9622051,77.3394763,,2026-09-30,representative_point
way/1136394921,substation,,13.0111758,80.2119949,,2026-09-30,representative_point
way/1148743377,substation,,11.718091,79.7683033,,2026-09-30,representative_point
way/114930109,substation,,12.0991937,76.5556466,,2026-09-30,representative_point
way/1149662494,substation,,9.7525113,77.111083,,2026-09-30,representative_point
way/1155146981,substation,66000,9.5825292,76.5396036,,2026-09-30,representative_point
way/1159891044,substation,33000;11000,12.9228117,79.3325996,,2026-09-30,representative_point
way/1161964593,substation,,18.5029929,79.419044,,2026-09-30,representative_point
way/1162009332,substation,,17.8720851,79.1119522,,2026-09-30,representative_point
way/1163659199,substation,110000,10.6492628,77.2738275,,2026-09-30,representative_point
way/1163837060,substation,66000;11000,12.7277679,77.6271643,,2026-09-30,representative_point
way/1167515761,substation,11000,12.1054161,75.236793,,2026-09-30,representative_point
way/1167812742,substation,110000,10.3743725,79.8316578,,2026-09-30,representative_point
way/1167812747,substation,220000;110000,10.7830715,79.6151425,,2026-09-30,representative_point
way/1167812756,substation,,10.8604655,78.6812952,,2026-09-30,representative_point
way/1174006324,substation,,13.010856,77.3853028,,2026-09-30,representative_point
way/1174522542,substation,110000,12.145316,75.1775659,,2026-09-30,representative_point
way/1176898230,substation,,13.0962824,80.2792068,,2026-09-30,representative_point
way/1182510990,substation,220000;66000,12.9314562,77.7229525,,2026-09-30,representative_point
way/1182706893,substation,400000,8.7551984,78.156245,,2026-09-30,representative_point
way/1182706895,substation,400000;230000;110000,8.8949031,78.0468589,,2026-09-30,representative_point
way/1182706896,substation,230000,8.915262,77.83228,,2026-09-30,representative_point
way/1182706901,substation,,8.8938617,77.8569075,,2026-09-30,representative_point
way/1182706904,substation,400000,8.4363248,78.0576729,,2026-09-30,representative_point
way/1182741672,substation,400000,16.927808,81.8123449,,2026-09-30,representative_point
way/1183866841,substation,11000,10.805072,76.7410345,,2026-09-30,representative_point
way/1183866842,substation,11000,10.8053522,76.741727,,2026-09-30,representative_point
way/1183870434,substation,11000,10.809325,76.7412687,,2026-09-30,representative_point
way/1183873725,substation,11000,10.8079103,76.7405526,,2026-09-30,representative_point
way/1186655038,substation,,12.9281573,77.6818422,,2026-09-30,representative_point
way/1186655039,substation,,12.9244191,77.6796444,,2026-09-30,representative_point
way/1186655041,substation,,12.9186014,77.6869217,,2026-09-30,representative_point
way/1187741529,substation,,12.9809435,77.562395,,2026-09-30,representative_point
way/1187884327,substation,,13.141989,77.6656154,,2026-09-30,representative_point
way/1188946019,substation,110000,13.0746919,80.2734411,,2026-09-30,representative_point
way/1190032730,substation,66000,12.9885397,77.7490371,,2026-09-30,representative_point
way/1190136202,substation,220000,12.9848394,77.7359138,,2026-09-30,representative_point
way/1190967947,substation,400000;220000,9.7442413,76.5556733,,2026-09-30,representative_point
way/1191335808,substation,400000;220000,17.1080174,76.802541,,2026-09-30,representative_point
way/1191337181,substation,220000;66000,12.3240237,76.256799,,2026-09-30,representative_point
way/1191522574,substation,400000;220000,14.5207209,76.4321992,,2026-09-30,representative_point
way/1191538469,substation,400000;220000,17.3894742,81.1212363,,2026-09-30,representative_point
way/1192037629,substation,400000;220000,17.1515412,81.5212032,,2026-09-30,representative_point
way/1192240709,substation,220000;110000,12.9783042,74.8669437,,2026-09-30,representative_point
way/1192244298,substation,220000;110000,13.5069699,74.8359974,,2026-09-30,representative_point
way/1192260314,substation,220000;66000,14.0204186,76.007073,,2026-09-30,representative_point
way/1192261064,substation,220000;66000,13.828989,76.2395753,,2026-09-30,representative_point
way/1192263215,substation,220000,16.6168848,75.8916481,,2026-09-30,representative_point
way/1192331588,substation,220000,12.1353455,77.2033907,,2026-09-30,representative_point
way/1192332984,substation,220000,15.3960141,75.5462732,,2026-09-30,representative_point
way/1192334223,substation,220000,17.1114671,77.2395887,,2026-09-30,representative_point
way/1192344207,substation,220000;66000,13.0438151,78.2945509,,2026-09-30,representative_point
way/1192350441,substation,220000;110000,16.971067,76.3024258,,2026-09-30,representative_point
way/1192555185,substation,110000,12.9476096,74.9218808,,2026-09-30,representative_point
way/1192556805,substation,110000,13.3326556,74.7882393,,2026-09-30,representative_point
way/1192557349,substation,110000,12.7661847,75.1031124,,2026-09-30,representative_point
way/1192562499,substation,110000,13.7227442,75.4661052,,2026-09-30,representative_point
way/1192562842,substation,110000,13.8489554,75.5164385,,2026-09-30,representative_point
way/1192563739,substation,220000;110000,16.364751,74.772785,,2026-09-30,representative_point
way/1192565046,substation,220000;110000,16.1065539,74.527946,,2026-09-30,representative_point
way/1192565360,substation,220000;110000,15.5423162,76.451571,,2026-09-30,representative_point
way/1192569102,substation,220000;110000,15.3079844,76.2133999,,2026-09-30,representative_point
way/1192569310,substation,220000;110000,16.1359397,76.9269371,,2026-09-30,representative_point
way/1192570733,substation,220000;110000,13.2801019,76.2347024,,2026-09-30,representative_point
way/1192576671,substation,110000,14.1005291,74.5028544,,2026-09-30,representative_point
way/1192577009,substation,110000,14.6929477,74.3190046,,2026-09-30,representative_point
way/1192577098,substation,110000,14.7734726,74.1566201,,2026-09-30,representative_point
way/1192681874,substation,110000,14.8138923,74.8369314,,2026-09-30,representative_point
way/1192815107,substation,220000,14.2349609,76.4370903,,2026-09-30,representative_point
way/1192908569,substation,110000,16.0364553,75.0557824,,2026-09-30,representative_point
way/1192909197,substation,110000,15.9642732,75.0276743,,2026-09-30,representative_point
way/1192912007,substation,110000,16.017028,75.1249614,,2026-09-30,representative_point
way/1193518139,substation,230000;110000,12.5264135,78.473773,,2026-09-30,representative_point
way/1193775800,substation,220000,14.9760601,76.0750328,,2026-09-30,representative_point
way/1193791524,substation,220000,16.7931964,75.8747206,,2026-09-30,representative_point
way/1193924201,substation,220000,14.6424638,76.3262454,,2026-09-30,representative_point
way/1194235011,substation,220000,13.5630814,77.51152,,2026-09-30,representative_point
way/1194602063,substation,220000,12.5091621,76.8193478,,2026-09-30,representative_point
way/1194653228,substation,220000,16.8118036,75.9794766,,2026-09-30,representative_point
way/1194654402,substation,110000,17.9174556,77.3723617,,2026-09-30,representative_point
way/1195585403,substation,,13.0008171,77.6267406,,2026-09-30,representative_point
way/1197004098,substation,230000;110000,11.0379841,78.496717,,2026-09-30,representative_point
way/1197005497,substation,230000;110000,10.9260812,79.3499791,,2026-09-30,representative_point
way/1197016882,substation,230000;110000,10.7563865,78.798639,,2026-09-30,representative_point
way/1197021315,substation,230000;110000,10.6813687,78.4352355,,2026-09-30,representative_point
way/1197664957,substation,230000;110000,12.4123187,79.8111794,,2026-09-30,representative_point
way/1198019812,substation,230000;110000,11.0644704,79.0974794,,2026-09-30,representative_point
way/1198021317,substation,230000;110000,11.2157029,77.1582271,,2026-09-30,representative_point
way/1198535268,substation,230000;110000,12.5772383,78.1486207,,2026-09-30,representative_point
way/1198547815,substation,110000,11.3404878,77.378908,,2026-09-30,representative_point
way/1198555727,substation,400000;230000,10.5124711,79.0972331,,2026-09-30,representative_point
way/1198858423,substation,110000,12.0642454,78.9715671,,2026-09-30,representative_point
way/1198936552,substation,110000,8.9831592,77.2475695,,2026-09-30,representative_point
way/1199229309,substation,110000,8.7199036,77.3732259,,2026-09-30,representative_point
way/1199229609,substation,110000,8.689141,77.3046117,,2026-09-30,representative_point
way/1199316502,substation,110000,13.1182586,80.1201787,,2026-09-30,representative_point
way/1199316547,substation,110000,13.2060736,80.3164718,,2026-09-30,representative_point
way/1199316899,substation,110000,10.8397936,78.1155581,,2026-09-30,representative_point
way/1199316967,substation,110000,12.9741895,79.2418221,,2026-09-30,representative_point
way/1199317160,substation,110000,11.2311238,78.180024,,2026-09-30,representative_point
way/1199317304,substation,110000,12.1097487,79.1555808,,2026-09-30,representative_point
way/1199332995,substation,110000,9.81526,77.3210441,,2026-09-30,representative_point
way/1199333491,substation,110000,9.8978409,77.2998833,,2026-09-30,representative_point
way/1199391501,substation,230000,8.8853654,77.6760789,,2026-09-30,representative_point
way/1199471611,substation,110000,9.6427038,77.8461723,,2026-09-30,representative_point
way/1199493529,substation,110000,9.6295319,77.7946443,,2026-09-30,representative_point
way/1199694670,substation,230000,12.9567318,79.9675291,,2026-09-30,representative_point
way/1200050908,substation,,17.4638421,78.3903638,,2026-09-30,representative_point
way/1200735055,substation,110000,8.686994,77.5134712,,2026-09-30,representative_point
way/1200769413,substation,110000,8.6893882,77.7136035,,2026-09-30,representative_point
way/1200772253,substation,110000,9.0663139,77.3444293,,2026-09-30,representative_point
way/1200777606,substation,110000,9.1399798,77.8058085,,2026-09-30,representative_point
way/1200802806,substation,110000,9.256708,77.4050367,,2026-09-30,representative_point
way/1200811041,substation,110000,9.1835633,77.8743493,,2026-09-30,representative_point
way/1200821679,substation,110000,9.2539839,78.7875355,,2026-09-30,representative_point
way/1200822063,substation,110000,9.2261933,78.6919913,,2026-09-30,representative_point
way/1200895353,substation,110000,8.2805242,77.1823333,,2026-09-30,representative_point
way/1200990449,substation,110000,8.6593249,77.9524863,,2026-09-30,representative_point
way/1201026520,substation,110000,8.1101439,77.4340082,,2026-09-30,representative_point
way/1201032998,substation,110000,8.2480137,77.2428018,,2026-09-30,representative_point
way/1201040251,substation,110000,10.0588562,77.5093764,,2026-09-30,representative_point
way/1201053769,substation,110000,9.4530581,78.5670781,,2026-09-30,representative_point
way/1201068470,substation,110000,9.8258636,78.3639274,,2026-09-30,representative_point
way/1201106556,substation,110000,9.3479428,77.5507687,,2026-09-30,representative_point
way/1201108697,substation,110000,10.1352298,77.6842991,,2026-09-30,representative_point
way/1201126891,substation,110000,10.1220384,77.6658376,,2026-09-30,representative_point
way/1201128632,substation,110000,10.1435828,77.7088945,,2026-09-30,representative_point
way/1201228617,substation,110000,8.8923182,78.134408,,2026-09-30,representative_point
way/1201228618,substation,110000,8.8863849,78.1330777,,2026-09-30,representative_point
way/1201229513,substation,110000,8.768988,77.9477067,,2026-09-30,representative_point
way/1201235593,substation,110000,9.9520527,77.8751623,,2026-09-30,representative_point
way/1201236301,substation,110000,10.1376138,77.9384382,,2026-09-30,representative_point
way/1201239148,substation,110000,10.6851697,78.4410651,,2026-09-30,representative_point
way/1201352167,substation,110000,10.2723753,77.9415113,,2026-09-30,representative_point
way/1201356242,substation,110000,10.5064727,78.055151,,2026-09-30,representative_point
way/1201411192,substation,110000,10.4619242,77.395241,,2026-09-30,representative_point
way/1201485345,substation,110000,11.1704933,77.4450801,,2026-09-30,representative_point
way/1201586978,substation,110000,11.1564354,78.3051327,,2026-09-30,representative_point
way/1201618624,substation,110000,11.0724909,78.6824353,,2026-09-30,representative_point
way/1201624492,substation,110000,10.7648882,78.9751916,,2026-09-30,representative_point
way/1201627122,substation,110000,10.6679299,79.0748402,,2026-09-30,representative_point
way/1201648259,substation,110000,10.5787089,78.6689327,,2026-09-30,representative_point
way/1201657684,substation,110000,10.4360288,79.0325939,,2026-09-30,representative_point
way/1201658483,substation,110000,10.5100265,79.2024473,,2026-09-30,representative_point
way/1201662855,substation,110000,10.7666833,79.4305904,,2026-09-30,representative_point
way/1201692612,substation,110000,10.9205011,79.8387874,,2026-09-30,representative_point
way/1201696835,substation,110000,10.8087815,79.6162261,,2026-09-30,representative_point
way/1201697289,substation,110000,11.0271196,79.6974332,,2026-09-30,representative_point
way/1201699753,substation,110000,11.0976394,79.6273458,,2026-09-30,representative_point
way/1201701224,substation,110000,11.1445717,79.7628729,,2026-09-30,representative_point
way/1201735909,substation,110000;11000,10.7748203,78.8158983,,2026-09-30,representative_point
way/1201737620,substation,110000,10.8498738,78.9644527,,2026-09-30,representative_point
way/1201738883,substation,110000,10.7434401,79.0244159,,2026-09-30,representative_point
way/1201742532,substation,110000,11.0932269,79.5331419,,2026-09-30,representative_point
way/1201821823,substation,110000,9.982382,78.0322178,,2026-09-30,representative_point
way/1201836584,substation,110000,10.0706832,77.9787543,,2026-09-30,representative_point
way/1201856852,substation,110000,11.2776754,79.0954844,,2026-09-30,representative_point
way/1201857313,substation,110000,11.181244,78.7493964,,2026-09-30,representative_point
way/1201862060,substation,110000,11.417066,78.7548839,,2026-09-30,representative_point
way/1201892040,substation,110000,11.5505558,79.0406596,,2026-09-30,representative_point
way/1201895133,substation,110000,11.5764582,78.4761267,,2026-09-30,representative_point
way/1201931688,substation,110000;22000,11.4645033,78.5826364,,2026-09-30,representative_point
way/1201934851,substation,110000,11.4958385,78.6914705,,2026-09-30,representative_point
way/1201938024,substation,110000,10.9137283,79.2680536,,2026-09-30,representative_point
way/1202676115,substation,110000,9.3587773,78.83599,,2026-09-30,representative_point
way/1202678669,substation,110000,9.4780834,78.5611496,,2026-09-30,representative_point
way/1202687585,substation,110000,11.3644687,76.6044015,,2026-09-30,representative_point
way/1202696878,substation,110000,11.7631461,79.4164022,,2026-09-30,representative_point
way/1202703770,substation,110000,12.1917898,79.4219736,,2026-09-30,representative_point
way/1202708975,substation,110000,12.7303568,80.1992472,,2026-09-30,representative_point
way/1202740434,substation,110000,11.7071503,79.6842161,,2026-09-30,representative_point
way/1202753773,substation,110000,12.9902349,79.6032158,,2026-09-30,representative_point
way/1202754436,substation,110000,12.9625939,79.8192317,,2026-09-30,representative_point
way/1202759750,substation,110000,12.6747687,77.7614805,,2026-09-30,representative_point
way/1202766751,substation,110000,12.5472901,78.3356284,,2026-09-30,representative_point
way/1202786164,substation,230000;110000,12.584565,77.9333633,,2026-09-30,representative_point
way/1202815609,substation,110000,11.5471413,77.0068752,,2026-09-30,representative_point
way/1203025131,substation,110000;22000,11.5354632,77.51467,,2026-09-30,representative_point
way/1203026334,substation,110000,11.2343461,77.478032,,2026-09-30,representative_point
way/1203028179,substation,110000,11.6774232,77.8356353,,2026-09-30,representative_point
way/1203037103,substation,110000,11.8587771,77.7500586,,2026-09-30,representative_point
way/1203039736,substation,110000,11.9315466,78.040299,,2026-09-30,representative_point
way/1203051599,substation,110000,12.2730704,78.5278617,,2026-09-30,representative_point
way/1203079423,substation,110000,12.9465406,78.786779,,2026-09-30,representative_point
way/1203080238,substation,110000,12.1986737,79.2540519,,2026-09-30,representative_point
way/1203080704,substation,110000,12.922376,78.8130419,,2026-09-30,representative_point
way/1203093950,substation,110000,13.0928491,79.8566967,,2026-09-30,representative_point
way/1203094343,substation,110000,13.1184348,80.0274255,,2026-09-30,representative_point
way/1203135846,substation,110000,11.1952831,78.0420725,,2026-09-30,representative_point
way/1205169158,substation,110000,12.6694925,77.9916524,,2026-09-30,representative_point
way/1205250421,substation,110000,11.4005767,77.1870663,,2026-09-30,representative_point
way/1206014676,substation,765000;400000,9.4550835,78.0000087,,2026-09-30,representative_point
way/1207167077,substation,400000;220000,17.2889454,78.2296377,,2026-09-30,representative_point
way/1207177082,substation,220000,17.3180234,78.2394807,,2026-09-30,representative_point
way/1207477934,substation,765000;400000,17.8195558,79.4229704,,2026-09-30,representative_point
way/1211111132,substation,132000,16.9902156,82.005672,,2026-09-30,representative_point
way/1212112579,substation,,12.9267577,77.6904136,,2026-09-30,representative_point
way/1212362568,substation,,12.9391185,77.6886151,,2026-09-30,representative_point
way/1212362570,substation,,12.9406116,77.6903565,,2026-09-30,representative_point
way/1212362571,substation,,12.93707,77.697283,,2026-09-30,representative_point
way/1212413561,substation,400000;220000;66000,12.994671,75.8497129,,2026-09-30,representative_point
way/1213402960,substation,66000,12.1867611,76.6430336,,2026-09-30,representative_point
way/1217243748,substation,220000,12.9666681,77.5122203,,2026-09-30,representative_point
way/1217710861,substation,,12.8965304,77.5400066,,2026-09-30,representative_point
way/1217878201,substation,,16.733896,74.8159353,,2026-09-30,representative_point
way/1217945474,substation,,12.8946601,77.5405974,,2026-09-30,representative_point
way/1218725301,substation,400000,16.5764542,78.2735864,,2026-09-30,representative_point
way/1219331320,substation,,9.9465793,76.3004215,,2026-09-30,representative_point
way/1219333092,substation,,11.1378755,77.1841636,,2026-09-30,representative_point
way/1219580454,substation,,11.1461789,77.2595947,,2026-09-30,representative_point
way/1219721184,substation,400000,16.3238862,78.2943276,,2026-09-30,representative_point
way/1220092530,substation,,12.8875903,77.6107076,,2026-09-30,representative_point
way/1222160794,substation,400000;230000,10.8452291,77.6587387,,2026-09-30,representative_point
way/1222663084,substation,,11.1875262,77.0712012,,2026-09-30,representative_point
way/1222747601,substation,,13.0460138,76.0999436,,2026-09-30,representative_point
way/122451728,substation,220000,14.236032,74.7647411,,2026-09-30,representative_point
way/1225890122,substation,,11.2099927,77.3238603,,2026-09-30,representative_point
way/1228284518,substation,,18.8092739,78.5123539,,2026-09-30,representative_point
way/1228839224,substation,,11.0649565,77.3214519,,2026-09-30,representative_point
way/1228839225,substation,,11.083672,77.3409671,,2026-09-30,representative_point
way/1228839680,substation,110000,11.0862021,77.3416298,,2026-09-30,representative_point
way/1229248533,substation,,11.0787832,77.3677582,,2026-09-30,representative_point
way/1229248534,substation,,11.1054179,77.343791,,2026-09-30,representative_point
way/1229248535,substation,110000;11000,11.1501737,77.3219642,,2026-09-30,representative_point
way/1229850358,substation,,11.0741368,77.1409821,,2026-09-30,representative_point
way/123288475,substation,,15.357642,75.1330352,,2026-09-30,representative_point
way/1234104590,substation,,12.9670354,77.6947103,,2026-09-30,representative_point
way/1234105093,substation,,17.8860092,83.1885167,,2026-09-30,representative_point
way/1236544659,substation,110000,11.0296584,79.8171085,,2026-09-30,representative_point
way/1236553076,substation,110000,11.5649352,79.5879011,,2026-09-30,representative_point
way/1236556810,substation,110000,11.6462721,79.6147414,,2026-09-30,representative_point
way/1236580419,substation,110000,11.1431865,79.6337083,,2026-09-30,representative_point
way/1236758521,substation,230000;110000,11.7027521,78.1065181,,2026-09-30,representative_point
way/1236764351,substation,110000,12.5186336,77.7903573,,2026-09-30,representative_point
way/1236768104,substation,110000,12.2948284,78.4083929,,2026-09-30,representative_point
way/1236768341,substation,110000,12.2993176,78.4050196,,2026-09-30,representative_point
way/1236772167,substation,110000,12.4181816,78.5513906,,2026-09-30,representative_point
way/1236775025,substation,110000,11.6897801,78.2671992,,2026-09-30,representative_point
way/1236776600,substation,110000,11.6431925,78.1673085,,2026-09-30,representative_point
way/1236835165,substation,,11.2011922,77.1992634,,2026-09-30,representative_point
way/1236843260,substation,110000,12.507366,79.1259848,,2026-09-30,representative_point
way/1236847308,substation,110000,10.2363372,77.5147673,,2026-09-30,representative_point
way/1236849739,substation,110000,10.952799,76.9551544,,2026-09-30,representative_point
way/1236877945,substation,110000,11.5959798,77.6771099,,2026-09-30,representative_point
way/1238665547,substation,,12.9416161,77.7189146,,2026-09-30,representative_point
way/1239294302,substation,,13.1018909,80.2840414,,2026-09-30,representative_point
way/1239808107,substation,,13.1947886,77.6414052,,2026-09-30,representative_point
way/1240542738,substation,,13.1826476,77.719755,,2026-09-30,representative_point
way/1240776929,substation,,12.9409508,77.6068023,,2026-09-30,representative_point
way/1241438493,substation,,11.2073579,77.1360265,,2026-09-30,representative_point
way/1241555389,substation,,12.9858662,77.4810707,,2026-09-30,representative_point
way/1242448544,substation,,13.1919531,77.6872226,,2026-09-30,representative_point
way/1244069297,substation,220000,16.727797,78.4887641,,2026-09-30,representative_point
way/1244069300,substation,220000,15.9733202,78.3016486,,2026-09-30,representative_point
way/1244090959,substation,110000,16.6031255,77.0186019,,2026-09-30,representative_point
way/1244090960,substation,110000,16.5615033,77.0698699,,2026-09-30,representative_point
way/1244090961,substation,110000,16.5496211,77.0811463,,2026-09-30,representative_point
way/1244090962,substation,110000,16.5528591,77.0972529,,2026-09-30,representative_point
way/1244090966,substation,110000,16.7708324,77.1043211,,2026-09-30,representative_point
way/1244090967,substation,110000,16.7096279,77.020399,,2026-09-30,representative_point
way/1244098783,substation,110000,17.054667,76.9761715,,2026-09-30,representative_point
way/1244107049,substation,220000,17.1057852,77.1341983,,2026-09-30,representative_point
way/1244107050,substation,220000,17.0415862,77.2262237,,2026-09-30,representative_point
way/1245425679,substation,,12.4027737,76.7634495,,2026-09-30,representative_point
way/1245759287,substation,,12.9513834,77.7474634,,2026-09-30,representative_point
way/1245812583,substation,,16.5107586,80.6132635,,2026-09-30,representative_point
way/1247547673,substation,66000;11000,12.8848678,77.471036,,2026-09-30,representative_point
way/1253158064,substation,,13.0631933,77.6617809,,2026-09-30,representative_point
way/1256756134,substation,,12.9894875,77.7261142,,2026-09-30,representative_point
way/1256844690,substation,230000,9.1763339,77.9914329,,2026-09-30,representative_point
way/1257496964,substation,,16.9905333,80.5180713,,2026-09-30,representative_point
way/1257688678,substation,,12.8951286,77.4574235,,2026-09-30,representative_point
way/1259583808,substation,66000;11000,12.9110097,77.7300081,,2026-09-30,representative_point
way/1261409313,substation,400000;220000,12.2802292,75.2349675,,2026-09-30,representative_point
way/1261422278,substation,,12.8732048,77.6214166,,2026-09-30,representative_point
way/1262252845,substation,,17.9103031,83.1835671,,2026-09-30,representative_point
way/1262419250,substation,33000;11000,17.7804018,78.2967185,,2026-09-30,representative_point
way/1265780823,substation,,12.7966523,77.4285829,,2026-09-30,representative_point
way/1266241981,substation,,15.17007,76.7481335,,2026-09-30,representative_point
way/1266289705,substation,,14.5922297,76.6708148,,2026-09-30,representative_point
way/1266289810,substation,220000;66000,14.4472395,76.6687729,,2026-09-30,representative_point
way/1266290067,substation,,14.1908055,76.6676529,,2026-09-30,representative_point
way/126688582,substation,500000;400000,13.1757413,78.1168364,,2026-09-30,representative_point
way/126688615,substation,,13.1264586,78.1604652,,2026-09-30,representative_point
way/126688628,substation,,13.1768881,78.1536636,,2026-09-30,representative_point
way/126688646,substation,,13.1275862,78.1187538,,2026-09-30,representative_point
way/126705930,substation,400000;220000;66000,12.9974419,77.7109267,,2026-09-30,representative_point
way/126710747,substation,,12.8216196,77.5844336,,2026-09-30,representative_point
way/1267672101,substation,66000;11000,13.1252675,77.6155503,,2026-09-30,representative_point
way/1267710988,substation,,12.9957059,77.6895256,,2026-09-30,representative_point
way/1267728593,substation,,12.9964037,77.7026785,,2026-09-30,representative_point
way/1268301221,substation,110000,11.0457385,76.8846288,,2026-09-30,representative_point
way/1268301897,substation,110000,11.0781074,76.8659982,,2026-09-30,representative_point
way/1268945171,substation,,12.9848869,77.6925698,,2026-09-30,representative_point
way/1268971577,substation,,14.6830731,79.5410287,,2026-09-30,representative_point
way/1269054840,substation,33000;11000,14.1298689,79.9317492,,2026-09-30,representative_point
way/1270075540,substation,33000;11000,14.4326854,80.1423352,,2026-09-30,representative_point
way/1270308237,substation,132000;33000,14.6846914,80.0653286,,2026-09-30,representative_point
way/1270596257,substation,,12.8874999,79.7977523,,2026-09-30,representative_point
way/1270623498,substation,,12.8887002,77.5802927,,2026-09-30,representative_point
way/1270788364,substation,,12.8888362,77.5882038,,2026-09-30,representative_point
way/1271365338,substation,400000,15.5870413,79.6973475,,2026-09-30,representative_point
way/1273253797,substation,,12.8950238,77.7126313,,2026-09-30,representative_point
way/1274389151,substation,66000;11000,12.9639872,77.7222438,,2026-09-30,representative_point
way/1274639276,substation,,12.8357282,77.7997629,,2026-09-30,representative_point
way/1276054374,substation,110000;25000,15.6756842,75.6095785,,2026-09-30,representative_point
way/1278497909,substation,,13.2151036,77.7574458,,2026-09-30,representative_point
way/1279609576,substation,,13.0697271,77.6072288,,2026-09-30,representative_point
way/1280619034,substation,400000;220000,13.0263746,77.5259614,,2026-09-30,representative_point
way/1280770069,substation,,12.8467177,77.5169991,,2026-09-30,representative_point
way/1281206626,substation,,13.0534526,77.4988514,,2026-09-30,representative_point
way/1281342437,substation,,12.9689556,77.7067361,,2026-09-30,representative_point
way/1284287050,substation,,18.5259032,83.2114861,,2026-09-30,representative_point
way/1286010915,substation,,12.834616,77.6461101,,2026-09-30,representative_point
way/1286468292,substation,,12.9165866,77.5047309,,2026-09-30,representative_point
way/1286756038,substation,,12.9431832,77.4783204,,2026-09-30,representative_point
way/1286829054,substation,220000,17.2235131,78.1924009,,2026-09-30,representative_point
way/1286972602,substation,,13.1856057,77.6368535,,2026-09-30,representative_point
way/1289130567,substation,110000,9.8560884,76.2688813,,2026-09-30,representative_point
way/1289206191,substation,110000,9.7752162,76.3597182,,2026-09-30,representative_point
way/1289480635,substation,66000,9.4380497,76.4213518,,2026-09-30,representative_point
way/1289507843,substation,,9.5425514,76.5144392,,2026-09-30,representative_point
way/1289552204,substation,110000;25000,9.4255907,76.3412792,,2026-09-30,representative_point
way/1289559016,substation,33000,9.3535407,76.5398479,,2026-09-30,representative_point
way/1289566189,substation,,10.5270237,76.1696337,,2026-09-30,representative_point
way/1290101618,substation,110000,9.8303394,76.3165709,,2026-09-30,representative_point
way/1290115190,substation,110000,9.9443108,76.2843519,,2026-09-30,representative_point
way/1290130595,substation,110000,9.6427435,76.342872,,2026-09-30,representative_point
way/1290296082,substation,,9.5009674,76.329079,,2026-09-30,representative_point
way/1292622967,substation,,14.5405155,79.6674328,,2026-09-30,representative_point
way/1295221769,substation,220000;132000,15.209169,79.9369679,,2026-09-30,representative_point
way/1295401580,substation,,9.6340816,76.3322027,,2026-09-30,representative_point
way/1298279416,substation,,12.946518,77.7649736,,2026-09-30,representative_point
way/1299917513,substation,220000;33000,12.9159568,77.6244067,,2026-09-30,representative_point
way/1300432109,substation,400000;220000,15.367811,75.9890318,,2026-09-30,representative_point
way/1300443171,substation,220000,16.2534564,76.3431191,,2026-09-30,representative_point
way/1300458238,substation,220000;110000,16.7871698,77.2026159,,2026-09-30,representative_point
way/1300682937,substation,220000;110000,16.3498847,74.4280052,,2026-09-30,representative_point
way/1301655804,substation,220000;110000,15.0134507,75.2227837,,2026-09-30,representative_point
way/1301660251,substation,110000,15.6696259,75.5801265,,2026-09-30,representative_point
way/1301660797,substation,110000,15.637311,75.742019,,2026-09-30,representative_point
way/1301660987,substation,110000,15.7885863,75.7589303,,2026-09-30,representative_point
way/1301679554,substation,110000,16.2562137,76.1609014,,2026-09-30,representative_point
way/1301680771,substation,110000,16.3072263,76.2062555,,2026-09-30,representative_point
way/1301684502,substation,110000,16.4613527,75.9494996,,2026-09-30,representative_point
way/1301687076,substation,110000,16.2634616,75.550303,,2026-09-30,representative_point
way/1301688680,substation,220000,16.364728,75.6429271,,2026-09-30,representative_point
way/1301690449,substation,110000,16.9942638,75.9012509,,2026-09-30,representative_point
way/1301696841,substation,110000,17.3928189,75.8379726,,2026-09-30,representative_point
way/1301697896,substation,110000,17.1250973,75.6855716,,2026-09-30,representative_point
way/1301712418,substation,110000,16.6253541,75.556563,,2026-09-30,representative_point
way/1301713761,substation,110000,16.9325639,75.566925,,2026-09-30,representative_point
way/1301720884,substation,110000,15.520715,76.5468727,,2026-09-30,representative_point
way/1301722588,substation,220000;110000,17.3594156,76.6090431,,2026-09-30,representative_point
way/1301722915,substation,220000;66000,13.3565552,78.2446363,,2026-09-30,representative_point
way/1301732979,substation,110000,15.4707448,76.4571239,,2026-09-30,representative_point
way/1301869879,substation,110000,16.960464,76.5797976,,2026-09-30,representative_point
way/1301923884,substation,110000,17.0237095,75.8275041,,2026-09-30,representative_point
way/1301924367,substation,110000,16.8327072,75.0029433,,2026-09-30,representative_point
way/1301938780,substation,110000,16.3556165,75.6658407,,2026-09-30,representative_point
way/1301941708,substation,220000,16.1296406,75.2775864,,2026-09-30,representative_point
way/1301947262,substation,,16.299777,75.1780743,,2026-09-30,representative_point
way/1301957491,substation,110000,16.9756274,75.601332,,2026-09-30,representative_point
way/1301958569,substation,110000,16.9208122,75.5057073,,2026-09-30,representative_point
way/1301965587,substation,110000,15.9925227,76.9261237,,2026-09-30,representative_point
way/1301995223,substation,110000,16.255502,76.829009,,2026-09-30,representative_point
way/1302220848,substation,110000,16.133542,76.9451603,,2026-09-30,representative_point
way/1302235860,substation,110000,16.1604279,76.5519883,,2026-09-30,representative_point
way/1302236344,substation,110000,16.2365509,76.3333309,,2026-09-30,representative_point
way/1302238996,substation,110000,15.9588797,76.1047341,,2026-09-30,representative_point
way/1302249106,substation,110000,16.9642115,76.1345658,,2026-09-30,representative_point
way/1303900307,substation,110000,17.4637215,76.741098,,2026-09-30,representative_point
way/1303901060,substation,110000,17.335846,76.522978,,2026-09-30,representative_point
way/1304005082,substation,110000,17.2017944,76.7820042,,2026-09-30,representative_point
way/1304016982,substation,110000,17.7969196,77.023718,,2026-09-30,representative_point
way/1304075182,substation,110000,18.1855912,77.4158959,,2026-09-30,representative_point
way/1304082530,substation,110000,18.051253,76.9925675,,2026-09-30,representative_point
way/1304228309,substation,110000,17.9803745,77.4336267,,2026-09-30,representative_point
way/1304229293,substation,110000,18.2604479,77.4109482,,2026-09-30,representative_point
way/1304239596,substation,110000,17.5100663,76.9935158,,2026-09-30,representative_point
way/1304241345,substation,110000,17.3906301,76.4354515,,2026-09-30,representative_point
way/1304426535,substation,110000,15.6532557,75.9929502,,2026-09-30,representative_point
way/1304575332,substation,110000,18.0848483,77.1300353,,2026-09-30,representative_point
way/1304607697,substation,110000,17.281378,75.9726284,,2026-09-30,representative_point
way/1304615892,substation,110000,17.1911839,76.135429,,2026-09-30,representative_point
way/1304764364,substation,110000,17.2324794,76.5516597,,2026-09-30,representative_point
way/1304781547,substation,11000,17.6753213,77.20688,,2026-09-30,representative_point
way/1304781791,substation,110000,17.6902808,77.3146094,,2026-09-30,representative_point
way/1304781792,substation,110000,17.7103635,77.3257797,,2026-09-30,representative_point
way/1304782188,substation,110000,17.7319256,77.2170921,,2026-09-30,representative_point
way/1304785220,substation,110000,16.6184596,76.3675398,,2026-09-30,representative_point
way/1304787042,substation,110000,16.4822854,76.2891111,,2026-09-30,representative_point
way/1304787453,substation,110000,16.5141564,76.3096222,,2026-09-30,representative_point
way/1304799496,substation,110000,16.4618664,77.1448814,,2026-09-30,representative_point
way/1304811958,substation,110000,16.8078021,77.371465,,2026-09-30,representative_point
way/1304816209,substation,110000,16.8271077,76.9319133,,2026-09-30,representative_point
way/1304964266,substation,110000,16.8221762,75.6453072,,2026-09-30,representative_point
way/1304966674,substation,220000,16.5542513,75.956455,,2026-09-30,representative_point
way/1304986276,substation,220000,16.174807,80.3463882,,2026-09-30,representative_point
way/1305006799,substation,400000,15.039758,76.7093282,,2026-09-30,representative_point
way/1305011346,substation,110000,17.2241929,76.5634342,,2026-09-30,representative_point
way/1305015231,substation,110000,16.5788004,75.7099154,,2026-09-30,representative_point
way/1305023028,substation,110000,16.5257722,75.0430717,,2026-09-30,representative_point
way/1305028014,substation,110000,17.977348,77.1587173,,2026-09-30,representative_point
way/1305177343,substation,110000,16.5143612,75.6968125,,2026-09-30,representative_point
way/1305179034,substation,110000,16.5204825,75.5170421,,2026-09-30,representative_point
way/1305182279,substation,110000,16.1610689,75.2703598,,2026-09-30,representative_point
way/1305184531,substation,110000,16.2371385,75.17569,,2026-09-30,representative_point
way/1305185649,substation,110000,16.2056562,75.1423009,,2026-09-30,representative_point
way/1305186828,substation,110000,16.3227024,75.0918785,,2026-09-30,representative_point
way/1305187844,substation,110000,16.3329412,74.9503848,,2026-09-30,representative_point
way/1305188671,substation,110000,16.3136352,74.9185103,,2026-09-30,representative_point
way/1305191371,substation,110000,15.0671055,75.8824161,,2026-09-30,representative_point
way/1305198488,substation,110000,16.0634014,75.0779087,,2026-09-30,representative_point
way/1305198489,substation,110000,16.092888,75.0407478,,2026-09-30,representative_point
way/1305207340,substation,110000,15.9100221,75.0643728,,2026-09-30,representative_point
way/1305212750,substation,110000,15.7185541,74.9681947,,2026-09-30,representative_point
way/1305244258,substation,110000,16.5260823,74.7203575,,2026-09-30,representative_point
way/1305244598,substation,110000,16.6226126,74.7262457,,2026-09-30,representative_point
way/1305536684,substation,220000,16.5644832,74.8526145,,2026-09-30,representative_point
way/1305540854,substation,110000,16.1802162,74.7912285,,2026-09-30,representative_point
way/1305544664,substation,110000,16.5564114,75.2323529,,2026-09-30,representative_point
way/1305549741,substation,110000,16.8576487,75.2957597,,2026-09-30,representative_point
way/1305580230,substation,220000,16.8368922,75.3137427,,2026-09-30,representative_point
way/1305675070,substation,110000;11000,16.5862388,75.2279024,,2026-09-30,representative_point
way/1305676025,substation,110000,16.5717978,75.2090883,,2026-09-30,representative_point
way/1305685046,substation,110000,16.3703604,74.7760373,,2026-09-30,representative_point
way/1305689650,substation,110000,17.6879491,77.3436505,,2026-09-30,representative_point
way/1305704952,substation,110000,14.9894887,75.3167425,,2026-09-30,representative_point
way/1305707020,substation,110000,14.9600684,75.4058757,,2026-09-30,representative_point
way/1305711576,substation,110000,14.6676979,75.5735294,,2026-09-30,representative_point
way/1305715385,substation,110000,14.6860169,75.4918904,,2026-09-30,representative_point
way/1306111741,substation,110000,16.4286972,74.3602669,,2026-09-30,representative_point
way/1306115449,substation,110000,16.4415778,74.4706126,,2026-09-30,representative_point
way/1306118639,substation,110000,16.421925,74.874732,,2026-09-30,representative_point
way/1306124442,substation,220000,15.8942805,76.2398134,,2026-09-30,representative_point
way/1306143990,substation,110000,16.5974762,76.8967216,,2026-09-30,representative_point
way/1306145289,substation,110000,16.9453099,77.0119525,,2026-09-30,representative_point
way/1306145568,substation,110000,16.9393316,77.0125123,,2026-09-30,representative_point
way/1306333058,substation,110000,16.8777253,76.9890873,,2026-09-30,representative_point
way/1306338035,substation,110000,17.1225171,76.5617098,,2026-09-30,representative_point
way/1306547515,substation,110000,16.420863,75.0231162,,2026-09-30,representative_point
way/1307945724,substation,,13.1319962,80.1686873,,2026-09-30,representative_point
way/130871139,substation,66000;11000,12.933154,77.6128049,,2026-09-30,representative_point
way/1309419746,substation,33000,13.1262823,79.5035497,,2026-09-30,representative_point
way/1310881846,substation,,10.5174136,76.2197082,,2026-09-30,representative_point
way/1311055250,substation,,10.5175271,76.2197428,,2026-09-30,representative_point
way/1312161078,substation,220000,15.4071446,75.776223,,2026-09-30,representative_point
way/1312162810,substation,220000,15.472869,75.5474165,,2026-09-30,representative_point
way/1312168995,substation,220000,15.5305667,75.9027407,,2026-09-30,representative_point
way/1312201088,substation,220000,15.8159831,75.7872122,,2026-09-30,representative_point
way/1312204128,substation,400000,15.7869921,75.8563687,,2026-09-30,representative_point
way/1312732815,substation,220000,15.6339416,75.7888745,,2026-09-30,representative_point
way/1312761342,substation,110000,16.735691,75.4267644,,2026-09-30,representative_point
way/1312763241,substation,110000,16.5562845,75.3417189,,2026-09-30,representative_point
way/1312766459,substation,110000,16.6922474,75.2262502,,2026-09-30,representative_point
way/1312771884,substation,110000,16.4676635,75.1838057,,2026-09-30,representative_point
way/1312775490,substation,110000,16.5214517,75.1561206,,2026-09-30,representative_point
way/1312788993,substation,110000,15.3651463,75.7518379,,2026-09-30,representative_point
way/1312790076,substation,110000,15.3174899,75.8807161,,2026-09-30,representative_point
way/1312801129,substation,110000,15.087535,75.6301565,,2026-09-30,representative_point
way/1312802148,substation,110000,14.8407853,75.5234759,,2026-09-30,representative_point
way/1312804931,substation,110000,14.7025695,75.7229787,,2026-09-30,representative_point
way/1312948925,substation,110000,16.7998159,75.4131354,,2026-09-30,representative_point
way/1312976933,substation,110000,16.8561199,76.5415781,,2026-09-30,representative_point
way/1312980452,substation,110000,16.092944,77.1750635,,2026-09-30,representative_point
way/1312981033,substation,110000,16.1321287,77.1273875,,2026-09-30,representative_point
way/1312982102,substation,110000,16.0799884,77.418073,,2026-09-30,representative_point
way/1313167905,substation,132000,16.1306251,77.5624352,,2026-09-30,representative_point
way/1313171469,substation,110000,16.395944,77.094543,,2026-09-30,representative_point
way/1313175784,substation,110000,16.6964486,76.6155144,,2026-09-30,representative_point
way/1313178266,substation,110000,16.6521071,76.4921861,,2026-09-30,representative_point
way/1313234809,substation,110000,14.6366964,75.4657322,,2026-09-30,representative_point
way/1313299813,substation,220000,14.850967,76.433622,,2026-09-30,representative_point
way/1313430826,substation,,8.5011939,76.8985651,,2026-09-30,representative_point
way/1313444740,substation,110000,15.5549779,76.7485274,,2026-09-30,representative_point
way/1313725204,substation,110000,8.4178154,77.0795852,,2026-09-30,representative_point
way/131425319,substation,230000;110000,12.9748561,80.2408915,,2026-09-30,representative_point
way/1314773932,substation,230000,9.0151164,77.7751161,,2026-09-30,representative_point
way/1314774742,substation,230000,9.0769769,78.0896398,,2026-09-30,representative_point
way/1315859205,substation,110000,15.4132032,74.7445506,,2026-09-30,representative_point
way/1318191782,substation,,16.4502015,80.5756954,,2026-09-30,representative_point
way/1318810245,substation,,17.7844882,83.1986836,,2026-09-30,representative_point
way/1319666165,substation,400000;220000,16.5369649,80.5314843,,2026-09-30,representative_point
way/1319809588,substation,33000,18.0429452,79.326071,,2026-09-30,representative_point
way/1320078193,substation,,11.2564466,75.8337223,,2026-09-30,representative_point
way/1320691208,substation,220000,13.1022884,80.2683992,,2026-09-30,representative_point
way/1320696033,substation,220000,13.0882534,80.2320176,,2026-09-30,representative_point
way/1321771009,substation,220000,14.8145513,77.245948,,2026-09-30,representative_point
way/1321794843,substation,220000,14.5896798,77.1776293,,2026-09-30,representative_point
way/1322442723,substation,230000;33000,12.9829506,80.2547607,,2026-09-30,representative_point
way/1322478214,substation,220000;11000,18.9132109,78.3466527,,2026-09-30,representative_point
way/1322506402,substation,220000,19.4216977,78.7266423,,2026-09-30,representative_point
way/1322825249,substation,220000,18.8184775,78.578661,,2026-09-30,representative_point
way/1322827154,substation,220000,18.7362061,78.8793283,,2026-09-30,representative_point
way/1323786413,substation,220000;132000,14.6410602,79.6599977,,2026-09-30,representative_point
way/1324089988,substation,220000,16.8691182,78.6805659,,2026-09-30,representative_point
way/1324096061,substation,220000,16.1014621,78.9001043,,2026-09-30,representative_point
way/1324631390,substation,,16.1838828,81.1165757,,2026-09-30,representative_point
way/1324641021,substation,220000,16.6675848,75.9685138,,2026-09-30,representative_point
way/1324654929,substation,220000,16.5646419,81.3844804,,2026-09-30,representative_point
way/1324716056,substation,,16.2457952,81.1470832,,2026-09-30,representative_point
way/1324939178,substation,220000;132000,16.7628945,81.6333091,,2026-09-30,representative_point
way/1324984983,substation,220000,17.7642686,83.3133511,,2026-09-30,representative_point
way/1326428909,substation,220000,15.3720578,77.3009681,,2026-09-30,representative_point
way/1326429877,substation,220000,15.3747508,77.6502146,,2026-09-30,representative_point
way/1327170628,substation,220000,17.5841323,80.0187151,,2026-09-30,representative_point
way/1327217691,substation,220000;132000;66000,8.3952788,76.9848943,,2026-09-30,representative_point
way/1327438479,substation,110000,11.1676142,75.9896758,,2026-09-30,representative_point
way/1327482910,substation,400000,16.1182261,78.3736599,,2026-09-30,representative_point
way/1327484845,substation,220000;132000,16.1155118,78.3821129,,2026-09-30,representative_point
way/1327485674,substation,220000;132000,16.127935,78.3534838,,2026-09-30,representative_point
way/1327505682,substation,230000;33000,13.0395462,80.239532,,2026-09-30,representative_point
way/1327512840,substation,400000,17.2095175,78.9898587,,2026-09-30,representative_point
way/1327796913,substation,400000;220000;132000,17.4358021,78.3745733,,2026-09-30,representative_point
way/1327822876,substation,220000,17.2325346,78.5510741,,2026-09-30,representative_point
way/1327838789,substation,220000;132000,18.7145938,78.4407875,,2026-09-30,representative_point
way/1327840595,substation,220000,17.175134,78.2456394,,2026-09-30,representative_point
way/1328093389,substation,220000,12.1720717,76.6972459,,2026-09-30,representative_point
way/1328120295,substation,220000,13.5832249,78.5308623,,2026-09-30,representative_point
way/1330126321,substation,132000;25000,18.1065734,83.3946831,,2026-09-30,representative_point
way/133122825,substation,66000,13.0369692,77.5660878,,2026-09-30,representative_point
way/1331634681,substation,220000,14.7810057,77.4283737,,2026-09-30,representative_point
way/1331634688,substation,66000,13.6518813,77.8169862,,2026-09-30,representative_point
way/1331641044,substation,,13.0394557,80.1462882,,2026-09-30,representative_point
way/1331644476,substation,110000,8.4367987,77.0486037,,2026-09-30,representative_point
way/1331647468,substation,220000,8.3831861,77.0088883,,2026-09-30,representative_point
way/1333467425,substation,,9.5563023,76.51329,,2026-09-30,representative_point
way/1334985541,substation,220000;11000,18.0244423,79.4865392,,2026-09-30,representative_point
way/1335907106,substation,,13.523532,77.044103,,2026-09-30,representative_point
way/1335907218,substation,220000;66000,13.5094975,77.0438844,,2026-09-30,representative_point
way/133600195,substation,,13.150903,77.3369806,,2026-09-30,representative_point
way/1336425362,substation,220000;132000,14.6428322,79.9615887,,2026-09-30,representative_point
way/1336427963,substation,132000,14.6998451,79.9871359,,2026-09-30,representative_point
way/1336656862,substation,,16.2940182,80.6422601,,2026-09-30,representative_point
way/1336694681,substation,220000,14.7227334,78.7528638,,2026-09-30,representative_point
way/1337688322,substation,220000,16.897879,79.8234869,,2026-09-30,representative_point
way/1339441994,substation,220000,15.5362771,75.6600024,,2026-09-30,representative_point
way/1339442341,substation,220000,13.8948453,79.796817,,2026-09-30,representative_point
way/1339447979,substation,110000,15.8035955,76.0633188,,2026-09-30,representative_point
way/1339451122,substation,132000,13.9222947,79.8134267,,2026-09-30,representative_point
way/1339755985,substation,220000,15.8118772,76.3040764,,2026-09-30,representative_point
way/1339999318,substation,110000,15.2513711,76.0420633,,2026-09-30,representative_point
way/1340000728,substation,110000,15.5012844,75.9844263,,2026-09-30,representative_point
way/1340009461,substation,220000,15.8027954,76.2882866,,2026-09-30,representative_point
way/1342975797,substation,220000,9.0039933,77.8866768,,2026-09-30,representative_point
way/1342980411,substation,33000,12.5536888,77.956257,,2026-09-30,representative_point
way/1343983765,substation,,9.9559569,76.296678,,2026-09-30,representative_point
way/1344514584,substation,,17.740044,83.2921245,,2026-09-30,representative_point
way/1344942782,substation,33000,13.3746056,78.4489387,,2026-09-30,representative_point
way/1345392743,substation,,17.7506686,83.244662,,2026-09-30,representative_point
way/1345407074,substation,66000;11000,12.8600263,77.5554017,,2026-09-30,representative_point
way/1346113386,substation,,17.7761791,83.2233238,,2026-09-30,representative_point
way/1346836335,substation,,17.7987375,83.3456534,,2026-09-30,representative_point
way/1347064525,substation,,17.6833357,83.1931181,,2026-09-30,representative_point
way/1348191038,substation,132000,15.1923018,79.9950909,,2026-09-30,representative_point
way/1348657773,substation,33000,9.3765298,76.3965227,,2026-09-30,representative_point
way/134931199,substation,,10.8182336,78.6900662,,2026-09-30,representative_point
way/1349426426,substation,,16.3458901,79.6438111,,2026-09-30,representative_point
way/1349974951,substation,,12.8768847,77.5302068,,2026-09-30,representative_point
way/135179801,substation,400000;220000;110000;66000;11000,8.9934554,76.9988553,,2026-09-30,representative_point
way/135182659,substation,66000,9.2614681,76.4567684,,2026-09-30,representative_point
way/135182660,substation,220000,9.2414938,76.4273676,,2026-09-30,representative_point
way/1353173076,substation,,13.1997968,77.25171,,2026-09-30,representative_point
way/1354098139,substation,,12.9782811,77.6558384,,2026-09-30,representative_point
way/1354126976,substation,66000;11000,12.9924705,77.6578674,,2026-09-30,representative_point
way/1354435847,substation,,12.9510371,80.2088535,,2026-09-30,representative_point
way/1355165944,substation,,17.8007202,83.2153,,2026-09-30,representative_point
way/1355303449,substation,,17.7569681,83.1873106,,2026-09-30,representative_point
way/1355305865,substation,,17.7384647,83.2142131,,2026-09-30,representative_point
way/1355309900,substation,400000;230000,13.3662131,79.9785826,,2026-09-30,representative_point
way/1355620058,substation,110000,16.3902671,75.4976791,,2026-09-30,representative_point
way/1355620627,substation,110000,16.4764373,75.5967639,,2026-09-30,representative_point
way/1355624555,substation,110000,16.4210396,75.4360069,,2026-09-30,representative_point
way/1355629670,substation,110000,15.4246461,74.7334929,,2026-09-30,representative_point
way/1355921979,substation,110000,15.1632614,77.0620993,,2026-09-30,representative_point
way/1355922177,substation,110000,15.1668536,77.0706405,,2026-09-30,representative_point
way/1356109262,substation,,17.8625338,83.2794423,,2026-09-30,representative_point
way/1356177264,substation,110000,15.0271815,75.1963587,,2026-09-30,representative_point
way/1356178447,substation,110000,15.0084515,75.2159732,,2026-09-30,representative_point
way/1356202096,substation,110000,15.7897816,75.4908491,,2026-09-30,representative_point
way/1356209001,substation,110000,15.9304834,75.4970929,,2026-09-30,representative_point
way/1356209002,substation,110000,15.9200967,75.5072424,,2026-09-30,representative_point
way/1356216837,substation,110000,16.0540668,75.3632675,,2026-09-30,representative_point
way/1356240134,substation,110000,16.2158448,75.2680695,,2026-09-30,representative_point
way/1356242877,substation,110000,16.2698488,75.3494125,,2026-09-30,representative_point
way/1356248431,substation,220000,16.5985897,75.6840571,,2026-09-30,representative_point
way/1356257577,substation,110000,15.9751474,74.6643389,,2026-09-30,representative_point
way/1356359948,substation,66000,12.6687311,77.5364791,,2026-09-30,representative_point
way/1356360712,substation,66000,12.340569,76.1730344,,2026-09-30,representative_point
way/1356833912,substation,110000,16.6449061,77.2110493,,2026-09-30,representative_point
way/1356843268,substation,110000,18.1967115,77.4457064,,2026-09-30,representative_point
way/1356844181,substation,110000,18.1863445,77.4661718,,2026-09-30,representative_point
way/1356845061,substation,110000,18.3718118,77.331699,,2026-09-30,representative_point
way/1356845191,substation,110000,17.8045402,77.1492129,,2026-09-30,representative_point
way/1356845336,substation,110000,17.8516381,77.1799908,,2026-09-30,representative_point
way/1356848809,substation,110000,17.6348772,76.3924673,,2026-09-30,representative_point
way/1356849303,substation,132000,17.6296006,76.3962381,,2026-09-30,representative_point
way/1356856493,substation,110000,15.1563427,75.0109608,,2026-09-30,representative_point
way/1356857466,substation,110000,15.3737428,75.0526286,,2026-09-30,representative_point
way/1356861729,substation,110000,15.048459,74.9257869,,2026-09-30,representative_point
way/1356862693,substation,110000,15.6708134,76.1080109,,2026-09-30,representative_point
way/1356867984,substation,110000,13.3950738,76.4043165,,2026-09-30,representative_point
way/1356869290,substation,110000,13.4486911,76.6974925,,2026-09-30,representative_point
way/1356874577,substation,110000,13.2655228,76.7410166,,2026-09-30,representative_point
way/1357116485,substation,66000,14.2211135,75.5557347,,2026-09-30,representative_point
way/1357117124,substation,66000,14.4508147,75.7895478,,2026-09-30,representative_point
way/1357118057,substation,110000,14.3810013,75.1671043,,2026-09-30,representative_point
way/1357118106,substation,110000,14.2924048,75.2772532,,2026-09-30,representative_point
way/1357118337,substation,110000,14.2851129,75.3175041,,2026-09-30,representative_point
way/1357118672,substation,110000,14.2629742,75.4867802,,2026-09-30,representative_point
way/1357119469,substation,110000,14.415569,75.6113476,,2026-09-30,representative_point
way/1357119563,substation,110000,14.3631198,75.6224763,,2026-09-30,representative_point
way/1357121659,substation,110000,14.7521191,75.3152536,,2026-09-30,representative_point
way/1357121832,substation,110000,14.8242848,75.5022216,,2026-09-30,representative_point
way/1357122087,substation,110000,14.81632,75.6908157,,2026-09-30,representative_point
way/1357130673,substation,110000,15.6860856,76.0514363,,2026-09-30,representative_point
way/1357131678,substation,110000,15.5628867,76.0334133,,2026-09-30,representative_point
way/1357133412,substation,110000,15.5078062,76.7460428,,2026-09-30,representative_point
way/1357134190,substation,110000,15.5158908,76.9126791,,2026-09-30,representative_point
way/1358307352,substation,400000,14.9403782,76.5913884,,2026-09-30,representative_point
way/1358507404,substation,66000,14.1847175,76.5052394,,2026-09-30,representative_point
way/135870975,substation,,11.7081534,92.717217,,2026-09-30,representative_point
way/1358993836,substation,110000,16.3487483,75.2716067,,2026-09-30,representative_point
way/1359242815,substation,220000;66000,12.7955186,76.7871399,,2026-09-30,representative_point
way/1359528121,substation,220000,15.2213904,76.8559806,,2026-09-30,representative_point
way/1359536546,substation,220000,13.7162189,75.8917304,,2026-09-30,representative_point
way/1359574872,substation,220000,12.9576021,75.7790517,,2026-09-30,representative_point
way/1359786564,substation,220000;66000,13.0053787,77.6858427,,2026-09-30,representative_point
way/1359876100,substation,220000,16.5487376,75.427901,,2026-09-30,representative_point
way/1360490750,substation,220000;66000;11000,13.0178587,77.5065642,,2026-09-30,representative_point
way/1360490764,substation,220000;66000,14.5503424,75.8219774,,2026-09-30,representative_point
way/1360493733,substation,220000,14.8294205,76.3421385,,2026-09-30,representative_point
way/1360501318,substation,220000,14.5966628,76.4249207,,2026-09-30,representative_point
way/1360503421,substation,220000,14.4122495,76.2746424,,2026-09-30,representative_point
way/1360544594,substation,220000,16.5943565,75.9099617,,2026-09-30,representative_point
way/1360572469,substation,110000,16.2560273,76.1516268,,2026-09-30,representative_point
way/1360833294,substation,220000,13.868751,76.7400151,,2026-09-30,representative_point
way/1361199425,substation,66000,14.9845315,76.1124214,,2026-09-30,representative_point
way/1361602244,substation,,16.3400681,74.4215661,,2026-09-30,representative_point
way/1361619951,substation,110000,15.3287033,76.2118512,,2026-09-30,representative_point
way/1361675879,substation,220000;33000,15.3517751,75.5788718,,2026-09-30,representative_point
way/1361893044,substation,110000,15.2955517,76.2329011,,2026-09-30,representative_point
way/1362482255,substation,110000,15.3061744,76.087149,,2026-09-30,representative_point
way/1362527349,substation,110000,15.3676799,76.078287,,2026-09-30,representative_point
way/1362527487,substation,110000,15.3824863,76.0441863,,2026-09-30,representative_point
way/1365237049,substation,33000,10.7908291,76.6483785,,2026-09-30,representative_point
way/1365570013,substation,,12.9136458,77.4575173,,2026-09-30,representative_point
way/136727944,substation,400000;230000,11.5626795,79.441991,,2026-09-30,representative_point
way/1368604669,substation,66000;11000,12.8760425,77.4519476,,2026-09-30,representative_point
way/1371943777,substation,,14.9019745,74.3533927,,2026-09-30,representative_point
way/1373272007,substation,,18.2038633,79.9610281,,2026-09-30,representative_point
way/1373630178,substation,,12.8505833,77.6129023,,2026-09-30,representative_point
way/1374667197,substation,220000,18.5305228,78.1193697,,2026-09-30,representative_point
way/1374667199,substation,,18.7254783,78.1455293,,2026-09-30,representative_point
way/1374667200,substation,220000,18.6956457,78.0383939,,2026-09-30,representative_point
way/1374667205,substation,132000,18.577646,77.8261292,,2026-09-30,representative_point
way/1374670036,substation,,17.0585437,78.5404605,,2026-09-30,representative_point
way/1376322282,substation,132000,17.685945,83.2721636,,2026-09-30,representative_point
way/1376324157,substation,132000,17.7009424,83.1462184,,2026-09-30,representative_point
way/1376708446,substation,,17.1492714,81.6599983,,2026-09-30,representative_point
way/1377036406,substation,220000,13.5567816,79.9448524,,2026-09-30,representative_point
way/138292653,substation,220000;110000,15.905278,74.5282547,,2026-09-30,representative_point
way/1385740521,substation,,17.9240694,77.5128767,,2026-09-30,representative_point
way/1385983467,substation,,17.9036731,79.36459,,2026-09-30,representative_point
way/1386643714,substation,,17.7055707,82.9965034,,2026-09-30,representative_point
way/1386947933,substation,110000,10.227076,76.2118562,,2026-09-30,representative_point
way/1387451468,substation,33000,10.5939598,76.0156112,,2026-09-30,representative_point
way/1387453958,substation,220000;110000,10.6354413,76.0862181,,2026-09-30,representative_point
way/1387458274,substation,33000,10.6862565,76.1569112,,2026-09-30,representative_point
way/1387459897,substation,33000,10.6121612,76.2394089,,2026-09-30,representative_point
way/1388062888,substation,,10.6025933,76.1595682,,2026-09-30,representative_point
way/1391096993,substation,,12.8791661,79.9106062,,2026-09-30,representative_point
way/1393041457,substation,,17.5408119,78.5769079,,2026-09-30,representative_point
way/1393072285,substation,11000;440,17.5453258,78.5754334,,2026-09-30,representative_point
way/1393072301,substation,11000;440,17.5447825,78.5698912,,2026-09-30,representative_point
way/1394174102,substation,,9.3973965,77.9862418,,2026-09-30,representative_point
way/1395805649,substation,66000,11.674714,76.2552016,,2026-09-30,representative_point
way/1409396159,substation,66000;11000,13.1064104,77.5197807,,2026-09-30,representative_point
way/1409426362,substation,,13.1136682,77.554636,,2026-09-30,representative_point
way/1409426364,substation,66000;11000,13.0998477,77.5507087,,2026-09-30,representative_point
way/1410000976,substation,,12.9469274,77.7469455,,2026-09-30,representative_point
way/1410368414,substation,110000,11.2965865,76.2448925,,2026-09-30,representative_point
way/1414031382,substation,,16.6499778,74.4892332,,2026-09-30,representative_point
way/1414399535,substation,,16.1905155,81.1378771,,2026-09-30,representative_point
way/1415101697,substation,,15.1004336,79.3946613,,2026-09-30,representative_point
way/1418348022,substation,,16.4999764,80.6713476,,2026-09-30,representative_point
way/1419118295,substation,,16.2153437,81.2145322,,2026-09-30,representative_point
way/1419206617,substation,,13.2236782,77.7696928,,2026-09-30,representative_point
way/1419206695,substation,,13.2483264,77.7951148,,2026-09-30,representative_point
way/1419688648,substation,,12.8306248,77.6789049,,2026-09-30,representative_point
way/1419688713,substation,,12.8279761,77.6775904,,2026-09-30,representative_point
way/1420327675,substation,,16.197717,81.1996261,,2026-09-30,representative_point
way/1420331628,substation,,16.2105234,81.2105792,,2026-09-30,representative_point
way/1420331629,substation,,16.2099198,81.2103332,,2026-09-30,representative_point
way/1421732937,substation,,15.5130313,80.0375837,,2026-09-30,representative_point
way/1421737564,substation,,18.1097925,83.5829571,,2026-09-30,representative_point
way/1421737565,substation,,18.2721329,83.8087589,,2026-09-30,representative_point
way/1421758065,substation,,16.2799299,81.1324427,,2026-09-30,representative_point
way/1421758069,substation,,16.4974886,80.5991444,,2026-09-30,representative_point
way/1421762334,substation,,15.9176239,79.3265274,,2026-09-30,representative_point
way/1421764409,substation,,14.5066412,77.0779645,,2026-09-30,representative_point
way/1421764410,substation,,14.550334,77.1298894,,2026-09-30,representative_point
way/1421874185,substation,,14.4388207,77.3776531,,2026-09-30,representative_point
way/1421963969,substation,,14.3991509,77.1881255,,2026-09-30,representative_point
way/1423815465,substation,132000;33000,17.7302845,83.3299369,,2026-09-30,representative_point
way/1426122468,substation,,12.902377,79.9066994,,2026-09-30,representative_point
way/1426163519,substation,230000,12.9210707,79.9050805,,2026-09-30,representative_point
way/1426825937,substation,33kv,8.7489596,76.7027514,,2026-09-30,representative_point
way/1427092746,substation,,12.9496385,79.9299907,,2026-09-30,representative_point
way/1427092748,substation,230000,12.9429798,79.9361487,,2026-09-30,representative_point
way/1427312848,substation,,15.7127842,78.1628376,,2026-09-30,representative_point
way/1427646909,substation,,12.8518823,79.9236925,,2026-09-30,representative_point
way/1429814486,substation,400000;230000,8.1692657,77.7020495,,2026-09-30,representative_point
way/1431653730,substation,,8.8574328,78.0883545,,2026-09-30,representative_point
way/1431930228,substation,,8.344311,77.750684,,2026-09-30,representative_point
way/1431930230,substation,,8.3056549,77.1544451,,2026-09-30,representative_point
way/1431930231,substation,,8.5333625,77.8586496,,2026-09-30,representative_point
way/1431930233,substation,,8.5228332,77.3570256,,2026-09-30,representative_point
way/1431938935,substation,,9.22527,78.1377375,,2026-09-30,representative_point
way/1431938936,substation,,8.9442074,77.4834931,,2026-09-30,representative_point
way/1431938937,substation,,8.8911481,77.5708741,,2026-09-30,representative_point
way/1431938938,substation,,8.8448315,77.5927797,,2026-09-30,representative_point
way/1431938939,substation,,8.8455683,77.5906098,,2026-09-30,representative_point
way/1431938940,substation,,8.8840249,77.6453617,,2026-09-30,representative_point
way/1431966125,substation,,11.5972256,79.4786006,,2026-09-30,representative_point
way/1431966126,substation,,12.8776454,79.1198283,,2026-09-30,representative_point
way/1431966127,substation,,12.9957086,80.0197953,,2026-09-30,representative_point
way/1431998763,substation,,11.0734274,78.4892464,,2026-09-30,representative_point
way/1431998772,substation,,12.5053311,78.0334908,,2026-09-30,representative_point
way/1431998773,substation,,11.2853033,76.6507691,,2026-09-30,representative_point
way/1432064704,substation,,17.4286752,76.6706607,,2026-09-30,representative_point
way/1432125082,substation,,17.4404688,76.6752343,,2026-09-30,representative_point
way/1432129274,substation,,9.0330242,78.0831653,,2026-09-30,representative_point
way/1432129283,substation,220000,9.0614357,77.97548,,2026-09-30,representative_point
way/1432135177,substation,,9.9409582,78.7216303,,2026-09-30,representative_point
way/1432135178,substation,,8.9193773,78.041532,,2026-09-30,representative_point
way/1432135181,substation,,8.911873,78.0471486,,2026-09-30,representative_point
way/1432135182,substation,,8.8987137,78.043195,,2026-09-30,representative_point
way/1432135183,substation,,8.9008734,78.0477977,,2026-09-30,representative_point
way/1432135481,substation,,17.4264197,76.6712758,,2026-09-30,representative_point
way/1432137530,substation,,13.5023019,79.9953121,,2026-09-30,representative_point
way/1432137531,substation,,13.2631163,80.128241,,2026-09-30,representative_point
way/1432137532,substation,,13.3450669,80.1659971,,2026-09-30,representative_point
way/1432137534,substation,,13.3856639,80.1930955,,2026-09-30,representative_point
way/1432137535,substation,,13.3282045,80.1977384,,2026-09-30,representative_point
way/1432137536,substation,,13.3384184,80.2850524,,2026-09-30,representative_point
way/1432137537,substation,,13.3346836,80.1139583,,2026-09-30,representative_point
way/1433987910,substation,,17.9979893,83.4752339,,2026-09-30,representative_point
way/1434223550,substation,,17.9298994,77.0166914,,2026-09-30,representative_point
way/1434607083,substation,,15.2445433,76.3630727,,2026-09-30,representative_point
way/1434610211,substation,,13.47412,77.9038274,,2026-09-30,representative_point
way/1434615771,substation,,12.9704255,77.3975484,,2026-09-30,representative_point
way/1434621555,substation,,14.6498068,75.8886588,,2026-09-30,representative_point
way/1435603079,substation,,12.2100429,75.1655799,,2026-09-30,representative_point
way/1441815558,substation,220000,14.9047464,78.1153234,,2026-09-30,representative_point
way/1441815932,substation,765000,15.0205225,78.1380733,,2026-09-30,representative_point
way/1441820109,substation,220000,16.0331045,75.2085309,,2026-09-30,representative_point
way/1441829143,substation,230000,13.1277405,80.2054063,,2026-09-30,representative_point
way/1441830545,substation,230000,10.9037664,77.7489319,,2026-09-30,representative_point
way/1443535499,substation,,9.0228922,76.9184225,,2026-09-30,representative_point
way/1443623292,substation,,12.9554204,77.6545375,,2026-09-30,representative_point
way/1444467426,substation,,15.4820624,77.3849667,,2026-09-30,representative_point
way/144503543,substation,,17.4442269,78.350729,,2026-09-30,representative_point
way/1445351376,substation,,15.63727,77.2848883,,2026-09-30,representative_point
way/1445367022,substation,,15.5568628,77.5457534,,2026-09-30,representative_point
way/1445675677,substation,,15.6396216,77.4793875,,2026-09-30,representative_point
way/1445694421,substation,220000,15.0388293,78.3419038,,2026-09-30,representative_point
way/1446512733,substation,,18.6966743,78.8112608,,2026-09-30,representative_point
way/1446665433,substation,,17.7691245,77.4816508,,2026-09-30,representative_point
way/1448449769,substation,,11.0396804,75.8691457,,2026-09-30,representative_point
way/1448449770,substation,,11.3437147,75.7407117,,2026-09-30,representative_point
way/1448449771,substation,,11.4572842,75.8187908,,2026-09-30,representative_point
way/1448449772,substation,,11.4471028,75.740414,,2026-09-30,representative_point
way/1448449773,substation,,11.4754588,75.8678001,,2026-09-30,representative_point
way/1448449774,substation,,11.9412995,75.5637476,,2026-09-30,representative_point
way/1448449775,substation,,11.7235485,75.5445001,,2026-09-30,representative_point
way/1448449776,substation,,11.8427888,75.4225923,,2026-09-30,representative_point
way/1448449777,substation,,11.6112598,75.6583947,,2026-09-30,representative_point
way/1448449778,substation,,11.9060376,75.3749616,,2026-09-30,representative_point
way/1448449779,substation,,11.8787492,75.3595242,,2026-09-30,representative_point
way/1448449780,substation,,11.7805113,75.4740022,,2026-09-30,representative_point
way/1448449781,substation,66000,11.8539878,75.7429981,,2026-09-30,representative_point
way/1448449783,substation,,11.6970089,75.679839,,2026-09-30,representative_point
way/1448449784,substation,,11.6542933,75.7569069,,2026-09-30,representative_point
way/1448449785,substation,,12.4470796,75.1577389,,2026-09-30,representative_point
way/1448449786,substation,,12.3030853,75.2785993,,2026-09-30,representative_point
way/1448449787,substation,,12.646698,75.1003933,,2026-09-30,representative_point
way/1448449788,substation,,12.2667008,75.1571569,,2026-09-30,representative_point
way/1448449789,substation,,12.1037966,75.4083404,,2026-09-30,representative_point
way/1448449790,substation,,12.3927865,75.1815046,,2026-09-30,representative_point
way/1448449791,substation,,12.5828843,75.0778815,,2026-09-30,representative_point
way/1448449792,substation,,12.5844851,74.9805535,,2026-09-30,representative_point
way/1448449793,substation,,12.0217707,75.6987753,,2026-09-30,representative_point
way/1448449794,substation,,12.0116442,75.2075113,,2026-09-30,representative_point
way/1448449795,substation,,12.2614772,75.353111,,2026-09-30,representative_point
way/1448449796,substation,,12.0926006,75.5667248,,2026-09-30,representative_point
way/1448449797,substation,,11.4439254,75.9547865,,2026-09-30,representative_point
way/1448449798,substation,,11.3872506,76.0160941,,2026-09-30,representative_point
way/1448449799,substation,,11.3698276,76.0534492,,2026-09-30,representative_point
way/1448449800,substation,,11.8075338,76.1591926,,2026-09-30,representative_point
way/1448449801,substation,,11.2575754,76.2875256,,2026-09-30,representative_point
way/1448449802,substation,,11.675665,75.9573296,,2026-09-30,representative_point
way/1448449803,substation,,11.6667525,76.1534326,,2026-09-30,representative_point
way/1448449804,substation,,11.6374516,76.0633144,,2026-09-30,representative_point
way/1448449805,substation,,11.2697259,75.972649,,2026-09-30,representative_point
way/1448449806,substation,,11.3662185,76.3249236,,2026-09-30,representative_point
way/1448449807,substation,,11.7521088,76.0486655,,2026-09-30,representative_point
way/1448449808,substation,,11.6198182,76.2091219,,2026-09-30,representative_point
way/1448449809,substation,,12.6716041,74.9062604,,2026-09-30,representative_point
way/1448459770,substation,,9.9560618,76.2910339,,2026-09-30,representative_point
way/1448459772,substation,,10.0116752,76.5287045,,2026-09-30,representative_point
way/1448459773,substation,,9.8674407,76.5972054,,2026-09-30,representative_point
way/1448459774,substation,66000,9.9567185,76.2905908,,2026-09-30,representative_point
way/1448459775,substation,,9.9144968,76.3821486,,2026-09-30,representative_point
way/1448459776,substation,220000,10.003265,76.3761136,,2026-09-30,representative_point
way/1448459780,substation,,10.0460231,76.3087834,,2026-09-30,representative_point
way/1448459781,substation,,10.0756996,76.3038079,,2026-09-30,representative_point
way/1448459782,substation,,10.0864159,76.461888,,2026-09-30,representative_point
way/1448459783,substation,,10.1766669,76.3289738,,2026-09-30,representative_point
way/1448459784,substation,,10.1850066,76.4257278,,2026-09-30,representative_point
way/1448459785,substation,,10.1223572,76.2965915,,2026-09-30,representative_point
way/1448459786,substation,,10.0502435,76.3122784,,2026-09-30,representative_point
way/1448459787,substation,,10.0298764,76.2585041,,2026-09-30,representative_point
way/1448459788,substation,,10.1446248,76.2564468,,2026-09-30,representative_point
way/1448459789,substation,,9.9808279,76.7951256,,2026-09-30,representative_point
way/1448459790,substation,,9.9513118,77.1804652,,2026-09-30,representative_point
way/1448459791,substation,,10.0216964,76.8380785,,2026-09-30,representative_point
way/1448459792,substation,,9.935957,77.1065596,,2026-09-30,representative_point
way/1448459793,substation,220000,10.0312208,77.0529127,,2026-09-30,representative_point
way/1448459794,substation,,10.5407474,76.6980618,,2026-09-30,representative_point
way/1448459795,substation,,10.5432503,76.3325974,,2026-09-30,representative_point
way/1448459796,substation,,10.5349145,76.2138666,,2026-09-30,representative_point
way/1448459797,substation,,10.3562715,76.4134835,,2026-09-30,representative_point
way/1448459798,substation,,10.2810385,76.205171,,2026-09-30,representative_point
way/1448459799,substation,,10.4857929,76.0838185,,2026-09-30,representative_point
way/1448459800,substation,,10.4808649,76.2852511,,2026-09-30,representative_point
way/1448459801,substation,,10.3134732,76.3875881,,2026-09-30,representative_point
way/1448459802,substation,,10.1988647,76.180948,,2026-09-30,representative_point
way/1448459803,substation,,10.3510379,76.2737283,,2026-09-30,representative_point
way/1448459804,substation,,10.4251278,76.1586589,,2026-09-30,representative_point
way/1448459805,substation,,10.2464862,76.3127089,,2026-09-30,representative_point
way/1448459806,substation,,10.2710663,76.1519855,,2026-09-30,representative_point
way/1448459807,substation,,10.4804798,76.2515411,,2026-09-30,representative_point
way/1448459808,substation,,10.2641237,76.3547511,,2026-09-30,representative_point
way/1448459809,substation,,10.2411123,76.3736272,,2026-09-30,representative_point
way/1448459810,substation,,10.5279584,76.2639222,,2026-09-30,representative_point
way/1448459811,substation,,10.5757329,76.1267754,,2026-09-30,representative_point
way/1448459812,substation,,10.7053599,76.2817964,,2026-09-30,representative_point
way/1448459813,substation,,10.687986,76.0788283,,2026-09-30,representative_point
way/1448459814,substation,,10.5566509,76.2176111,,2026-09-30,representative_point
way/1448459815,substation,,10.678927,76.4654821,,2026-09-30,representative_point
way/1448459817,substation,,10.6412149,76.5580586,,2026-09-30,representative_point
way/1448459819,substation,,10.8546387,76.530928,,2026-09-30,representative_point
way/1448459820,substation,,10.7745385,76.397346,,2026-09-30,representative_point
way/1448459822,substation,,10.7965748,76.1151159,,2026-09-30,representative_point
way/1448459823,substation,,10.8629785,75.9719825,,2026-09-30,representative_point
way/1448459824,substation,,10.8574151,76.1187074,,2026-09-30,representative_point
way/1448459825,substation,,10.8517566,75.9882242,,2026-09-30,representative_point
way/1448459826,substation,,10.8115345,76.204707,,2026-09-30,representative_point
way/1448459827,substation,,10.7391059,76.1129433,,2026-09-30,representative_point
way/1448459829,substation,,10.7936569,76.1939943,,2026-09-30,representative_point
way/1448459831,substation,,10.792981,76.7425489,,2026-09-30,representative_point
way/1448459832,substation,,10.7924857,76.7385069,,2026-09-30,representative_point
way/1448459833,substation,,10.8306953,76.8337816,,2026-09-30,representative_point
way/1448459834,substation,,10.7866971,76.7813471,,2026-09-30,representative_point
way/1448459835,substation,,10.7788241,76.8555719,,2026-09-30,representative_point
way/1448459836,substation,,10.6140054,76.7962441,,2026-09-30,representative_point
way/1448459837,substation,,10.6377313,76.8293412,,2026-09-30,representative_point
way/1448459838,substation,,10.6766247,76.6500396,,2026-09-30,representative_point
way/1448459840,substation,,11.1021282,76.6486287,,2026-09-30,representative_point
way/1448459841,substation,,11.2118467,76.2277928,,2026-09-30,representative_point
way/1448459842,substation,,11.1311974,76.0437128,,2026-09-30,representative_point
way/1448459843,substation,,11.0287635,76.0345235,,2026-09-30,representative_point
way/1448459844,substation,,11.0069918,76.1240342,,2026-09-30,representative_point
way/1448459845,substation,,11.1769849,76.3225284,,2026-09-30,representative_point
way/1448459846,substation,,11.2156616,76.143153,,2026-09-30,representative_point
way/1448459847,substation,,10.9787767,76.2237588,,2026-09-30,representative_point
way/1448459848,substation,,11.0732747,76.2645712,,2026-09-30,representative_point
way/1448459849,substation,,11.0117441,76.1784723,,2026-09-30,representative_point
way/1448459850,substation,220000,11.1414373,76.1509126,,2026-09-30,representative_point
way/1448459851,substation,,11.1787729,75.8630808,,2026-09-30,representative_point
way/1448482642,substation,,9.7003853,77.0255327,,2026-09-30,representative_point
way/1448482643,substation,,8.3372903,77.1933934,,2026-09-30,representative_point
way/1448482644,substation,,8.336246,77.0596652,,2026-09-30,representative_point
way/1448482645,substation,,8.6698643,76.9191214,,2026-09-30,representative_point
way/1448482646,substation,,8.44806,77.1900406,,2026-09-30,representative_point
way/1448482647,substation,,8.7875458,76.7868993,,2026-09-30,representative_point
way/1448482648,substation,,8.6835925,76.7774405,,2026-09-30,representative_point
way/1448482649,substation,,8.6381343,77.0242828,,2026-09-30,representative_point
way/1448482650,substation,,8.4824414,76.9143149,,2026-09-30,representative_point
way/1448482651,substation,,8.7316617,77.0156085,,2026-09-30,representative_point
way/1448482652,substation,,8.4602986,76.9339406,,2026-09-30,representative_point
way/1448482653,substation,,8.6065185,76.8777806,,2026-09-30,representative_point
way/1448482654,substation,,8.9697672,76.6665271,,2026-09-30,representative_point
way/1448482655,substation,,8.8220447,76.9278815,,2026-09-30,representative_point
way/1448482656,substation,,8.8765994,76.7333034,,2026-09-30,representative_point
way/1448482657,substation,,9.0654803,76.6439053,,2026-09-30,representative_point
way/1448482658,substation,,9.0886107,76.8619609,,2026-09-30,representative_point
way/1448482659,substation,110000,8.9990945,76.7782095,,2026-09-30,representative_point
way/1448482660,substation,,8.9378976,76.9096733,,2026-09-30,representative_point
way/1448482661,substation,,9.1258988,76.5599549,,2026-09-30,representative_point
way/1448482662,substation,,9.1204314,76.4999324,,2026-09-30,representative_point
way/1448482663,substation,,8.9471298,76.6102482,,2026-09-30,representative_point
way/1448482664,substation,,9.4157467,76.5778238,,2026-09-30,representative_point
way/1448482665,substation,,9.314922,76.5473244,,2026-09-30,representative_point
way/1448482666,substation,66000,9.3857087,76.5832767,,2026-09-30,representative_point
way/1448482667,substation,66000,9.4090249,76.5749323,,2026-09-30,representative_point
way/1448482668,substation,,9.3621596,76.8569009,,2026-09-30,representative_point
way/1448482669,substation,,9.4113675,76.8747711,,2026-09-30,representative_point
way/1448482670,substation,,9.2084592,76.678251,,2026-09-30,representative_point
way/1448482671,substation,,9.3671925,76.6564604,,2026-09-30,representative_point
way/1448482672,substation,,9.3236803,76.7068058,,2026-09-30,representative_point
way/1448482673,substation,,9.683414,76.8974572,,2026-09-30,representative_point
way/1448482674,substation,,9.8010008,76.6568524,,2026-09-30,representative_point
way/1448482675,substation,,9.6215388,77.1498156,,2026-09-30,representative_point
way/1448482676,substation,,9.5765718,76.8852505,,2026-09-30,representative_point
way/1448482677,substation,,9.7961666,76.8849246,,2026-09-30,representative_point
way/1448482678,substation,,9.8301736,76.4733893,,2026-09-30,representative_point
way/1448482679,substation,,9.5125304,76.5726793,,2026-09-30,representative_point
way/1448482680,substation,,9.7782088,76.3147312,,2026-09-30,representative_point
way/1448482681,substation,33000,9.6992329,76.6108745,,2026-09-30,representative_point
way/1448482682,substation,,9.5118043,76.6299364,,2026-09-30,representative_point
way/1448482683,substation,,9.7058263,76.4725082,,2026-09-30,representative_point
way/1448571233,substation,,9.3346828,76.8997237,,2026-09-30,representative_point
way/1448571234,substation,,9.3330418,76.8784538,,2026-09-30,representative_point
way/1448572417,substation,,9.9695744,76.362201,,2026-09-30,representative_point
way/1449259394,substation,,15.5042211,77.6260402,,2026-09-30,representative_point
way/145096012,substation,,12.9956759,77.7474858,,2026-09-30,representative_point
way/1451337787,substation,,11.6174484,92.7140388,,2026-09-30,representative_point
way/1451970991,substation,,11.6873418,77.9231219,,2026-09-30,representative_point
way/1451971010,substation,,17.3727415,78.5469139,,2026-09-30,representative_point
way/1451971647,substation,,14.4385427,74.4198123,,2026-09-30,representative_point
way/1451972534,substation,,17.4566086,78.6108899,,2026-09-30,representative_point
way/1452411997,substation,,17.3609409,78.5674076,,2026-09-30,representative_point
way/1452863879,substation,132000;33000,16.4153412,79.7214317,,2026-09-30,representative_point
way/1452864564,substation,110000,9.4448774,76.6637946,,2026-09-30,representative_point
way/1453856485,substation,,17.5204531,78.2400817,,2026-09-30,representative_point
way/1454231613,substation,,18.172489,83.3518312,,2026-09-30,representative_point
way/1454497872,substation,,17.2455571,78.492263,,2026-09-30,representative_point
way/1455555291,substation,132000,19.4084099,79.2899957,,2026-09-30,representative_point
way/1457102800,substation,,17.2624343,78.6840573,,2026-09-30,representative_point
way/1457573577,substation,,17.9006658,82.8993666,,2026-09-30,representative_point
way/1457673745,substation,,17.7246013,83.3387389,,2026-09-30,representative_point
way/1457696776,substation,,14.0129565,74.5257837,,2026-09-30,representative_point
way/1457696777,substation,,13.5161764,74.7069588,,2026-09-30,representative_point
way/1457696778,substation,,13.6546506,74.7097751,,2026-09-30,representative_point
way/1457696779,substation,,13.9360379,75.5613872,,2026-09-30,representative_point
way/1457696780,substation,,13.8725435,75.5954996,,2026-09-30,representative_point
way/1457696781,substation,,13.9857339,74.808982,,2026-09-30,representative_point
way/1457696782,substation,,14.1593487,75.9036478,,2026-09-30,representative_point
way/1457696783,substation,,14.1583318,75.3950313,,2026-09-30,representative_point
way/1457696784,substation,,12.8767576,77.4521837,,2026-09-30,representative_point
way/1457696788,substation,,12.8752568,77.6115578,,2026-09-30,representative_point
way/1457696789,substation,,12.8520012,77.6573713,,2026-09-30,representative_point
way/1457696790,substation,66000;11000,12.8609536,77.5407931,,2026-09-30,representative_point
way/1457696791,substation,,12.9649457,77.6533601,,2026-09-30,representative_point
way/1457696792,substation,,13.0912087,77.4502122,,2026-09-30,representative_point
way/1457696793,substation,,13.0750263,77.6239791,,2026-09-30,representative_point
way/1457696796,substation,,13.3722723,77.5854331,,2026-09-30,representative_point
way/1457696798,substation,,13.5904124,75.9742677,,2026-09-30,representative_point
way/1457696799,substation,,13.4284663,75.8039394,,2026-09-30,representative_point
way/1457716028,substation,220000,14.5103648,77.2092694,,2026-09-30,representative_point
way/1457740086,substation,,16.2284274,76.1028045,,2026-09-30,representative_point
way/1457740088,substation,,15.8869826,74.4855693,,2026-09-30,representative_point
way/1457740090,substation,,15.9097386,75.1496065,,2026-09-30,representative_point
way/1457740091,substation,,15.9204303,74.7740784,,2026-09-30,representative_point
way/1457740092,substation,,15.7965715,74.7648945,,2026-09-30,representative_point
way/1457740093,substation,,15.663567,75.9300542,,2026-09-30,representative_point
way/1457740094,substation,,15.8976793,74.9240944,,2026-09-30,representative_point
way/1457740095,substation,,15.8479664,75.0046143,,2026-09-30,representative_point
way/1457740096,substation,,16.1705433,74.810476,,2026-09-30,representative_point
way/1457740097,substation,,16.0664057,75.6500101,,2026-09-30,representative_point
way/1457740098,substation,,15.7964489,75.8524485,,2026-09-30,representative_point
way/1457740099,substation,,15.8117751,75.6587058,,2026-09-30,representative_point
way/1457740100,substation,,15.8379935,74.8933321,,2026-09-30,representative_point
way/1457740103,substation,,15.8261105,74.9555929,,2026-09-30,representative_point
way/1457740104,substation,,16.1180562,75.1140565,,2026-09-30,representative_point
way/1457740105,substation,,16.2929058,75.6595293,,2026-09-30,representative_point
way/1457740107,substation,,16.3026655,74.8161569,,2026-09-30,representative_point
way/1457740109,substation,,16.3863941,74.6555087,,2026-09-30,representative_point
way/1457740111,substation,,16.3804601,74.6769905,,2026-09-30,representative_point
way/1457740114,substation,,16.2184322,74.5236741,,2026-09-30,representative_point
way/1457740115,substation,,14.5151062,75.7874304,,2026-09-30,representative_point
way/1457740116,substation,,14.5666375,75.5354074,,2026-09-30,representative_point
way/1457740117,substation,,14.7184531,75.6434494,,2026-09-30,representative_point
way/1457740118,substation,,14.7420564,75.6181696,,2026-09-30,representative_point
way/1457740120,substation,,14.3826662,75.3245804,,2026-09-30,representative_point
way/1457740121,substation,,14.6641966,75.3758347,,2026-09-30,representative_point
way/1457740122,substation,,14.9864234,75.7829457,,2026-09-30,representative_point
way/1457740124,substation,,14.9985229,75.8192897,,2026-09-30,representative_point
way/1457740125,substation,,14.7719777,75.2482903,,2026-09-30,representative_point
way/1457740126,substation,,14.8949578,75.5565834,,2026-09-30,representative_point
way/1457740129,substation,,15.4379123,75.6441629,,2026-09-30,representative_point
way/1457740131,substation,,15.1555213,75.0566733,,2026-09-30,representative_point
way/1457740132,substation,,15.3631307,75.1050818,,2026-09-30,representative_point
way/1457740133,substation,,15.3535868,75.1118544,,2026-09-30,representative_point
way/1457740134,substation,,15.3372551,75.1102477,,2026-09-30,representative_point
way/1457740135,substation,,15.4299464,74.9831352,,2026-09-30,representative_point
way/1457740137,substation,,14.6630522,76.4735784,,2026-09-30,representative_point
way/1457740138,substation,,14.6635011,76.4705917,,2026-09-30,representative_point
way/1457740139,substation,,14.5088587,75.9860037,,2026-09-30,representative_point
way/1457740141,substation,,15.4441146,76.9686887,,2026-09-30,representative_point
way/1457740142,substation,,15.0978504,76.9033045,,2026-09-30,representative_point
way/1457740143,substation,,15.0109456,76.6025162,,2026-09-30,representative_point
way/1457740144,substation,,15.4031598,76.6069123,,2026-09-30,representative_point
way/1457740145,substation,,15.4436079,76.6713577,,2026-09-30,representative_point
way/1457740146,substation,,14.9484246,77.0587787,,2026-09-30,representative_point
way/1457740149,substation,,15.375744,76.31475,,2026-09-30,representative_point
way/1457740150,substation,,15.0335585,76.0136479,,2026-09-30,representative_point
way/1457740151,substation,,15.3943793,76.7089194,,2026-09-30,representative_point
way/1457740152,substation,,15.3169357,76.9866863,,2026-09-30,representative_point
way/1457740154,substation,,14.792121,77.2977689,,2026-09-30,representative_point
way/1457757743,substation,,15.8996011,76.5698737,,2026-09-30,representative_point
way/1457757744,substation,,15.9312735,76.5863505,,2026-09-30,representative_point
way/1457757745,substation,,14.2642765,76.5405411,,2026-09-30,representative_point
way/1457769240,substation,,13.2549996,78.3869523,,2026-09-30,representative_point
way/1457769243,substation,,14.5753183,76.1929026,,2026-09-30,representative_point
way/1457769254,substation,,16.7934176,77.2062734,,2026-09-30,representative_point
way/1457769255,substation,,16.7912401,77.2019282,,2026-09-30,representative_point
way/1458023644,substation,,17.2494002,78.4748269,,2026-09-30,representative_point
way/1462375168,substation,,15.8492634,74.5081833,,2026-09-30,representative_point
way/1463167597,substation,,16.7694892,77.3836049,,2026-09-30,representative_point
way/146350043,substation,,17.3661684,78.5722999,,2026-09-30,representative_point
way/1464112494,substation,220000,16.7728573,80.0531909,,2026-09-30,representative_point
way/1464112495,substation,,16.625678,79.4912741,,2026-09-30,representative_point
way/1466860388,substation,,18.1412078,83.29492,,2026-09-30,representative_point
way/1466860389,substation,,17.6912807,83.190562,,2026-09-30,representative_point
way/1466860390,substation,,17.6582305,83.1045382,,2026-09-30,representative_point
way/1466860391,substation,,17.680199,83.2673684,,2026-09-30,representative_point
way/1466860392,substation,,17.688977,83.2522514,,2026-09-30,representative_point
way/1466860395,substation,,18.9102653,83.812345,,2026-09-30,representative_point
way/1466860397,substation,,18.6877936,83.8155743,,2026-09-30,representative_point
way/1466860398,substation,,18.5391579,83.7262166,,2026-09-30,representative_point
way/1466860399,substation,,18.5330647,84.2007235,,2026-09-30,representative_point
way/1466860401,substation,,18.6036176,83.9354074,,2026-09-30,representative_point
way/1466867882,substation,,16.3023964,80.3724843,,2026-09-30,representative_point
way/1466867883,substation,,16.2343158,79.8659478,,2026-09-30,representative_point
way/1466867884,substation,,16.7654443,79.081116,,2026-09-30,representative_point
way/1466867886,substation,,16.366857,79.3354592,,2026-09-30,representative_point
way/1466867887,substation,,16.5597133,79.3144843,,2026-09-30,representative_point
way/1466867888,substation,,16.7803059,79.8608986,,2026-09-30,representative_point
way/1466867891,substation,,16.7683669,79.8562825,,2026-09-30,representative_point
way/1466867893,substation,,16.9934117,79.3509047,,2026-09-30,representative_point
way/1466867894,substation,,17.0841929,79.3386751,,2026-09-30,representative_point
way/1466867895,substation,,16.894931,79.0519886,,2026-09-30,representative_point
way/1466867896,substation,,17.0072705,80.1126641,,2026-09-30,representative_point
way/1466867897,substation,,17.4836327,79.517101,,2026-09-30,representative_point
way/1466867898,substation,,17.4996546,79.7738273,,2026-09-30,representative_point
way/1466867899,substation,,17.5294895,79.8405164,,2026-09-30,representative_point
way/1466867900,substation,,17.2831286,80.1094092,,2026-09-30,representative_point
way/1466867901,substation,,17.251664,80.1508936,,2026-09-30,representative_point
way/1466867902,substation,,17.2390198,80.0919159,,2026-09-30,representative_point
way/1466867903,substation,,17.3092397,80.0353695,,2026-09-30,representative_point
way/1466867904,substation,,17.4705005,79.6141809,,2026-09-30,representative_point
way/1466867905,substation,,17.5303629,79.78947,,2026-09-30,representative_point
way/1466867906,substation,,17.3698027,79.8484075,,2026-09-30,representative_point
way/1466867907,substation,,17.3361089,80.003859,,2026-09-30,representative_point
way/1466867908,substation,,17.3916361,80.0439312,,2026-09-30,representative_point
way/1466867909,substation,,17.2579487,80.1201716,,2026-09-30,representative_point
way/1466867910,substation,,17.4679714,80.0918689,,2026-09-30,representative_point
way/1466867911,substation,,17.4672627,79.7435492,,2026-09-30,representative_point
way/1466867912,substation,,17.2370332,79.3096496,,2026-09-30,representative_point
way/1466867913,substation,,17.3086764,79.3199305,,2026-09-30,representative_point
way/1466867914,substation,,17.2925673,79.271923,,2026-09-30,representative_point
way/1466867915,substation,,17.4875008,79.0707546,,2026-09-30,representative_point
way/1466867916,substation,,17.2290135,79.0728575,,2026-09-30,representative_point
way/1466867917,substation,,17.3030234,80.2032839,,2026-09-30,representative_point
way/1466867918,substation,,17.2456405,80.1738922,,2026-09-30,representative_point
way/1466867919,substation,,17.0864017,81.0780796,,2026-09-30,representative_point
way/1466867920,substation,,17.110377,81.5343019,,2026-09-30,representative_point
way/1466867921,substation,,16.9835769,80.7999212,,2026-09-30,representative_point
way/1466867922,substation,,17.7085643,79.3134275,,2026-09-30,representative_point
way/1466867923,substation,,17.6707587,79.4211464,,2026-09-30,representative_point
way/1466867924,substation,,17.6214087,79.3472461,,2026-09-30,representative_point
way/1466867925,substation,,17.6235355,79.4085145,,2026-09-30,representative_point
way/1466867926,substation,,17.7279055,79.1565706,,2026-09-30,representative_point
way/1466867927,substation,,17.6521692,79.5578049,,2026-09-30,representative_point
way/1466867928,substation,,17.627269,79.8455161,,2026-09-30,representative_point
way/1466867929,substation,,17.7185047,79.5147514,,2026-09-30,representative_point
way/1466867930,substation,,17.6486663,79.7242843,,2026-09-30,representative_point
way/1466867931,substation,,17.7169807,79.6024838,,2026-09-30,representative_point
way/1466867932,substation,,17.6567647,79.885202,,2026-09-30,representative_point
way/1466867933,substation,,17.5928865,79.9571241,,2026-09-30,representative_point
way/1466867934,substation,,17.5912885,79.7580653,,2026-09-30,representative_point
way/1466867935,substation,,17.5786486,79.8239967,,2026-09-30,representative_point
way/1466867936,substation,,17.6489717,79.6840136,,2026-09-30,representative_point
way/1466867937,substation,,17.7892137,79.6043627,,2026-09-30,representative_point
way/1466867938,substation,,17.7663453,79.5269327,,2026-09-30,representative_point
way/1466867939,substation,,17.6823469,79.9054889,,2026-09-30,representative_point
way/1466867940,substation,,17.6233131,80.0397965,,2026-09-30,representative_point
way/1466867941,substation,,17.388594,82.6668218,,2026-09-30,representative_point
way/1467269594,substation,,14.2107591,79.875644,,2026-09-30,representative_point
way/1467269595,substation,,14.0842704,79.7951817,,2026-09-30,representative_point
way/1467269596,substation,,14.0944736,79.3569638,,2026-09-30,representative_point
way/1467269597,substation,,14.1189884,79.8756185,,2026-09-30,representative_point
way/1467269598,substation,,14.3225995,79.6720187,,2026-09-30,representative_point
way/1467269599,substation,,14.5757129,80.1133159,,2026-09-30,representative_point
way/1467269600,substation,,14.6782744,79.8332812,,2026-09-30,representative_point
way/1467269601,substation,,14.5392662,80.0545017,,2026-09-30,representative_point
way/1467269602,substation,,14.4694663,80.084175,,2026-09-30,representative_point
way/1467269603,substation,,14.1899025,79.3047291,,2026-09-30,representative_point
way/1467269604,substation,,14.9915509,78.8934124,,2026-09-30,representative_point
way/1467269605,substation,,15.2132994,79.9000937,,2026-09-30,representative_point
way/1467269606,substation,,15.1750797,79.4431271,,2026-09-30,representative_point
way/1467269607,substation,,14.43997,80.0019975,,2026-09-30,representative_point
way/1467269608,substation,,14.8355702,79.6476831,,2026-09-30,representative_point
way/1467269609,substation,,14.4339555,79.9942513,,2026-09-30,representative_point
way/1467269610,substation,,14.4449922,78.8711929,,2026-09-30,representative_point
way/1467269612,substation,,14.4127793,79.0278715,,2026-09-30,representative_point
way/1467269613,substation,,14.0987633,78.7606618,,2026-09-30,representative_point
way/1467269614,substation,,14.1899207,79.1644509,,2026-09-30,representative_point
way/1467269615,substation,,15.5426281,79.0192401,,2026-09-30,representative_point
way/1467269616,substation,,16.0284505,79.5078863,,2026-09-30,representative_point
way/1467269617,substation,,16.166191,79.9190354,,2026-09-30,representative_point
way/1467269618,substation,,15.9668244,79.6224394,,2026-09-30,representative_point
way/1467269619,substation,,15.6639221,79.4375896,,2026-09-30,representative_point
way/1467269620,substation,,15.5427819,80.1163897,,2026-09-30,representative_point
way/1467269621,substation,,16.1078931,79.8205689,,2026-09-30,representative_point
way/1467269622,substation,,16.0430269,80.1107517,,2026-09-30,representative_point
way/1467269623,substation,,16.1111555,79.3272234,,2026-09-30,representative_point
way/1467269624,substation,,15.9503044,80.5619341,,2026-09-30,representative_point
way/1467374377,substation,,8.1701119,77.3008373,,2026-09-30,representative_point
way/1467374378,substation,,8.9105574,76.6779587,,2026-09-30,representative_point
way/1467374379,substation,,8.7464958,77.706209,,2026-09-30,representative_point
way/1467374380,substation,,8.6562058,77.6071912,,2026-09-30,representative_point
way/1467375226,substation,,9.8409509,78.1619994,,2026-09-30,representative_point
way/1467375228,substation,,10.0240577,78.0162415,,2026-09-30,representative_point
way/1467375229,substation,,9.916382,78.1045479,,2026-09-30,representative_point
way/1467375230,substation,,9.9544265,78.1963706,,2026-09-30,representative_point
way/1467377946,substation,,11.3161793,77.7105984,,2026-09-30,representative_point
way/1467377947,substation,,11.288749,77.5785828,,2026-09-30,representative_point
way/1467377949,substation,,11.3764014,77.8141612,,2026-09-30,representative_point
way/1467377951,substation,,11.5470788,78.0629763,,2026-09-30,representative_point
way/1467377953,substation,,11.4455281,77.3659077,,2026-09-30,representative_point
way/1467377954,substation,,11.6679634,78.1284732,,2026-09-30,representative_point
way/1467377956,substation,,11.5343647,78.1432655,,2026-09-30,representative_point
way/1467377958,substation,,11.4181892,77.8131527,,2026-09-30,representative_point
way/1467377959,substation,,11.2834173,77.5698978,,2026-09-30,representative_point
way/1467377960,substation,,11.6113793,79.1863203,,2026-09-30,representative_point
way/1467377962,substation,,11.6791034,79.061442,,2026-09-30,representative_point
way/1467379850,substation,,10.9891457,79.4817147,,2026-09-30,representative_point
way/1467379851,substation,,11.2322732,77.7037333,,2026-09-30,representative_point
way/1467379852,substation,,11.1709867,78.2540435,,2026-09-30,representative_point
way/1467379853,substation,,11.0988672,77.8081182,,2026-09-30,representative_point
way/1467379855,substation,,11.1542019,77.9056084,,2026-09-30,representative_point
way/1467379856,substation,,11.0468152,77.7333315,,2026-09-30,representative_point
way/1467379857,substation,,11.0521473,77.1509421,,2026-09-30,representative_point
way/1467379858,substation,230000,11.0446684,77.2527373,,2026-09-30,representative_point
way/1467379859,substation,,11.1980111,77.2985803,,2026-09-30,representative_point
way/1467379860,substation,,11.242599,77.2854911,,2026-09-30,representative_point
way/1467379861,substation,,11.0994883,77.3308432,,2026-09-30,representative_point
way/1467379863,substation,,11.0485118,77.2741199,,2026-09-30,representative_point
way/1467379864,substation,,11.0652185,77.1106794,,2026-09-30,representative_point
way/1467379865,substation,,10.9829791,76.8482347,,2026-09-30,representative_point
way/1467379866,substation,,10.859292,76.8890123,,2026-09-30,representative_point
way/1467379867,substation,,11.0211089,76.9807774,,2026-09-30,representative_point
way/1467379868,substation,230000,10.9796851,76.9350511,,2026-09-30,representative_point
way/1467379869,substation,,10.9368057,76.9758596,,2026-09-30,representative_point
way/1467379870,substation,,11.039756,77.0206431,,2026-09-30,representative_point
way/1467379871,substation,,11.5274765,77.2391425,,2026-09-30,representative_point
way/1467381339,substation,,12.9886311,75.2711695,,2026-09-30,representative_point
way/1467381340,substation,,12.9743527,75.0702506,,2026-09-30,representative_point
way/1467381341,substation,,12.9593876,74.8571558,,2026-09-30,representative_point
way/1467381342,substation,,12.5161875,74.9855626,,2026-09-30,representative_point
way/1467381343,substation,,12.897531,80.0900504,,2026-09-30,representative_point
way/1467381344,substation,,12.0324595,78.985679,,2026-09-30,representative_point
way/1467381345,substation,,12.6371623,75.9340037,,2026-09-30,representative_point
way/1467381346,substation,,11.9316673,76.9796522,,2026-09-30,representative_point
way/1467381347,substation,,11.9298461,78.0682871,,2026-09-30,representative_point
way/1467381348,substation,,12.4795945,78.3229548,,2026-09-30,representative_point
way/1467381349,substation,,12.169791,77.3649193,,2026-09-30,representative_point
way/1467381351,substation,,12.6521246,77.1622758,,2026-09-30,representative_point
way/1467381352,substation,,12.3360295,77.0039356,,2026-09-30,representative_point
way/1467383586,substation,,14.8487827,74.2135987,,2026-09-30,representative_point
way/1467383595,substation,,14.7228749,76.4913158,,2026-09-30,representative_point
way/1467383596,substation,,15.1647688,78.1981301,,2026-09-30,representative_point
way/1467383597,substation,,15.0093912,78.6003837,,2026-09-30,representative_point
way/1467383598,substation,,14.8660931,78.1150219,,2026-09-30,representative_point
way/1467383599,substation,,15.4424445,78.1356521,,2026-09-30,representative_point
way/1467383600,substation,,15.422209,78.400653,,2026-09-30,representative_point
way/1467383601,substation,,14.955972,78.6413196,,2026-09-30,representative_point
way/1467383602,substation,,14.9101767,77.9902388,,2026-09-30,representative_point
way/1467383603,substation,,14.7461522,77.8104396,,2026-09-30,representative_point
way/1467383604,substation,,15.4397621,78.1470555,,2026-09-30,representative_point
way/1467383605,substation,,14.6729695,77.4657167,,2026-09-30,representative_point
way/1467383606,substation,,14.7083978,78.6268826,,2026-09-30,representative_point
way/1467383607,substation,,14.7939752,78.4443703,,2026-09-30,representative_point
way/1467545210,substation,,17.4252468,78.5420644,,2026-09-30,representative_point
way/1467545211,substation,,17.4860592,78.5033414,,2026-09-30,representative_point
way/1467545212,substation,,17.4781719,78.5374899,,2026-09-30,representative_point
way/1467545213,substation,,17.4544798,78.5115248,,2026-09-30,representative_point
way/1467545214,substation,,17.4822525,78.54268,,2026-09-30,representative_point
way/1467545215,substation,,17.4555813,78.5293655,,2026-09-30,representative_point
way/1467545216,substation,,17.458511,78.5429844,,2026-09-30,representative_point
way/1467545217,substation,,17.4328446,78.6425038,,2026-09-30,representative_point
way/1467545218,substation,,17.4714612,78.6271387,,2026-09-30,representative_point
way/1467545219,substation,,17.4553127,78.5971624,,2026-09-30,representative_point
way/1467545220,substation,,17.4379792,78.6521195,,2026-09-30,representative_point
way/1467545221,substation,,17.4191649,78.6300248,,2026-09-30,representative_point
way/1467545222,substation,,17.5011114,78.6734645,,2026-09-30,representative_point
way/1467545223,substation,,17.5222052,78.6579439,,2026-09-30,representative_point
way/1467545224,substation,,17.5003606,78.5813937,,2026-09-30,representative_point
way/1467545225,substation,,17.4971592,78.5812917,,2026-09-30,representative_point
way/1467545226,substation,,17.5384628,78.6296895,,2026-09-30,representative_point
way/1467545227,substation,,17.5172251,78.6062913,,2026-09-30,representative_point
way/1467545228,substation,,17.4993195,78.6117549,,2026-09-30,representative_point
way/1467545229,substation,,17.5323553,78.4334792,,2026-09-30,representative_point
way/1467545230,substation,,17.5315701,78.5589369,,2026-09-30,representative_point
way/1467545231,substation,,17.5143949,78.5651448,,2026-09-30,representative_point
way/1467545233,substation,,17.5005307,78.4502041,,2026-09-30,representative_point
way/1467545234,substation,,17.5024748,78.3995908,,2026-09-30,representative_point
way/1467545235,substation,,17.542152,78.467149,,2026-09-30,representative_point
way/1467545236,substation,,17.5632806,78.4648879,,2026-09-30,representative_point
way/1467545237,substation,,17.5003952,78.4516861,,2026-09-30,representative_point
way/1467545238,substation,,17.5384909,78.4330755,,2026-09-30,representative_point
way/1467545239,substation,,17.5369053,78.5393661,,2026-09-30,representative_point
way/1467545240,substation,,17.5186818,78.5096298,,2026-09-30,representative_point
way/1467545241,substation,,17.5732444,78.5324299,,2026-09-30,representative_point
way/1467545242,substation,,17.526662,78.5229014,,2026-09-30,representative_point
way/1467545243,substation,,17.5060292,78.4727857,,2026-09-30,representative_point
way/1467545244,substation,,17.5359104,78.4851292,,2026-09-30,representative_point
way/1467545245,substation,,17.4993591,78.4124748,,2026-09-30,representative_point
way/1467545246,substation,,17.522232,78.4292601,,2026-09-30,representative_point
way/1467545247,substation,,17.5461595,78.441672,,2026-09-30,representative_point
way/1467545248,substation,,17.5246593,78.4523593,,2026-09-30,representative_point
way/1467545249,substation,,17.5258614,78.4914739,,2026-09-30,representative_point
way/1467545250,substation,,17.5039649,78.430274,,2026-09-30,representative_point
way/1467545251,substation,,17.4204612,78.2218972,,2026-09-30,representative_point
way/1467545252,substation,,17.4067741,78.3779347,,2026-09-30,representative_point
way/1467545253,substation,,17.5217755,78.359182,,2026-09-30,representative_point
way/1467545254,substation,,17.5653315,78.3145434,,2026-09-30,representative_point
way/1467545255,substation,,17.5026923,78.3161178,,2026-09-30,representative_point
way/1467545256,substation,,17.4775835,78.3047855,,2026-09-30,representative_point
way/1467545257,substation,,17.4066398,78.2821503,,2026-09-30,representative_point
way/1467545258,substation,,17.5258499,78.3756267,,2026-09-30,representative_point
way/1467545259,substation,,17.5374078,78.293767,,2026-09-30,representative_point
way/1467545260,substation,,17.5603667,78.3495891,,2026-09-30,representative_point
way/1467545261,substation,,17.5089376,78.3011846,,2026-09-30,representative_point
way/1467545262,substation,,17.5474178,78.2916225,,2026-09-30,representative_point
way/1467545263,substation,,17.5304499,78.2757667,,2026-09-30,representative_point
way/1467545264,substation,,17.5169489,78.3198622,,2026-09-30,representative_point
way/1467545265,substation,,17.4380125,78.2529679,,2026-09-30,representative_point
way/1467545266,substation,,17.4791147,78.2912712,,2026-09-30,representative_point
way/1467545267,substation,,17.4877975,78.2364267,,2026-09-30,representative_point
way/1467545268,substation,,17.5118728,78.3664964,,2026-09-30,representative_point
way/1467545269,substation,,17.4263242,78.3341128,,2026-09-30,representative_point
way/1467545270,substation,,17.5195259,78.2755293,,2026-09-30,representative_point
way/1467545271,substation,,17.5900062,78.3802414,,2026-09-30,representative_point
way/1467545272,substation,,17.5824418,78.2530886,,2026-09-30,representative_point
way/1467545273,substation,,17.5813781,78.4202184,,2026-09-30,representative_point
way/1467545274,substation,,17.6137254,78.4919246,,2026-09-30,representative_point
way/1467545275,substation,,17.5915352,78.3727097,,2026-09-30,representative_point
way/1467545276,substation,,17.6056915,78.2820162,,2026-09-30,representative_point
way/1467545277,substation,,18.2025116,78.1273815,,2026-09-30,representative_point
way/1467545278,substation,,17.726195,78.4837385,,2026-09-30,representative_point
way/1467545279,substation,,18.1936635,78.5100026,,2026-09-30,representative_point
way/1467545280,substation,,18.2337497,78.6193751,,2026-09-30,representative_point
way/1467545281,substation,,18.1800178,77.7365193,,2026-09-30,representative_point
way/1467545282,substation,,17.6547443,78.6133656,,2026-09-30,representative_point
way/1467545283,substation,,17.7902864,78.3894816,,2026-09-30,representative_point
way/1467545916,substation,,17.403539,78.505239,,2026-09-30,representative_point
way/1467558655,substation,,17.3921774,75.9817752,,2026-09-30,representative_point
way/1467558656,substation,,17.3688018,76.0518023,,2026-09-30,representative_point
way/1467558657,substation,,17.3527735,75.9378715,,2026-09-30,representative_point
way/1467558660,substation,,17.1254792,77.9481751,,2026-09-30,representative_point
way/1467558661,substation,,17.0227388,77.7373561,,2026-09-30,representative_point
way/1467558662,substation,,17.20867,78.3323278,,2026-09-30,representative_point
way/1467558663,substation,,17.0030691,78.6465552,,2026-09-30,representative_point
way/1467558664,substation,,17.0874657,78.3638048,,2026-09-30,representative_point
way/1467558665,substation,,17.3521322,78.3572294,,2026-09-30,representative_point
way/1467558666,substation,,17.3212569,78.3973807,,2026-09-30,representative_point
way/1467558667,substation,,17.4023963,78.3700275,,2026-09-30,representative_point
way/1467558668,substation,,17.3140129,78.4329696,,2026-09-30,representative_point
way/1467558669,substation,,17.2926339,78.4166966,,2026-09-30,representative_point
way/1467558670,substation,,17.3060644,78.4548242,,2026-09-30,representative_point
way/1467558671,substation,,17.279867,78.5546198,,2026-09-30,representative_point
way/1467558672,substation,,17.3086892,78.5428007,,2026-09-30,representative_point
way/1467558673,substation,,17.282697,78.4924127,,2026-09-30,representative_point
way/1467558674,substation,,17.2767475,78.4502859,,2026-09-30,representative_point
way/1467558675,substation,,17.2976738,78.5918409,,2026-09-30,representative_point
way/1467558676,substation,,17.3159936,78.5817263,,2026-09-30,representative_point
way/1467558677,substation,,17.3269144,78.6361872,,2026-09-30,representative_point
way/1467558678,substation,,17.3242489,78.5747257,,2026-09-30,representative_point
way/1467558679,substation,,17.3376464,78.5746814,,2026-09-30,representative_point
way/1467558680,substation,220000,17.3378525,78.5755786,,2026-09-30,representative_point
way/1467558681,substation,,17.3347826,78.6124241,,2026-09-30,representative_point
way/1467558682,substation,,17.3503516,78.4570411,,2026-09-30,representative_point
way/1467558683,substation,,17.3310677,78.4702286,,2026-09-30,representative_point
way/1467558684,substation,,17.3157132,78.4448867,,2026-09-30,representative_point
way/1467558685,substation,,17.3157887,78.4451294,,2026-09-30,representative_point
way/1467558686,substation,,17.3162855,78.4518886,,2026-09-30,representative_point
way/1467558687,substation,,17.3420437,78.4531935,,2026-09-30,representative_point
way/1467558688,substation,,17.3474586,78.5001133,,2026-09-30,representative_point
way/1467558689,substation,,17.3798155,78.5221571,,2026-09-30,representative_point
way/1467558690,substation,,17.3804977,78.5570003,,2026-09-30,representative_point
way/1467558691,substation,,17.3843334,78.5175115,,2026-09-30,representative_point
way/1467558692,substation,,17.3959668,78.4999832,,2026-09-30,representative_point
way/1467558693,substation,,17.3919138,78.5555264,,2026-09-30,representative_point
way/1467558694,substation,220000,17.3922184,78.5529783,,2026-09-30,representative_point
way/1467558695,substation,,17.3970329,78.4888588,,2026-09-30,representative_point
way/1467558696,substation,,17.3640877,78.5155776,,2026-09-30,representative_point
way/1467558697,substation,,17.3872028,78.548023,,2026-09-30,representative_point
way/1467558698,substation,,17.3608314,78.4398133,,2026-09-30,representative_point
way/1467558699,substation,220000,17.3771213,78.4826897,,2026-09-30,representative_point
way/1467558700,substation,,17.3708139,78.4778443,,2026-09-30,representative_point
way/1467558701,substation,,17.4335343,78.4838967,,2026-09-30,representative_point
way/1467558702,substation,,17.4204215,78.5407475,,2026-09-30,representative_point
way/1467558703,substation,,17.4267784,78.4921458,,2026-09-30,representative_point
way/1467558704,substation,,17.4322945,78.5308166,,2026-09-30,representative_point
way/1467558705,substation,,17.4266389,78.5177194,,2026-09-30,representative_point
way/1467562817,substation,,17.2711141,80.1431487,,2026-09-30,representative_point
way/1467562818,substation,,17.5292146,79.4018506,,2026-09-30,representative_point
way/1467562819,substation,,17.3214848,79.4652285,,2026-09-30,representative_point
way/1467562820,substation,,17.5161752,79.7330806,,2026-09-30,representative_point
way/1467562821,substation,,17.3446667,79.2787626,,2026-09-30,representative_point
way/1467562822,substation,,17.3527582,79.9627353,,2026-09-30,representative_point
way/1467562823,substation,,17.2684593,79.6178395,,2026-09-30,representative_point
way/1467562824,substation,,17.0167706,80.0589314,,2026-09-30,representative_point
way/1467562825,substation,,17.0108985,79.8084614,,2026-09-30,representative_point
way/1467562826,substation,,17.5281096,79.5025521,,2026-09-30,representative_point
way/1467562827,substation,,17.4095523,78.9144234,,2026-09-30,representative_point
way/1467562828,substation,,18.0347418,80.5679584,,2026-09-30,representative_point
way/1467562829,substation,,18.036119,80.7219855,,2026-09-30,representative_point
way/1467562830,substation,,18.0111309,80.8657479,,2026-09-30,representative_point
way/1467562831,substation,,18.2510491,80.5111518,,2026-09-30,representative_point
way/1467562832,substation,,18.1609898,80.3939433,,2026-09-30,representative_point
way/1467562833,substation,,17.622559,79.4532484,,2026-09-30,representative_point
way/1467562834,substation,,18.2032926,80.1219124,,2026-09-30,representative_point
way/1467562835,substation,,18.1510041,80.147852,,2026-09-30,representative_point
way/1467562836,substation,,18.0629269,79.1786385,,2026-09-30,representative_point
way/1467562837,substation,,18.2278049,79.4352186,,2026-09-30,representative_point
way/1467562838,substation,,18.0854294,79.8586012,,2026-09-30,representative_point
way/1467562839,substation,,18.0967662,79.2168546,,2026-09-30,representative_point
way/1467562840,substation,,18.2287985,79.6933879,,2026-09-30,representative_point
way/1467562841,substation,,18.2390752,79.3206333,,2026-09-30,representative_point
way/1467562842,substation,,17.8449198,78.8053675,,2026-09-30,representative_point
way/1467562843,substation,,17.8773139,79.7243379,,2026-09-30,representative_point
way/1467562844,substation,,17.9943855,80.0446889,,2026-09-30,representative_point
way/1467562845,substation,,18.2426875,79.359768,,2026-09-30,representative_point
way/1467562846,substation,,18.0599408,78.7974764,,2026-09-30,representative_point
way/1467562847,substation,,17.9091433,79.4309109,,2026-09-30,representative_point
way/1467562848,substation,,18.1707519,79.7724983,,2026-09-30,representative_point
way/1467562849,substation,,18.263133,78.9504924,,2026-09-30,representative_point
way/1467562850,substation,,17.8942235,79.4980842,,2026-09-30,representative_point
way/1467562851,substation,,18.0891774,83.4025249,,2026-09-30,representative_point
way/1467562852,substation,,18.1235329,83.4059031,,2026-09-30,representative_point
way/1467562884,substation,,17.3991726,75.7783176,,2026-09-30,representative_point
way/1467562889,substation,,17.4254848,75.8461118,,2026-09-30,representative_point
way/1467562890,substation,,17.4171892,75.9166069,,2026-09-30,representative_point
way/1467562893,substation,,17.4524341,75.6897108,,2026-09-30,representative_point
way/1467587609,substation,,19.8327549,78.3777376,,2026-09-30,representative_point
way/1467587612,substation,,19.7513963,78.4521997,,2026-09-30,representative_point
way/1467597151,substation,,19.449553,78.7123927,,2026-09-30,representative_point
way/1467671663,substation,,18.0538804,77.9089478,,2026-09-30,representative_point
way/1467671664,substation,,18.5897476,78.1893419,,2026-09-30,representative_point
way/1467671665,substation,,18.7851569,77.9819763,,2026-09-30,representative_point
way/1467671666,substation,,18.882011,78.2139873,,2026-09-30,representative_point
way/1467671667,substation,,19.163354,78.0372043,,2026-09-30,representative_point
way/1467671668,substation,,18.3293806,77.7301745,,2026-09-30,representative_point
way/1467671669,substation,,18.4037178,77.9113054,,2026-09-30,representative_point
way/1467672686,substation,,16.2846582,75.59212,,2026-09-30,representative_point
way/1467672688,substation,,16.3654029,75.2166456,,2026-09-30,representative_point
way/1467672689,substation,,15.866657,76.8201157,,2026-09-30,representative_point
way/1467735487,substation,,17.8361689,83.0853571,,2026-09-30,representative_point
way/1467735488,substation,,17.8244218,83.0849341,,2026-09-30,representative_point
way/1468089869,substation,,16.5037457,81.8969232,,2026-09-30,representative_point
way/1468089870,substation,,16.6087584,81.9553779,,2026-09-30,representative_point
way/1468089871,substation,,16.8346857,82.0349523,,2026-09-30,representative_point
way/1468089872,substation,,16.5129329,81.8302783,,2026-09-30,representative_point
way/1468089873,substation,,16.8336562,80.8890188,,2026-09-30,representative_point
way/1468089874,substation,,16.9460784,80.8860067,,2026-09-30,representative_point
way/1468089875,substation,,16.9863114,81.23887,,2026-09-30,representative_point
way/1468089877,substation,,17.9116993,83.1338266,,2026-09-30,representative_point
way/1468089878,substation,,17.0121386,81.7355923,,2026-09-30,representative_point
way/1468089879,substation,,17.303067,82.0906216,,2026-09-30,representative_point
way/1468089881,substation,,17.1032337,82.2214705,,2026-09-30,representative_point
way/1468089882,substation,,17.1923613,82.2301273,,2026-09-30,representative_point
way/1468089883,substation,,16.943224,82.0890109,,2026-09-30,representative_point
way/1468089884,substation,,17.0768756,81.8196702,,2026-09-30,representative_point
way/1468089885,substation,,17.0130491,81.6482824,,2026-09-30,representative_point
way/1468089887,substation,,17.1782844,81.6120297,,2026-09-30,representative_point
way/1468089888,substation,,18.2193326,83.8861848,,2026-09-30,representative_point
way/1468094720,substation,,9.648723,77.2434327,,2026-09-30,representative_point
way/1468094724,substation,,11.0620491,77.5233011,,2026-09-30,representative_point
way/1468094725,substation,,10.8397009,77.22352,,2026-09-30,representative_point
way/1468094728,substation,,11.1319185,76.6824004,,2026-09-30,representative_point
way/1468094729,substation,,11.102144,77.2104228,,2026-09-30,representative_point
way/1468094731,substation,,11.8328316,75.9817189,,2026-09-30,representative_point
way/1468094732,substation,,12.1013078,77.3296738,,2026-09-30,representative_point
way/1468094733,substation,,11.4553783,77.2980773,,2026-09-30,representative_point
way/1468094735,substation,,11.9109257,76.9325405,,2026-09-30,representative_point
way/1468094736,substation,,11.523006,77.42302,,2026-09-30,representative_point
way/1468423149,substation,,13.0119773,74.7916577,,2026-09-30,representative_point
way/1468874888,substation,,14.9582174,78.4800799,,2026-09-30,representative_point
way/1468874889,substation,,15.2072313,78.4412053,,2026-09-30,representative_point
way/1468874890,substation,,15.2334697,78.989988,,2026-09-30,representative_point
way/1468874892,substation,,15.3469679,80.0259832,,2026-09-30,representative_point
way/1468874893,substation,,15.0610927,79.2905188,,2026-09-30,representative_point
way/1468874894,substation,,14.8913665,78.8937932,,2026-09-30,representative_point
way/1468874895,substation,,15.0970528,79.4047755,,2026-09-30,representative_point
way/1468874896,substation,,14.8568897,80.0656879,,2026-09-30,representative_point
way/1468874897,substation,,15.5783364,79.870643,,2026-09-30,representative_point
way/1468874898,substation,,15.6085308,79.8836437,,2026-09-30,representative_point
way/1468877019,substation,110000,9.2312984,78.384152,,2026-09-30,representative_point
way/1468877021,substation,110000,9.2149075,78.388634,,2026-09-30,representative_point
way/1468881077,substation,,10.2183037,79.0887925,,2026-09-30,representative_point
way/1468887803,substation,,12.398225,78.0514428,,2026-09-30,representative_point
way/1468887804,substation,,12.2421648,76.6477892,,2026-09-30,representative_point
way/1468887805,substation,,12.4292058,76.1889786,,2026-09-30,representative_point
way/1468887808,substation,,11.8116742,78.9417243,,2026-09-30,representative_point
way/1468888440,substation,,13.7689917,79.6112788,,2026-09-30,representative_point
way/1468889565,substation,,13.5255556,79.7357842,,2026-09-30,representative_point
way/1468890182,substation,,14.2251686,78.0711544,,2026-09-30,representative_point
way/1468890183,substation,,13.9345436,79.333296,,2026-09-30,representative_point
way/1468890184,substation,,13.9350408,78.8225886,,2026-09-30,representative_point
way/1468890186,substation,,13.3435767,79.420571,,2026-09-30,representative_point
way/1468898815,substation,,12.9997203,75.022746,,2026-09-30,representative_point
way/1468898821,substation,,14.5276851,75.4436731,,2026-09-30,representative_point
way/1468898822,substation,,14.5055466,76.7241798,,2026-09-30,representative_point
way/1468898824,substation,,12.5543567,76.0356957,,2026-09-30,representative_point
way/1468898827,substation,,12.6167615,77.075918,,2026-09-30,representative_point
way/1468898829,substation,,12.8650459,77.1107063,,2026-09-30,representative_point
way/1468898830,substation,,13.1131997,76.6109383,,2026-09-30,representative_point
way/1468898831,substation,,12.834242,76.1710292,,2026-09-30,representative_point
way/1468898832,substation,,13.0702242,76.6497499,,2026-09-30,representative_point
way/1468898833,substation,,12.9497092,77.077125,,2026-09-30,representative_point
way/1468898834,substation,,12.5451016,78.4521621,,2026-09-30,representative_point
way/1468974308,substation,,14.8274831,75.4394942,,2026-09-30,representative_point
way/1468974309,substation,,14.9170387,75.2506158,,2026-09-30,representative_point
way/1468974310,substation,,14.8832361,75.1501536,,2026-09-30,representative_point
way/1468974311,substation,,15.4217708,75.5575798,,2026-09-30,representative_point
way/1468974312,substation,,15.0786864,75.2833964,,2026-09-30,representative_point
way/1468974313,substation,,15.3621698,75.1580152,,2026-09-30,representative_point
way/1468974314,substation,,14.7840764,75.0621664,,2026-09-30,representative_point
way/1468974315,substation,,14.6321921,76.7306372,,2026-09-30,representative_point
way/1468974316,substation,,15.4001874,76.5219708,,2026-09-30,representative_point
way/1468974317,substation,,15.0598313,77.5036767,,2026-09-30,representative_point
way/1468974318,substation,,13.7876228,77.0009744,,2026-09-30,representative_point
way/1468974858,substation,,14.7602701,75.1212354,,2026-09-30,representative_point
way/1468977069,substation,,14.9402096,78.2314096,,2026-09-30,representative_point
way/1468977070,substation,,14.903299,77.9976001,,2026-09-30,representative_point
way/1468977072,substation,,15.8472659,78.020757,,2026-09-30,representative_point
way/1468977075,substation,,15.9014055,79.2147464,,2026-09-30,representative_point
way/1468977076,substation,,16.0884997,80.1466477,,2026-09-30,representative_point
way/1468977077,substation,,16.0976394,80.0391434,,2026-09-30,representative_point
way/1468977078,substation,,16.0605278,79.8762381,,2026-09-30,representative_point
way/1468977079,substation,,15.7630091,79.4762443,,2026-09-30,representative_point
way/1468977080,substation,,16.0951989,79.4016883,,2026-09-30,representative_point
way/1468977081,substation,,15.6472547,79.1842657,,2026-09-30,representative_point
way/1468977082,substation,,16.0573677,79.2506276,,2026-09-30,representative_point
way/1468977083,substation,,15.9056643,79.8132102,,2026-09-30,representative_point
way/1468977084,substation,,15.9093659,79.9526435,,2026-09-30,representative_point
way/1468977085,substation,,15.7804789,80.327387,,2026-09-30,representative_point
way/1468977087,substation,,16.378072,76.4656162,,2026-09-30,representative_point
way/1468977089,substation,,15.6077429,76.2652847,,2026-09-30,representative_point
way/1468977091,substation,,15.7972593,74.3513355,,2026-09-30,representative_point
way/1468977093,substation,,16.0270829,74.4296144,,2026-09-30,representative_point
way/1468977095,substation,,15.6322144,74.8777056,,2026-09-30,representative_point
way/1468977096,substation,,15.9288077,75.1173502,,2026-09-30,representative_point
way/1468977097,substation,,16.4189599,75.4336712,,2026-09-30,representative_point
way/1468977098,substation,,16.2203793,74.758063,,2026-09-30,representative_point
way/1468982354,substation,,16.1587348,79.7589471,,2026-09-30,representative_point
way/1468982356,substation,,16.0799034,80.5475843,,2026-09-30,representative_point
way/1468982357,substation,,15.9255966,80.4204744,,2026-09-30,representative_point
way/1468982358,substation,,16.8081615,80.8740842,,2026-09-30,representative_point
way/1468982359,substation,,16.3954222,80.1565383,,2026-09-30,representative_point
way/1468982360,substation,,16.5118978,80.7493454,,2026-09-30,representative_point
way/1468982361,substation,,16.8514492,80.7269275,,2026-09-30,representative_point
way/1468982362,substation,,16.833904,80.2321109,,2026-09-30,representative_point
way/1468982363,substation,,16.4935525,80.6833215,,2026-09-30,representative_point
way/1468982364,substation,,16.4602816,80.7354274,,2026-09-30,representative_point
way/1468982365,substation,,16.2384001,80.067886,,2026-09-30,representative_point
way/1468982366,substation,,16.3345142,80.0957917,,2026-09-30,representative_point
way/1468982368,substation,,16.4928015,79.3252105,,2026-09-30,representative_point
way/1468982369,substation,,16.3125083,79.3337265,,2026-09-30,representative_point
way/1468982371,substation,,17.1567218,79.3104208,,2026-09-30,representative_point
way/1468982373,substation,,17.4721148,80.4006207,,2026-09-30,representative_point
way/1468982375,substation,,17.0758166,80.2109939,,2026-09-30,representative_point
way/1468982376,substation,,17.1436585,80.177705,,2026-09-30,representative_point
way/1468982377,substation,,17.1808879,80.4674157,,2026-09-30,representative_point
way/1468982378,substation,,18.208456,80.6663686,,2026-09-30,representative_point
way/1468982379,substation,,18.2294329,79.5537105,,2026-09-30,representative_point
way/1468982380,substation,,17.6841115,79.5524982,,2026-09-30,representative_point
way/1468982381,substation,,18.0254899,79.808967,,2026-09-30,representative_point
way/1468982382,substation,,17.9872821,79.8613451,,2026-09-30,representative_point
way/1468982383,substation,,17.8468589,79.476825,,2026-09-30,representative_point
way/1468982384,substation,,18.0989244,79.9434328,,2026-09-30,representative_point
way/1468982385,substation,,18.0193391,83.4753388,,2026-09-30,representative_point
way/1468982386,substation,,18.5337005,83.4478126,,2026-09-30,representative_point
way/1468982388,substation,,18.6713703,83.3728006,,2026-09-30,representative_point
way/1468982390,substation,,18.3468219,83.8906655,,2026-09-30,representative_point
way/1468982391,substation,,18.6603761,84.1105127,,2026-09-30,representative_point
way/1468982398,substation,,18.9512475,79.7954164,,2026-09-30,representative_point
way/1468982400,substation,,18.4624852,80.3810553,,2026-09-30,representative_point
way/1469075717,substation,,19.6822832,78.5007517,,2026-09-30,representative_point
way/1469075718,substation,,19.8011206,78.5962383,,2026-09-30,representative_point
way/1469075742,substation,,18.6284606,77.9361708,,2026-09-30,representative_point
way/1469078036,substation,,17.824672,79.0183778,,2026-09-30,representative_point
way/1469078037,substation,,17.9282649,78.8938723,,2026-09-30,representative_point
way/1469078038,substation,,18.4056405,78.819484,,2026-09-30,representative_point
way/1469078039,substation,,18.7861942,78.7776831,,2026-09-30,representative_point
way/1469078040,substation,,18.3785991,78.7915099,,2026-09-30,representative_point
way/1469078041,substation,,19.3526185,79.3097422,,2026-09-30,representative_point
way/1469078042,substation,,17.9016331,78.6516823,,2026-09-30,representative_point
way/1469078044,substation,,18.8145281,78.1242742,,2026-09-30,representative_point
way/1469078045,substation,,18.6274719,78.0451356,,2026-09-30,representative_point
way/1470109100,substation,,12.0829542,75.7607317,,2026-09-30,representative_point
way/1470109101,substation,,12.8487102,75.6547737,,2026-09-30,representative_point
way/1470109103,substation,,12.6732056,75.7181677,,2026-09-30,representative_point
way/1470109106,substation,,12.8441103,75.6790397,,2026-09-30,representative_point
way/1470109108,substation,,12.8398738,75.6835994,,2026-09-30,representative_point
way/1470127961,substation,,11.3048014,76.576091,,2026-09-30,representative_point
way/1470127965,substation,220000,10.0262288,76.8401116,,2026-09-30,representative_point
way/1470127971,substation,,12.446891,75.4217112,,2026-09-30,representative_point
way/1470131479,substation,,16.268632,76.9665858,,2026-09-30,representative_point
way/1470131480,substation,,15.9184803,77.1747762,,2026-09-30,representative_point
way/1470894343,substation,,18.7845449,78.619599,,2026-09-30,representative_point
way/1472970528,substation,,16.9039835,81.7036275,,2026-09-30,representative_point
way/1473311745,substation,400000,15.6206819,78.1898434,,2026-09-30,representative_point
way/1473311746,substation,400000,15.6139102,78.250547,,2026-09-30,representative_point
way/1473314531,substation,400000,15.589255,78.2495123,,2026-09-30,representative_point
way/1473358510,substation,400000,16.7044513,79.5748293,,2026-09-30,representative_point
way/1473359212,substation,400000;220000,16.712399,79.5497241,,2026-09-30,representative_point
way/1473546114,substation,400000,13.295118,80.3078454,,2026-09-30,representative_point
way/1473566276,substation,220000,17.0805147,76.8862972,,2026-09-30,representative_point
way/147488165,substation,66000;11000,13.1998164,77.6797765,,2026-09-30,representative_point
way/1483365126,substation,400000;220000,16.3627758,80.9358924,,2026-09-30,representative_point
way/1485962623,substation,,17.7826158,83.3587109,,2026-09-30,representative_point
way/1491695384,substation,400000,16.09603,78.9028883,,2026-09-30,representative_point
way/1492456744,substation,220000,18.161754,78.9829232,,2026-09-30,representative_point
way/1492458731,substation,220000,18.6624972,78.1960143,,2026-09-30,representative_point
way/1492459135,substation,220000,17.0872886,78.2797555,,2026-09-30,representative_point
way/1492476185,substation,220000,17.9416328,79.5574535,,2026-09-30,representative_point
way/1492489143,substation,220000,17.2040027,80.6107277,,2026-09-30,representative_point
way/1492513831,substation,220000,17.8358291,78.7272878,,2026-09-30,representative_point
way/1492520041,substation,220000,17.9775227,78.8800478,,2026-09-30,representative_point
way/1492577520,substation,220000,17.3651057,78.501653,,2026-09-30,representative_point
way/1492579239,substation,220000,16.1729702,78.2602637,,2026-09-30,representative_point
way/1492723610,substation,,13.0679574,74.8044607,,2026-09-30,representative_point
way/1492723611,substation,,13.067317,74.8041741,,2026-09-30,representative_point
way/1493082436,substation,,13.4818875,74.7560554,,2026-09-30,representative_point
way/1493082437,substation,,13.4820982,74.7559634,,2026-09-30,representative_point
way/1493082438,substation,,13.4827154,74.7555649,,2026-09-30,representative_point
way/1493508328,substation,,12.9591875,74.8577537,,2026-09-30,representative_point
way/1493590424,substation,,12.8756015,74.9567458,,2026-09-30,representative_point
way/1493590425,substation,,12.8756081,74.9567569,,2026-09-30,representative_point
way/1493958741,substation,,15.2647093,76.3369292,,2026-09-30,representative_point
way/1493958745,substation,,16.17907,74.6837363,,2026-09-30,representative_point
way/1493958747,substation,,16.3312285,76.5603948,,2026-09-30,representative_point
way/1493958753,substation,,16.176221,76.1478898,,2026-09-30,representative_point
way/1493958756,substation,,15.7344549,75.159241,,2026-09-30,representative_point
way/1493958757,substation,,15.6398264,74.4989937,,2026-09-30,representative_point
way/1493989560,substation,,12.7754913,75.1966685,,2026-09-30,representative_point
way/1494232724,substation,220000,13.9533692,77.7643201,,2026-09-30,representative_point
way/1494251374,substation,220000,17.7536787,81.4098971,,2026-09-30,representative_point
way/1494282902,substation,220000,14.9258539,78.2635887,,2026-09-30,representative_point
way/1494286035,substation,220000,14.9491545,78.2493044,,2026-09-30,representative_point
way/1494287573,substation,220000,15.4271008,78.0907925,,2026-09-30,representative_point
way/1494323624,substation,220000,14.8219219,78.9783697,,2026-09-30,representative_point
way/1494323853,substation,220000,14.8380447,79.0171174,,2026-09-30,representative_point
way/1494525176,substation,,17.8154784,83.2189298,,2026-09-30,representative_point
way/1494538241,substation,220000,16.9407566,80.6525312,,2026-09-30,representative_point
way/1494539956,substation,220000,15.4081979,78.0599366,,2026-09-30,representative_point
way/1494896787,substation,230000,11.251062,76.6790421,,2026-09-30,representative_point
way/1494908176,substation,230000,13.129335,80.274876,,2026-09-30,representative_point
way/1494909752,substation,230000,8.8491387,77.767653,,2026-09-30,representative_point
way/1495342402,substation,,16.987257,78.3616655,,2026-09-30,representative_point
way/1495481340,substation,,13.3406214,74.7709015,,2026-09-30,representative_point
way/1495481342,substation,,13.3406417,74.7709175,,2026-09-30,representative_point
way/1495790916,substation,,17.7153652,83.3102953,,2026-09-30,representative_point
way/1495857719,substation,,17.6838336,83.1988482,,2026-09-30,representative_point
way/1497373620,substation,220000,13.0370877,77.557665,,2026-09-30,representative_point
way/1497854134,substation,400000,11.5213175,79.7466948,,2026-09-30,representative_point
way/1499554919,substation,220000,12.972629,77.7603207,,2026-09-30,representative_point
way/1499562932,substation,230000,13.255665,80.3252589,,2026-09-30,representative_point
way/1499563248,substation,400000,13.2591277,80.3259258,,2026-09-30,representative_point
way/1499592966,substation,220000,16.6384087,75.4307705,,2026-09-30,representative_point
way/1499595881,substation,220000,15.6263537,75.9791706,,2026-09-30,representative_point
way/1499838483,substation,230000,8.8786101,77.6312868,,2026-09-30,representative_point
way/1499850089,substation,220000,16.2078421,74.7392346,,2026-09-30,representative_point
way/1500234490,substation,,18.6076102,78.4744589,,2026-09-30,representative_point
way/1507512139,substation,66000;11000,13.0796716,77.5189251,,2026-09-30,representative_point
way/1507895523,substation,,13.2136809,77.6831084,,2026-09-30,representative_point
way/1508386877,substation,,12.9788758,77.7043394,,2026-09-30,representative_point
way/1509782639,substation,,17.738701,83.3080684,,2026-09-30,representative_point
way/1510432407,substation,,13.2117405,77.7118483,,2026-09-30,representative_point
way/1512706608,substation,,17.7372523,83.3130358,,2026-09-30,representative_point
way/1513974487,substation,,12.9347945,77.6776072,,2026-09-30,representative_point
way/1514328261,substation,,14.1436554,79.4027236,,2026-09-30,representative_point
way/1514503456,substation,,17.6665018,83.0874434,,2026-09-30,representative_point
way/1533003497,substation,,13.2084869,74.7648919,,2026-09-30,representative_point
way/1533924958,substation,,17.4334515,82.8916282,,2026-09-30,representative_point
way/1537121520,substation,110000,9.1563638,78.5400657,,2026-09-30,representative_point
way/1537121532,substation,110000,9.2190648,78.406099,,2026-09-30,representative_point
way/1537187623,substation,110000,9.9977893,78.5379674,,2026-09-30,representative_point
way/1537187627,substation,110000,9.8866095,78.2645944,,2026-09-30,representative_point
way/1537187630,substation,110000,9.806076,78.4495362,,2026-09-30,representative_point
way/1537187638,substation,110000;22000,9.8495348,78.6204207,,2026-09-30,representative_point
way/1537187639,substation,110000,9.9084826,78.4337838,,2026-09-30,representative_point
way/1537187646,substation,110000,9.8530149,78.3453656,,2026-09-30,representative_point
way/1537187647,substation,110000,9.8612047,78.4850291,,2026-09-30,representative_point
way/1537187648,substation,110000,9.674837,78.4561735,,2026-09-30,representative_point
way/1537187653,substation,110000,9.7193832,78.4636878,,2026-09-30,representative_point
way/1537187654,substation,110000,9.4890008,78.227702,,2026-09-30,representative_point
way/1537649567,substation,110000,10.0500366,76.3310581,,2026-09-30,representative_point
way/1539499101,substation,,14.0976707,74.505541,,2026-09-30,representative_point
way/1539519085,substation,,13.057984,80.08707,,2026-09-30,representative_point
way/1548037878,transformer,,8.9934519,76.9995836,,2026-09-30,representative_point
way/1548868350,substation,,13.2239244,77.77024,,2026-09-30,representative_point
way/155110874,substation,110000;11000,11.4051369,76.6800686,,2026-09-30,representative_point
way/155204896,substation,,12.9852768,80.2505305,,2026-09-30,representative_point
way/1552346051,substation,400000,13.1030212,74.9220849,,2026-09-30,representative_point
way/1552799966,substation,,12.9680535,77.7069667,,2026-09-30,representative_point
way/1558262994,substation,,8.0813478,77.547166,,2026-09-30,representative_point
way/1559361291,substation,,12.9903153,77.7457779,,2026-09-30,representative_point
way/1561251844,substation,765000;400000,18.3035916,77.2938542,,2026-09-30,representative_point
way/1561254252,substation,400000;220000,12.8296202,76.9892424,,2026-09-30,representative_point
way/1561263133,substation,765000;400000;220000,15.5676527,76.1174822,,2026-09-30,representative_point
way/1561266778,substation,220000,15.3270298,75.968181,,2026-09-30,representative_point
way/1561268261,substation,220000;33000,15.6167999,76.2755604,,2026-09-30,representative_point
way/1561331528,substation,220000,15.2657736,76.0076451,,2026-09-30,representative_point
way/1561333127,substation,220000,14.1078676,76.8837441,,2026-09-30,representative_point
way/1561334972,substation,220000,18.1452969,77.4065218,,2026-09-30,representative_point
way/1561335336,substation,220000,16.4030004,76.0656189,,2026-09-30,representative_point
way/1561559167,substation,110000,15.8712959,76.6861474,,2026-09-30,representative_point
way/1561652597,substation,400000;220000,15.3794282,75.8270658,,2026-09-30,representative_point
way/1561704195,substation,220000;66000,12.9721651,77.7607933,,2026-09-30,representative_point
way/1561705615,substation,220000;132000,13.3976984,78.6038521,,2026-09-30,representative_point
way/1562470448,substation,400000,15.6533876,77.7745068,,2026-09-30,representative_point
way/1562472397,substation,400000,15.4835379,78.2376863,,2026-09-30,representative_point
way/157767226,substation,110000,8.2597543,77.5389078,,2026-09-30,representative_point
way/157807176,substation,230000;110000,8.2101396,77.6698761,,2026-09-30,representative_point
way/159521153,substation,220000,13.7030025,74.9981951,,2026-09-30,representative_point
way/164140319,substation,,12.9630261,77.6489263,,2026-09-30,representative_point
way/165506509,substation,66000;11000,12.9715799,77.6051047,,2026-09-30,representative_point
way/166612988,substation,,12.9651701,77.636435,,2026-09-30,representative_point
way/168500527,substation,220000;132000,18.004657,79.5855482,,2026-09-30,representative_point
way/168967817,substation,132000,17.0332373,80.0060934,,2026-09-30,representative_point
way/169066092,substation,,17.3731026,79.980764,,2026-09-30,representative_point
way/169069352,substation,,17.2588746,79.9237976,,2026-09-30,representative_point
way/169124469,substation,,17.2452423,79.8558262,,2026-09-30,representative_point
way/169134994,substation,,17.1852583,79.7659645,,2026-09-30,representative_point
way/169198037,substation,,17.5039916,80.8195222,,2026-09-30,representative_point
way/169315365,substation,220000,18.036469,82.0177621,,2026-09-30,representative_point
way/169334084,substation,,17.1624748,79.9532357,,2026-09-30,representative_point
way/169359647,substation,400000;220000,8.5926507,76.8610016,,2026-09-30,representative_point
way/170439157,substation,,17.4518461,79.8632355,,2026-09-30,representative_point
way/170539327,substation,,17.5371207,79.9162242,,2026-09-30,representative_point
way/170568038,substation,,13.9226505,79.5957433,,2026-09-30,representative_point
way/170869218,substation,110000,13.7296442,75.0139469,,2026-09-30,representative_point
way/172899327,substation,66000,12.9544334,77.5936763,,2026-09-30,representative_point
way/172899342,substation,220000;66000,12.9412661,77.59123,,2026-09-30,representative_point
way/173682713,substation,220000,17.9335305,81.8097182,,2026-09-30,representative_point
way/177298320,substation,,17.3105032,81.0383692,,2026-09-30,representative_point
way/178601229,substation,220000;110000,13.9139752,75.5956833,,2026-09-30,representative_point
way/179249267,substation,,12.9420914,80.1870105,,2026-09-30,representative_point
way/181283205,substation,,10.7589645,76.6310334,,2026-09-30,representative_point
way/181466418,substation,220000;66000,12.9764206,77.718102,,2026-09-30,representative_point
way/183150219,substation,132000,18.5535476,83.7405343,,2026-09-30,representative_point
way/183150220,substation,132000,18.5945287,83.7680686,,2026-09-30,representative_point
way/183169264,substation,220000;132000,16.2403034,80.0774865,,2026-09-30,representative_point
way/183169302,substation,,17.0015197,81.2028553,,2026-09-30,representative_point
way/183169303,substation,220000;132000,16.9997146,81.2034457,,2026-09-30,representative_point
way/183169318,substation,220000;132000,16.8229214,81.2583555,,2026-09-30,representative_point
way/183176094,substation,,14.7093887,79.0574945,,2026-09-30,representative_point
way/183176099,substation,,14.5905849,78.5782455,,2026-09-30,representative_point
way/192061405,substation,,12.0082567,79.8010817,,2026-09-30,representative_point
way/199023835,substation,66000;11000,13.0114872,77.538583,,2026-09-30,representative_point
way/201428177,substation,,17.1268597,81.3831655,,2026-09-30,representative_point
way/201428274,substation,132000,16.9285324,81.8460953,,2026-09-30,representative_point
way/201428284,substation,132000,16.9300624,81.85049,,2026-09-30,representative_point
way/201428299,substation,400000;220000,16.9347938,81.860905,,2026-09-30,representative_point
way/201428300,substation,,17.0478794,81.94326,,2026-09-30,representative_point
way/204532941,substation,220000;132000,17.5440763,78.8565366,,2026-09-30,representative_point
way/206082825,substation,400000;220000;132000,17.3700284,80.2369542,,2026-09-30,representative_point
way/206084205,substation,110000,8.3121873,77.6060176,,2026-09-30,representative_point
way/217566888,substation,66000;11000,12.9534237,77.6410134,,2026-09-30,representative_point
way/225679956,substation,,12.7252224,77.8339175,,2026-09-30,representative_point
way/230330748,substation,,13.3364655,77.8945146,,2026-09-30,representative_point
way/230333695,substation,,13.199701,78.1464775,,2026-09-30,representative_point
way/230864302,substation,220000;200000,17.8679535,81.6559588,,2026-09-30,representative_point
way/231025863,substation,132000,18.5086913,82.4415054,,2026-09-30,representative_point
way/235612124,substation,,17.9587955,79.799953,,2026-09-30,representative_point
way/240922950,substation,66000,8.9555215,77.0696248,,2026-09-30,representative_point
way/241951852,substation,220000,17.8679535,81.6559588,,2026-09-30,representative_point
way/241951853,substation,400000;220000,17.6342413,83.1353648,,2026-09-30,representative_point
way/241951876,substation,,17.9361558,83.1865107,,2026-09-30,representative_point
way/241951885,substation,220000;132000,17.8288676,83.2264845,,2026-09-30,representative_point
way/241951895,substation,220000;132000,17.6915642,83.2071555,,2026-09-30,representative_point
way/241951896,substation,400000;220000,17.6089304,83.1198897,,2026-09-30,representative_point
way/241951908,substation,132000,17.7515486,83.210864,,2026-09-30,representative_point
way/241951909,substation,,17.84563,83.2375231,,2026-09-30,representative_point
way/241951912,substation,,17.6034189,83.1949601,,2026-09-30,representative_point
way/241951917,substation,220000,17.6187463,83.1803423,,2026-09-30,representative_point
way/241951919,substation,,17.6259056,83.1846441,,2026-09-30,representative_point
way/241951928,substation,220000;132000,17.5227482,82.9890364,,2026-09-30,representative_point
way/241951929,substation,220000;132000,17.6416187,83.0905606,,2026-09-30,representative_point
way/241951933,substation,,17.0530874,80.9840507,,2026-09-30,representative_point
way/241951935,substation,220000,17.62497,83.1672064,,2026-09-30,representative_point
way/241951937,substation,220000;132000,17.7609329,83.2174692,,2026-09-30,representative_point
way/241951944,substation,,17.6206886,83.1947633,,2026-09-30,representative_point
way/241951946,substation,,17.7269583,83.2810803,,2026-09-30,representative_point
way/241988303,substation,132000,16.8335597,82.0378749,,2026-09-30,representative_point
way/241988304,substation,220000;132000,18.2800661,83.5265772,,2026-09-30,representative_point
way/241988306,substation,132000,16.7486741,82.2133852,,2026-09-30,representative_point
way/241988316,substation,132000,17.353411,82.5304735,,2026-09-30,representative_point
way/241988320,substation,,17.8791072,83.3748028,,2026-09-30,representative_point
way/241988321,substation,220000,16.9349248,81.7229009,,2026-09-30,representative_point
way/241988322,substation,132000,18.3552816,83.4685507,,2026-09-30,representative_point
way/241988323,substation,132000,18.7429143,84.0838571,,2026-09-30,representative_point
way/241988325,substation,132000,17.0403945,82.1419554,,2026-09-30,representative_point
way/241988330,substation,132000,18.1420248,83.620332,,2026-09-30,representative_point
way/241988331,substation,220000,17.0365759,82.135696,,2026-09-30,representative_point
way/241988336,substation,,17.9365373,83.4772969,,2026-09-30,representative_point
way/241988337,substation,132000,17.4215126,82.7653972,,2026-09-30,representative_point
way/241988338,substation,,18.2770288,83.5356091,,2026-09-30,representative_point
way/241988339,substation,,17.6870239,82.9808763,,2026-09-30,representative_point
way/241988340,substation,132000,18.7699613,84.4148764,,2026-09-30,representative_point
way/241988345,substation,400000,16.9257446,81.8123225,,2026-09-30,representative_point
way/241988346,substation,132000,18.4333564,84.068973,,2026-09-30,representative_point
way/241988351,substation,132000,17.3634184,82.5636132,,2026-09-30,representative_point
way/242167419,substation,132000,16.9156497,81.6734476,,2026-09-30,representative_point
way/242167440,substation,220000,16.8359736,80.043025,,2026-09-30,representative_point
way/242167500,substation,400000,17.6240316,80.704091,,2026-09-30,representative_point
way/242167501,substation,,17.1246622,81.2705801,,2026-09-30,representative_point
way/242167503,substation,400000,16.7351169,81.8634149,,2026-09-30,representative_point
way/242167505,substation,,17.2607792,80.1401199,,2026-09-30,representative_point
way/242167507,substation,,16.8299775,80.0419634,,2026-09-30,representative_point
way/242167510,substation,,17.5837901,80.6720633,,2026-09-30,representative_point
way/242167512,substation,132000,17.2080505,80.673117,,2026-09-30,representative_point
way/242167513,substation,,17.2065103,80.9089307,,2026-09-30,representative_point
way/242167515,substation,,16.8474539,80.046058,,2026-09-30,representative_point
way/242167516,substation,132000,17.213197,79.9576102,,2026-09-30,representative_point
way/242167520,substation,,17.5814592,80.3461146,,2026-09-30,representative_point
way/242167521,substation,,17.1333658,80.0064605,,2026-09-30,representative_point
way/242167523,substation,,16.8405554,81.4985199,,2026-09-30,representative_point
way/242167524,substation,,16.8756086,80.1234468,,2026-09-30,representative_point
way/242167525,substation,,17.6987567,80.9194863,,2026-09-30,representative_point
way/242167526,substation,,17.1852225,80.5651135,,2026-09-30,representative_point
way/242167527,substation,132000,17.6231316,80.6878241,,2026-09-30,representative_point
way/242167528,substation,,16.7687043,80.0141993,,2026-09-30,representative_point
way/242167534,substation,,16.9397453,80.3677701,,2026-09-30,representative_point
way/242167535,substation,,16.8716059,80.0182896,,2026-09-30,representative_point
way/242167536,substation,220000,17.6254547,80.701398,,2026-09-30,representative_point
way/242167537,substation,220000;132000,16.928042,81.6768434,,2026-09-30,representative_point
way/242167538,substation,,17.2586781,80.166407,,2026-09-30,representative_point
way/242167547,substation,220000,17.6245487,80.6873424,,2026-09-30,representative_point
way/242167549,substation,220000,17.2439702,81.1177418,,2026-09-30,representative_point
way/242167550,substation,,17.5520128,80.5963293,,2026-09-30,representative_point
way/242167551,substation,,16.8362954,80.0650128,,2026-09-30,representative_point
way/242167557,substation,220000;132000,16.9023514,80.1328657,,2026-09-30,representative_point
way/242167563,substation,220000,16.9958693,81.5582341,,2026-09-30,representative_point
way/242167567,substation,,16.8343846,80.0377154,,2026-09-30,representative_point
way/242167569,substation,,17.697498,80.8619723,,2026-09-30,representative_point
way/242190489,substation,,17.5911664,80.6799482,,2026-09-30,representative_point
way/242190490,substation,220000,17.6024559,80.6819493,,2026-09-30,representative_point
way/242223722,substation,220000;66000,12.5360019,77.4219021,,2026-09-30,representative_point
way/242291887,substation,220000;132000,16.7864523,80.8582279,,2026-09-30,representative_point
way/242291888,substation,220000;132000,16.5201186,80.6717216,,2026-09-30,representative_point
way/242291889,substation,,16.6146382,80.9718888,,2026-09-30,representative_point
way/242291912,substation,400000;220000,16.563597,80.6805599,,2026-09-30,representative_point
way/242291916,substation,,17.0261291,80.2663803,,2026-09-30,representative_point
way/242291917,substation,,16.6346425,80.5480852,,2026-09-30,representative_point
way/242291918,substation,132000,17.4298933,80.1585417,,2026-09-30,representative_point
way/242291919,substation,132000,16.6380205,80.5557277,,2026-09-30,representative_point
way/242291921,substation,,16.7601587,80.2741118,,2026-09-30,representative_point
way/242291922,substation,,16.9874933,80.657432,,2026-09-30,representative_point
way/242291928,substation,400000,16.6397787,80.5519904,,2026-09-30,representative_point
way/242291930,substation,,17.2211588,80.1499372,,2026-09-30,representative_point
way/242291940,substation,220000;132000,16.5977113,80.5399971,,2026-09-30,representative_point
way/242291941,substation,,16.5275965,80.5874762,,2026-09-30,representative_point
way/242291944,substation,,16.8087763,81.1086779,,2026-09-30,representative_point
way/242291948,substation,220000,16.6377092,80.5504842,,2026-09-30,representative_point
way/242295232,substation,400000;220000;66000,12.7814495,77.50502,,2026-09-30,representative_point
way/242537651,substation,132000,16.2380769,80.6328115,,2026-09-30,representative_point
way/242537653,substation,220000,16.4628761,79.9165005,,2026-09-30,representative_point
way/242537661,substation,220000,16.4002975,80.4248973,,2026-09-30,representative_point
way/242537694,substation,,16.2983531,80.4771264,,2026-09-30,representative_point
way/242537696,substation,132000,16.0623913,79.7395689,,2026-09-30,representative_point
way/242537699,substation,132000,17.131092,79.6448923,,2026-09-30,representative_point
way/242537700,substation,,15.9720978,80.6057278,,2026-09-30,representative_point
way/242537702,substation,,16.2343184,80.3990439,,2026-09-30,representative_point
way/242537703,substation,132000,16.2289498,80.6378687,,2026-09-30,representative_point
way/242537704,substation,132000,16.4648981,80.6039697,,2026-09-30,representative_point
way/242537705,substation,,16.4692512,81.1644175,,2026-09-30,representative_point
way/242537710,substation,132000,16.7461732,81.6804745,,2026-09-30,representative_point
way/242537711,substation,132000,16.0252163,80.9247541,,2026-09-30,representative_point
way/242537713,substation,,16.4603431,79.9190477,,2026-09-30,representative_point
way/242537715,substation,,16.8516718,79.9040227,,2026-09-30,representative_point
way/242537716,substation,132000,16.5504809,81.5454738,,2026-09-30,representative_point
way/242537717,substation,132000,16.3201696,80.9704334,,2026-09-30,representative_point
way/242537718,substation,,16.1862633,80.2742394,,2026-09-30,representative_point
way/242537722,substation,132000,16.579708,81.9955411,,2026-09-30,representative_point
way/242537723,substation,,16.275778,80.4645628,,2026-09-30,representative_point
way/242537724,substation,220000;132000,16.8338787,79.5459109,,2026-09-30,representative_point
way/242537732,substation,132000,16.4611282,80.5907423,,2026-09-30,representative_point
way/242537733,substation,132000,16.0152381,80.8155689,,2026-09-30,representative_point
way/242537734,substation,,16.6585508,79.8139139,,2026-09-30,representative_point
way/242537736,substation,220000;132000,16.5775938,81.4785576,,2026-09-30,representative_point
way/242537737,substation,,16.7105972,79.7145053,,2026-09-30,representative_point
way/242537739,substation,220000;132000,16.4692795,81.0089125,,2026-09-30,representative_point
way/242543799,substation,400000;220000,16.5097125,79.3843125,,2026-09-30,representative_point
way/242543806,substation,220000;132000,16.5640845,79.5194489,,2026-09-30,representative_point
way/242543807,substation,,16.6234401,79.5015369,,2026-09-30,representative_point
way/242543808,substation,,16.579669,79.3136607,,2026-09-30,representative_point
way/242543820,substation,,16.5791853,79.31346,,2026-09-30,representative_point
way/242543821,substation,,16.569717,79.3110003,,2026-09-30,representative_point
way/242543824,substation,220000,16.5800697,79.315747,,2026-09-30,representative_point
way/242545587,substation,,16.4670412,79.4357159,,2026-09-30,representative_point
way/242545590,substation,,16.4715521,79.4429243,,2026-09-30,representative_point
way/242702027,substation,400000;220000,18.0545021,79.6690401,,2026-09-30,representative_point
way/242702042,substation,132000,18.3765591,79.8295294,,2026-09-30,representative_point
way/242702043,substation,,18.0603669,79.4897714,,2026-09-30,representative_point
way/242702045,substation,132000,18.1984829,79.9385253,,2026-09-30,representative_point
way/242702046,substation,,17.8809336,79.808157,,2026-09-30,representative_point
way/242702047,substation,132000,18.346064,79.6753323,,2026-09-30,representative_point
way/242702048,substation,132000,17.8010733,79.7990327,,2026-09-30,representative_point
way/242702050,substation,,17.4922151,80.1508211,,2026-09-30,representative_point
way/242702061,substation,,17.4829191,78.9130321,,2026-09-30,representative_point
way/242702062,substation,400000,18.3844,79.8223993,,2026-09-30,representative_point
way/242702063,substation,132000,17.9413379,79.8448265,,2026-09-30,representative_point
way/242702064,substation,132000,17.2960517,79.3889691,,2026-09-30,representative_point
way/242702067,substation,132000,17.8147209,79.8092631,,2026-09-30,representative_point
way/242702068,substation,220000,18.1154113,79.5700758,,2026-09-30,representative_point
way/242702069,substation,220000,18.1174259,79.6454809,,2026-09-30,representative_point
way/242702072,substation,220000,18.1580505,79.7481201,,2026-09-30,representative_point
way/242702073,substation,132000,17.5038568,79.9868847,,2026-09-30,representative_point
way/242749513,substation,,17.8540601,80.8849624,,2026-09-30,representative_point
way/242749514,substation,,17.1982578,79.2201338,,2026-09-30,representative_point
way/242749515,substation,220000,17.9405597,80.8227246,,2026-09-30,representative_point
way/242749516,substation,,16.9585832,79.3209444,,2026-09-30,representative_point
way/242749517,substation,,17.9383778,80.7815863,,2026-09-30,representative_point
way/242749518,substation,,17.1232637,79.5585787,,2026-09-30,representative_point
way/242749519,substation,220000,18.5874822,80.350341,,2026-09-30,representative_point
way/242749520,substation,,17.6427486,81.0249311,,2026-09-30,representative_point
way/242749522,substation,220000,17.8762066,80.8471152,,2026-09-30,representative_point
way/242749523,substation,220000,16.6124445,79.1165676,,2026-09-30,representative_point
way/242749527,substation,,16.3446054,79.917569,,2026-09-30,representative_point
way/242749529,substation,,18.2750683,80.4759361,,2026-09-30,representative_point
way/242749530,substation,,16.7162841,79.1355464,,2026-09-30,representative_point
way/242749534,substation,,16.9698889,79.4614986,,2026-09-30,representative_point
way/242749535,substation,,17.0232215,79.3631873,,2026-09-30,representative_point
way/242749536,substation,,17.4188262,79.2645467,,2026-09-30,representative_point
way/242749542,substation,,16.6648877,79.2812038,,2026-09-30,representative_point
way/242749543,substation,,16.7737578,79.2709377,,2026-09-30,representative_point
way/242749547,substation,,17.0762862,79.2609504,,2026-09-30,representative_point
way/242749555,substation,132000,17.2822425,79.0982912,,2026-09-30,representative_point
way/242749556,substation,132000,17.7543381,79.579908,,2026-09-30,representative_point
way/242749557,substation,,18.2779803,80.4690861,,2026-09-30,representative_point
way/242749564,substation,220000,16.6754766,79.2681809,,2026-09-30,representative_point
way/242749566,substation,220000,18.4372484,80.0412452,,2026-09-30,representative_point
way/242776083,substation,220000;132000,18.7475535,79.4486314,,2026-09-30,representative_point
way/242776084,substation,220000,17.747659,79.1454198,,2026-09-30,representative_point
way/242776112,substation,,18.5467296,79.3451277,,2026-09-30,representative_point
way/242776115,substation,132000,18.2108384,79.3846935,,2026-09-30,representative_point
way/242776116,substation,,18.6704969,79.4785601,,2026-09-30,representative_point
way/242776117,substation,,17.648,79.0516994,,2026-09-30,representative_point
way/242776119,substation,,18.5445044,79.3521057,,2026-09-30,representative_point
way/242776120,substation,,18.5688698,79.4234009,,2026-09-30,representative_point
way/242776121,substation,,18.6300077,79.4065712,,2026-09-30,representative_point
way/242776127,substation,,18.6543403,79.6577812,,2026-09-30,representative_point
way/242776133,substation,,18.7684883,79.450481,,2026-09-30,representative_point
way/242776134,substation,132000,18.0955658,79.3445567,,2026-09-30,representative_point
way/242776138,substation,,17.9055515,79.3662079,,2026-09-30,representative_point
way/242776143,substation,132000,17.9747508,79.4206385,,2026-09-30,representative_point
way/242776144,substation,,18.6506315,79.5483897,,2026-09-30,representative_point
way/242776150,substation,,18.7146145,79.4059795,,2026-09-30,representative_point
way/242776151,substation,,17.6843373,79.0359846,,2026-09-30,representative_point
way/242827255,substation,132000,18.7749088,78.9124134,,2026-09-30,representative_point
way/242827256,substation,132000,19.0367488,79.3484938,,2026-09-30,representative_point
way/242827257,substation,,18.858353,79.502661,,2026-09-30,representative_point
way/242827259,substation,220000;132000,18.9852461,79.4567911,,2026-09-30,representative_point
way/242827260,substation,132000,19.035195,79.3481882,,2026-09-30,representative_point
way/242827262,substation,,18.7777882,79.1470374,,2026-09-30,representative_point
way/242827268,substation,132000,19.3591302,79.5046851,,2026-09-30,representative_point
way/242827269,substation,,18.7606007,79.1846089,,2026-09-30,representative_point
way/242827275,substation,132000,19.3569615,79.5049836,,2026-09-30,representative_point
way/242827281,substation,,18.879306,79.2470823,,2026-09-30,representative_point
way/242827283,substation,,18.8948111,79.4479094,,2026-09-30,representative_point
way/242827286,substation,132000,19.3473437,79.4894182,,2026-09-30,representative_point
way/242827288,substation,,18.8768522,79.4248034,,2026-09-30,representative_point
way/242827289,substation,,18.8951744,79.4480738,,2026-09-30,representative_point
way/242827290,substation,220000;110000,18.7836794,79.3002514,,2026-09-30,representative_point
way/242827291,substation,,18.8299938,79.3888158,,2026-09-30,representative_point
way/242827293,substation,132000,19.0580471,79.4786736,,2026-09-30,representative_point
way/242827299,substation,132000,18.9894565,79.4831288,,2026-09-30,representative_point
way/242866474,substation,,18.4461731,79.1238349,,2026-09-30,representative_point
way/242866503,substation,,19.0439412,78.4028455,,2026-09-30,representative_point
way/242866504,substation,,18.3044893,78.9565348,,2026-09-30,representative_point
way/242866505,substation,132000,18.9667409,78.3454742,,2026-09-30,representative_point
way/242866506,substation,132000,18.2061832,79.0176203,,2026-09-30,representative_point
way/242866510,substation,132000,18.6030078,78.9806951,,2026-09-30,representative_point
way/242866511,substation,132000,18.3801544,78.6576806,,2026-09-30,representative_point
way/242866512,substation,,18.6488648,78.9388087,,2026-09-30,representative_point
way/242866513,substation,,18.8287236,78.6841033,,2026-09-30,representative_point
way/242866514,substation,220000;132000,18.8528034,78.9355936,,2026-09-30,representative_point
way/242866515,substation,132000,18.9611439,78.3737956,,2026-09-30,representative_point
way/242866517,substation,,18.4910021,78.8267929,,2026-09-30,representative_point
way/242866518,substation,,18.8235751,78.4587741,,2026-09-30,representative_point
way/242866519,substation,220000;132000,18.3697326,78.7686688,,2026-09-30,representative_point
way/243008527,substation,220000;132000,18.1059702,78.83743,,2026-09-30,representative_point
way/243008533,substation,,17.7273856,78.5823547,,2026-09-30,representative_point
way/243008537,substation,400000;220000,17.5338934,78.585013,,2026-09-30,representative_point
way/243008539,substation,220000;132000,17.6751871,78.3633045,,2026-09-30,representative_point
way/243008550,substation,400000;220000;132000;33000,17.8683911,78.7724271,,2026-09-30,representative_point
way/243008555,substation,,17.4366334,78.3350457,,2026-09-30,representative_point
way/243008556,substation,,17.4963159,78.5139989,,2026-09-30,representative_point
way/243008572,substation,,17.8429486,78.6653826,,2026-09-30,representative_point
way/243008576,substation,220000;132000,17.5950508,78.4994746,,2026-09-30,representative_point
way/243008577,substation,,17.4457826,78.4510691,,2026-09-30,representative_point
way/243008581,substation,,17.5940393,78.4931452,,2026-09-30,representative_point
way/243008582,substation,220000;132000,17.5210837,78.4410093,,2026-09-30,representative_point
way/243008583,substation,,17.8976926,78.9916685,,2026-09-30,representative_point
way/243008584,substation,132000,18.127067,78.6481825,,2026-09-30,representative_point
way/243231075,substation,220000,17.1963831,78.490534,,2026-09-30,representative_point
way/243231086,substation,400000;220000,17.2355852,78.478259,,2026-09-30,representative_point
way/243231094,substation,400000;220000;132000,17.4240891,78.6781508,,2026-09-30,representative_point
way/243231100,substation,,17.3211308,78.5174677,,2026-09-30,representative_point
way/243231101,substation,,17.3345894,78.5143175,,2026-09-30,representative_point
way/243231102,substation,,17.2468227,78.9068599,,2026-09-30,representative_point
way/243231104,substation,132000,17.453741,78.6755399,,2026-09-30,representative_point
way/243231105,substation,,17.2454951,78.463451,,2026-09-30,representative_point
way/243231106,substation,,17.2453962,78.492848,,2026-09-30,representative_point
way/243231108,substation,132000,17.4682953,78.7971377,,2026-09-30,representative_point
way/243231112,substation,220000,17.2142389,78.3875327,,2026-09-30,representative_point
way/243231116,substation,,17.1906425,78.6489539,,2026-09-30,representative_point
way/243231117,substation,,17.265312,78.675389,,2026-09-30,representative_point
way/243231120,substation,,17.2597965,78.5830325,,2026-09-30,representative_point
way/243355830,substation,220000;132000,17.4689164,78.3248621,,2026-09-30,representative_point
way/243355835,substation,220000,17.4442978,78.4251906,,2026-09-30,representative_point
way/243355849,substation,,17.4575601,78.5799292,,2026-09-30,representative_point
way/243355850,substation,,16.7179046,78.9724858,,2026-09-30,representative_point
way/243355852,substation,,16.806497,78.8546287,,2026-09-30,representative_point
way/243355853,substation,,17.4609025,78.418582,,2026-09-30,representative_point
way/243355854,substation,,17.0018882,78.6855933,,2026-09-30,representative_point
way/243355855,substation,,16.9482619,78.8535669,,2026-09-30,representative_point
way/243355856,substation,,17.4288059,78.4044004,,2026-09-30,representative_point
way/243355857,substation,,17.3149491,78.4785585,,2026-09-30,representative_point
way/243355858,substation,,16.9592185,78.7279292,,2026-09-30,representative_point
way/243355860,substation,,17.0018222,78.6866891,,2026-09-30,representative_point
way/243355863,substation,,17.4525637,78.3740115,,2026-09-30,representative_point
way/243355864,substation,,16.6686898,78.7923149,,2026-09-30,representative_point
way/243355865,substation,220000;132000,16.7614152,78.9192582,,2026-09-30,representative_point
way/243355872,substation,220000;132000,17.3272217,78.4229143,,2026-09-30,representative_point
way/243356176,substation,220000,17.4706402,78.5018333,,2026-09-30,representative_point
way/243441921,substation,400000;220000,17.4535801,78.146075,,2026-09-30,representative_point
way/243441936,substation,,17.5414001,78.3489174,,2026-09-30,representative_point
way/243441938,substation,132000,17.6185303,78.0418831,,2026-09-30,representative_point
way/243441939,substation,,17.3441993,78.1623593,,2026-09-30,representative_point
way/243441940,substation,132000,17.6427162,78.1199697,,2026-09-30,representative_point
way/243441942,substation,,17.5649714,78.114476,,2026-09-30,representative_point
way/243441945,substation,132000;33000,17.7335132,78.2873691,,2026-09-30,representative_point
way/243441949,substation,132000,17.6095121,77.9465943,,2026-09-30,representative_point
way/243441951,substation,220000;132000,17.5072315,78.1457477,,2026-09-30,representative_point
way/243441952,substation,,16.8266832,78.5289104,,2026-09-30,representative_point
way/243441958,substation,220000;132000,17.0939106,78.2079889,,2026-09-30,representative_point
way/243441962,substation,220000,16.6688824,78.485828,,2026-09-30,representative_point
way/243538666,substation,,17.5835382,78.5743951,,2026-09-30,representative_point
way/244365801,substation,132000,18.2176656,77.9599502,,2026-09-30,representative_point
way/244365802,substation,,18.6604928,78.1159502,,2026-09-30,representative_point
way/244365803,substation,,17.7548355,77.9742848,,2026-09-30,representative_point
way/244365805,substation,132000,18.2448492,78.1248259,,2026-09-30,representative_point
way/244365806,substation,,18.2510414,78.4254943,,2026-09-30,representative_point
way/244365807,substation,220000;132000,17.6322189,77.9017937,,2026-09-30,representative_point
way/244365813,substation,,17.9020128,78.2042225,,2026-09-30,representative_point
way/244365814,substation,132000,18.1850623,78.4132887,,2026-09-30,representative_point
way/244365832,substation,400000;220000;132000,18.6261025,78.2347913,,2026-09-30,representative_point
way/244365841,substation,132000,17.6330702,77.9054597,,2026-09-30,representative_point
way/244365843,substation,,17.6832892,77.5771804,,2026-09-30,representative_point
way/244365844,substation,220000;132000,18.291075,78.3604502,,2026-09-30,representative_point
way/244365846,substation,132000,18.2343506,77.9128322,,2026-09-30,representative_point
way/244365847,substation,132000,18.9297066,78.1049881,,2026-09-30,representative_point
way/244365848,substation,132000,18.0662179,78.2787451,,2026-09-30,representative_point
way/244365849,substation,,17.7504275,77.9306836,,2026-09-30,representative_point
way/244365851,substation,,18.2174808,77.9577241,,2026-09-30,representative_point
way/244365852,substation,220000;132000,18.4068269,77.8429421,,2026-09-30,representative_point
way/244365854,substation,,18.2181546,77.9567389,,2026-09-30,representative_point
way/244365860,substation,,18.5797322,78.4580183,,2026-09-30,representative_point
way/244365861,substation,132000,18.8730478,78.1333894,,2026-09-30,representative_point
way/244365862,substation,132000,18.3374532,78.3150935,,2026-09-30,representative_point
way/244365870,substation,132000,18.8017281,78.2747676,,2026-09-30,representative_point
way/244365871,substation,220000;132000,18.5951349,78.2190247,,2026-09-30,representative_point
way/244365874,substation,,18.0438507,77.9016482,,2026-09-30,representative_point
way/244365876,substation,132000,18.4070257,78.4075171,,2026-09-30,representative_point
way/244365879,substation,,17.8522875,78.0663533,,2026-09-30,representative_point
way/244365884,substation,220000;132000,18.0499606,78.1054054,,2026-09-30,representative_point
way/244371339,substation,132000,17.3312221,77.4853701,,2026-09-30,representative_point
way/244371340,substation,132000,17.3087889,77.4773911,,2026-09-30,representative_point
way/244371342,substation,,17.2947493,77.5065362,,2026-09-30,representative_point
way/244371345,substation,220000,17.1857282,77.9035842,,2026-09-30,representative_point
way/244371348,substation,220000,17.343642,77.9116399,,2026-09-30,representative_point
way/244371349,substation,220000;132000,17.2615894,77.6123652,,2026-09-30,representative_point
way/244404648,substation,220000;132000,17.3354614,78.5160511,,2026-09-30,representative_point
way/244404649,substation,220000;132000,17.4556258,78.5816797,,2026-09-30,representative_point
way/24488576,substation,220000;66000,12.9018578,77.6485786,,2026-09-30,representative_point
way/244894456,substation,220000;132000,16.7145964,78.0239806,,2026-09-30,representative_point
way/244894460,substation,,16.750695,78.0150488,,2026-09-30,representative_point
way/244894462,substation,,16.4891357,77.4975747,,2026-09-30,representative_point
way/244894472,substation,220000;132000,16.3201084,77.7095779,,2026-09-30,representative_point
way/244894481,substation,,16.5997681,77.7134963,,2026-09-30,representative_point
way/244894482,substation,400000;220000,16.4588376,77.9365223,,2026-09-30,representative_point
way/244894483,substation,132000,16.3849482,78.3083777,,2026-09-30,representative_point
way/244894484,substation,,16.3018124,77.9236788,,2026-09-30,representative_point
way/244894485,substation,,16.9444675,78.1773021,,2026-09-30,representative_point
way/244894488,substation,132000,16.465424,77.7365155,,2026-09-30,representative_point
way/244894489,substation,,16.633063,77.7520832,,2026-09-30,representative_point
way/244894490,substation,132000,17.1370391,78.2818253,,2026-09-30,representative_point
way/244894493,substation,,16.848438,77.5983871,,2026-09-30,representative_point
way/244894498,substation,220000,16.3317957,77.7044085,,2026-09-30,representative_point
way/244894499,substation,,16.7437655,78.3308676,,2026-09-30,representative_point
way/244894500,substation,,16.368687,77.9487416,,2026-09-30,representative_point
way/244894502,substation,,16.9571998,77.8631924,,2026-09-30,representative_point
way/244894506,substation,220000;132000,16.4703551,78.3504273,,2026-09-30,representative_point
way/244894507,substation,,16.3857243,77.5759675,,2026-09-30,representative_point
way/245008342,substation,220000,15.8214507,78.1901672,,2026-09-30,representative_point
way/245008345,substation,400000;220000,15.7102057,78.1050567,,2026-09-30,representative_point
way/245008346,substation,220000,15.7840983,78.036856,,2026-09-30,representative_point
way/245008403,substation,,15.7809416,78.0338837,,2026-09-30,representative_point
way/245008404,substation,,16.4016921,78.6525839,,2026-09-30,representative_point
way/245008405,substation,220000,15.6080448,77.9188246,,2026-09-30,representative_point
way/245008408,substation,,15.7147016,78.1043789,,2026-09-30,representative_point
way/245008410,substation,,15.7296723,77.4725116,,2026-09-30,representative_point
way/245008420,substation,132000,15.2187424,77.9298795,,2026-09-30,representative_point
way/245008422,substation,220000,15.4587952,77.7203535,,2026-09-30,representative_point
way/245008425,substation,,15.3921665,77.4986448,,2026-09-30,representative_point
way/245008426,substation,220000,15.5469569,77.858314,,2026-09-30,representative_point
way/245008427,substation,,15.8251221,78.0232147,,2026-09-30,representative_point
way/245008428,substation,,15.9169458,78.0066245,,2026-09-30,representative_point
way/245008432,substation,220000,15.4974483,77.7911637,,2026-09-30,representative_point
way/245008434,substation,132000,16.0123065,77.6528666,,2026-09-30,representative_point
way/245008436,substation,,15.6069659,77.2662723,,2026-09-30,representative_point
way/245008437,substation,220000,15.4609645,77.6565911,,2026-09-30,representative_point
way/245008438,substation,132000,15.2238136,77.9263534,,2026-09-30,representative_point
way/245008439,substation,,15.7819289,77.7943896,,2026-09-30,representative_point
way/245008440,substation,220000,15.8972039,78.2321483,,2026-09-30,representative_point
way/245008441,substation,132000,15.7606617,77.5159055,,2026-09-30,representative_point
way/245008442,substation,132000,16.2541515,78.3152671,,2026-09-30,representative_point
way/245009134,substation,220000,15.4532955,77.8854361,,2026-09-30,representative_point
way/245128370,substation,765000;400000;220000;132000,14.3787025,78.8014821,,2026-09-30,representative_point
way/245128373,substation,220000,14.4767474,78.8360948,,2026-09-30,representative_point
way/245128374,substation,220000;132000,15.4684324,78.452863,,2026-09-30,representative_point
way/245128375,substation,220000,15.5680692,78.1765764,,2026-09-30,representative_point
way/245128377,substation,220000;132000,14.6234913,78.5391152,,2026-09-30,representative_point
way/245128379,substation,,14.6026868,78.5195984,,2026-09-30,representative_point
way/245128405,substation,,15.1268636,78.5028258,,2026-09-30,representative_point
way/245128473,substation,400000;220000,15.146415,77.6540506,,2026-09-30,representative_point
way/245128478,substation,,14.7862972,78.2780521,,2026-09-30,representative_point
way/245128479,substation,220000,15.6914711,78.4573109,,2026-09-30,representative_point
way/245128480,substation,,14.6883573,78.4017451,,2026-09-30,representative_point
way/245128481,substation,,14.748383,78.5278291,,2026-09-30,representative_point
way/245128482,substation,,15.3667587,78.2152877,,2026-09-30,representative_point
way/245128483,substation,,14.64106,78.5285525,,2026-09-30,representative_point
way/245128491,substation,,13.9549468,79.5966579,,2026-09-30,representative_point
way/245128492,substation,,15.8313396,78.2722854,,2026-09-30,representative_point
way/245128493,substation,,15.5098679,78.2075073,,2026-09-30,representative_point
way/245128494,substation,,15.3046893,78.2293204,,2026-09-30,representative_point
way/245128501,substation,220000,16.0878607,78.9029638,,2026-09-30,representative_point
way/245128503,substation,,14.4399338,78.8031043,,2026-09-30,representative_point
way/245128506,substation,220000,14.7013718,78.4599334,,2026-09-30,representative_point
way/245128507,substation,,16.0806385,78.9030515,,2026-09-30,representative_point
way/245128511,substation,,13.9417415,79.6026879,,2026-09-30,representative_point
way/245128512,substation,,15.8793169,78.598621,,2026-09-30,representative_point
way/245226730,substation,220000;132000,15.7714746,79.2728037,,2026-09-30,representative_point
way/245226731,substation,220000,15.578869,79.7655464,,2026-09-30,representative_point
way/245226732,substation,,15.5896268,79.1168737,,2026-09-30,representative_point
way/245226742,substation,,15.7991193,80.3197418,,2026-09-30,representative_point
way/245226743,substation,,15.905043,80.4569912,,2026-09-30,representative_point
way/245226744,substation,,15.6757665,80.011793,,2026-09-30,representative_point
way/245226745,substation,220000,15.9862537,80.2687893,,2026-09-30,representative_point
way/245226749,substation,,16.1131644,80.1900137,,2026-09-30,representative_point
way/245226751,substation,,16.0291413,79.3047808,,2026-09-30,representative_point
way/245226752,substation,,15.9632883,80.0970596,,2026-09-30,representative_point
way/245226753,substation,,15.9102759,79.0785234,,2026-09-30,representative_point
way/245226756,substation,,15.8298915,80.1830123,,2026-09-30,representative_point
way/245322972,substation,220000;132000,14.1749246,79.1349594,,2026-09-30,representative_point
way/245323007,substation,,15.3783082,78.9343135,,2026-09-30,representative_point
way/245323009,substation,,14.1371881,79.9847814,,2026-09-30,representative_point
way/245323011,substation,220000,14.1771865,79.1606899,,2026-09-30,representative_point
way/245323013,substation,,13.9913714,78.747087,,2026-09-30,representative_point
way/245323016,substation,,13.9575655,79.893675,,2026-09-30,representative_point
way/245323017,substation,132000/33000,15.2299676,79.8967852,,2026-09-30,representative_point
way/245323018,substation,,15.3673914,80.0378756,,2026-09-30,representative_point
way/245323020,substation,,14.2219918,79.2718772,,2026-09-30,representative_point
way/245323021,substation,,14.2641819,80.0080371,,2026-09-30,representative_point
way/245323032,substation,132000;33000,14.1336998,79.8398142,,2026-09-30,representative_point
way/245323039,substation,,13.8810995,79.8758084,,2026-09-30,representative_point
way/245323040,substation,,14.9951783,78.988795,,2026-09-30,representative_point
way/245323041,substation,,13.8757014,79.8758159,,2026-09-30,representative_point
way/245323042,substation,,14.4456468,79.5975117,,2026-09-30,representative_point
way/245323043,substation,,13.9663487,79.8964204,,2026-09-30,representative_point
way/245323044,substation,,14.3516942,80.0601546,,2026-09-30,representative_point
way/245323047,substation,,14.0326297,80.0274079,,2026-09-30,representative_point
way/245323048,substation,,14.1082098,78.7400362,,2026-09-30,representative_point
way/245492333,substation,220000;132000,13.1970138,79.089855,,2026-09-30,representative_point
way/245492334,substation,220000;132000,13.653876,78.8013491,,2026-09-30,representative_point
way/245492353,substation,400000;220000,13.2137448,79.2237948,,2026-09-30,representative_point
way/245492359,substation,220000;132000,13.2018408,78.7569478,,2026-09-30,representative_point
way/245492408,substation,,13.2659245,78.0942284,,2026-09-30,representative_point
way/245492410,substation,,13.4507558,79.0639583,,2026-09-30,representative_point
way/245492412,substation,,13.6716753,79.3528065,,2026-09-30,representative_point
way/245492418,substation,,13.4393168,79.111227,,2026-09-30,representative_point
way/245492431,substation,,13.365417,79.1949132,,2026-09-30,representative_point
way/245492456,substation,,13.2935018,79.2519374,,2026-09-30,representative_point
way/245492458,substation,132000;33000,13.3712097,78.5759937,,2026-09-30,representative_point
way/245492465,substation,,13.5123973,78.8567395,,2026-09-30,representative_point
way/245492466,substation,132000,13.3821542,78.9904872,,2026-09-30,representative_point
way/245504454,substation,,13.4544898,79.5484214,,2026-09-30,representative_point
way/245504456,substation,,13.5891656,79.3105449,,2026-09-30,representative_point
way/245504460,substation,,13.4536824,79.5470942,,2026-09-30,representative_point
way/245504467,substation,,13.6202384,79.429861,,2026-09-30,representative_point
way/245523843,substation,220000,13.9835224,79.3362918,,2026-09-30,representative_point
way/245523844,substation,,13.6726014,79.5064449,,2026-09-30,representative_point
way/245523847,substation,400000;220000,13.7309229,79.6257467,,2026-09-30,representative_point
way/245523857,substation,,13.6915167,79.5140478,,2026-09-30,representative_point
way/245523861,substation,220000;132000,13.3340399,79.633818,,2026-09-30,representative_point
way/245547195,substation,220000;132000,13.7078461,79.991484,,2026-09-30,representative_point
way/245547197,substation,,13.7801914,80.1951617,,2026-09-30,representative_point
way/245547198,substation,110000,13.2971558,80.1485764,,2026-09-30,representative_point
way/245547220,substation,230000,13.4378359,80.0991191,,2026-09-30,representative_point
way/245547221,substation,,13.4158104,80.1024483,,2026-09-30,representative_point
way/245547222,substation,,13.4130128,80.0931818,,2026-09-30,representative_point
way/245547223,substation,,13.4190155,80.1071046,,2026-09-30,representative_point
way/245547224,substation,,13.4219169,80.1150247,,2026-09-30,representative_point
way/245547225,substation,,13.3868537,80.1107129,,2026-09-30,representative_point
way/245547226,substation,400000,13.2408414,80.3010967,,2026-09-30,representative_point
way/245547228,substation,,13.7060348,80.0167918,,2026-09-30,representative_point
way/245547230,substation,230000,13.4226337,80.0884417,,2026-09-30,representative_point
way/245547231,substation,,13.3253899,80.1450586,,2026-09-30,representative_point
way/245547232,substation,,13.4166478,80.1005427,,2026-09-30,representative_point
way/245547233,substation,,13.4048233,80.0706667,,2026-09-30,representative_point
way/245547234,substation,,13.4109929,80.1129905,,2026-09-30,representative_point
way/245547236,substation,230000,13.4022249,80.1021245,,2026-09-30,representative_point
way/245547239,substation,,13.3842387,80.1111155,,2026-09-30,representative_point
way/245697641,substation,110000,13.2607908,80.273084,,2026-09-30,representative_point
way/245697642,substation,110000,13.2540167,80.1717383,,2026-09-30,representative_point
way/245697668,substation,,13.1798289,80.2788843,,2026-09-30,representative_point
way/245697669,substation,,13.1756917,80.2747661,,2026-09-30,representative_point
way/245697670,substation,,13.1589487,80.2658142,,2026-09-30,representative_point
way/245697671,substation,,13.1711829,80.2758884,,2026-09-30,representative_point
way/245697672,substation,,13.3183035,80.3370652,,2026-09-30,representative_point
way/245697674,substation,,13.1792223,80.2809001,,2026-09-30,representative_point
way/245697676,substation,,13.1730308,80.2672322,,2026-09-30,representative_point
way/245697677,substation,,13.1772829,80.263029,,2026-09-30,representative_point
way/245697678,substation,,13.1743334,80.2784701,,2026-09-30,representative_point
way/245697679,substation,,13.1884077,80.2649874,,2026-09-30,representative_point
way/245697680,substation,,13.2737884,80.3166223,,2026-09-30,representative_point
way/245697697,substation,230000;110000,13.2672539,80.3117406,,2026-09-30,representative_point
way/245697699,substation,,13.2921486,80.3216092,,2026-09-30,representative_point
way/245697700,substation,,13.1732436,80.2724633,,2026-09-30,representative_point
way/245697701,substation,,13.1292908,80.2749142,,2026-09-30,representative_point
way/245726104,substation,230000;110000,12.8625319,79.9408595,,2026-09-30,representative_point
way/245726128,substation,,12.8543036,79.8927046,,2026-09-30,representative_point
way/245726129,substation,110000,12.8949696,80.0386978,,2026-09-30,representative_point
way/245726130,substation,,12.9138846,79.8795783,,2026-09-30,representative_point
way/245726131,substation,,12.9412597,79.9988539,,2026-09-30,representative_point
way/245726133,substation,,12.8445784,79.9426669,,2026-09-30,representative_point
way/245726134,substation,,12.854972,79.9473189,,2026-09-30,representative_point
way/245726135,substation,,12.9224433,79.9066565,,2026-09-30,representative_point
way/245726156,substation,400000;230000;110000,12.90234,79.8747213,,2026-09-30,representative_point
way/245726159,substation,,12.9381734,79.914302,,2026-09-30,representative_point
way/246257561,substation,230000,11.0756817,79.8326949,,2026-09-30,representative_point
way/246963965,substation,,12.2615516,75.3531061,,2026-09-30,representative_point
way/247337873,substation,110000,13.110267,79.9077031,,2026-09-30,representative_point
way/247337906,substation,220000,13.0985514,80.1811634,,2026-09-30,representative_point
way/247337916,substation,110000,13.0811084,79.6516619,,2026-09-30,representative_point
way/247337918,substation,,13.1340227,80.0929769,,2026-09-30,representative_point
way/247337922,substation,230000;110000,13.096123,79.6851175,,2026-09-30,representative_point
way/247337923,substation,,13.1776957,80.1352879,,2026-09-30,representative_point
way/247337930,substation,110000,12.9387139,80.1208003,,2026-09-30,representative_point
way/247337932,substation,110000,13.2551001,79.6375367,,2026-09-30,representative_point
way/247337933,substation,110000,13.08548,79.5701643,,2026-09-30,representative_point
way/247337934,substation,,13.0775591,79.4370293,,2026-09-30,representative_point
way/247337935,substation,110000,13.2420857,79.4385601,,2026-09-30,representative_point
way/247337937,substation,110000,13.1005364,79.4334471,,2026-09-30,representative_point
way/247337941,substation,110000,13.0384718,79.3999761,,2026-09-30,representative_point
way/247337944,substation,,13.0811115,79.6156749,,2026-09-30,representative_point
way/247337947,substation,110000,13.0929547,79.6917104,,2026-09-30,representative_point
way/247337948,substation,,13.1115352,80.1897607,,2026-09-30,representative_point
way/247337951,substation,110000,13.0392755,79.8077228,,2026-09-30,representative_point
way/247545779,substation,,12.8252339,80.0508753,,2026-09-30,representative_point
way/247545781,substation,230000;110000,12.8196995,80.2098646,,2026-09-30,representative_point
way/247545783,substation,110000,12.9016043,80.1631081,,2026-09-30,representative_point
way/247545784,substation,220000;110000,12.7386392,80.0021572,,2026-09-30,representative_point
way/247545803,substation,220000;110000,12.9034582,80.2134071,,2026-09-30,representative_point
way/247545805,substation,110000,12.8616426,80.1010156,,2026-09-30,representative_point
way/247545812,substation,110000,12.8263612,80.1623168,,2026-09-30,representative_point
way/247545813,substation,,12.8265858,80.2163011,,2026-09-30,representative_point
way/247545815,substation,,12.8972435,80.208417,,2026-09-30,representative_point
way/247545816,substation,110000,12.8924557,80.2256834,,2026-09-30,representative_point
way/247545819,substation,,12.8217378,80.2113777,,2026-09-30,representative_point
way/247545824,substation,,12.7835008,80.0165677,,2026-09-30,representative_point
way/247545826,substation,220000;110000,12.7435722,79.9968775,,2026-09-30,representative_point
way/247545829,substation,230000,12.7876644,80.0159674,,2026-09-30,representative_point
way/247571173,substation,400000;230000,12.787897,80.0739125,,2026-09-30,representative_point
way/247571174,substation,110000,12.6918788,80.1941497,,2026-09-30,representative_point
way/247571175,substation,110000,12.6963422,80.1820254,,2026-09-30,representative_point
way/247662440,substation,230000,12.5573701,80.1737337,,2026-09-30,representative_point
way/247662446,substation,230000,12.5533957,80.1715441,,2026-09-30,representative_point
way/247662449,substation,,12.2167016,79.6607788,,2026-09-30,representative_point
way/247662462,substation,,12.5711466,80.1730355,,2026-09-30,representative_point
way/247662464,substation,,12.5958966,79.8980689,,2026-09-30,representative_point
way/247662473,substation,110000,12.6102568,80.0674569,,2026-09-30,representative_point
way/247662474,substation,110000,12.3686082,79.9842036,,2026-09-30,representative_point
way/248736705,substation,110000,17.5741963,76.5656381,,2026-09-30,representative_point
way/248736707,substation,110000,17.9049455,77.5047361,,2026-09-30,representative_point
way/248736709,substation,110000,17.9123634,77.450576,,2026-09-30,representative_point
way/248736712,substation,110000,17.1310845,77.091088,,2026-09-30,representative_point
way/248736714,substation,110000,17.6850315,77.2181677,,2026-09-30,representative_point
way/248736718,substation,110000,17.1752141,76.793476,,2026-09-30,representative_point
way/248736721,substation,220000;110000,17.3923882,76.86121,,2026-09-30,representative_point
way/248736723,substation,110000,17.3447603,76.8030918,,2026-09-30,representative_point
way/248736728,substation,110000,17.3589562,76.8387789,,2026-09-30,representative_point
way/248736730,substation,110000,17.3924792,76.8620847,,2026-09-30,representative_point
way/248736733,substation,110000,17.3105133,76.8298179,,2026-09-30,representative_point
way/248736735,substation,220000;110000,17.9120437,77.3662346,,2026-09-30,representative_point
way/248736740,substation,110000,17.8554845,77.2564036,,2026-09-30,representative_point
way/248736743,substation,220000;110000,17.7600706,77.0997185,,2026-09-30,representative_point
way/248736746,substation,110000,17.766658,77.1211515,,2026-09-30,representative_point
way/248736748,substation,110000,17.9929441,77.4824508,,2026-09-30,representative_point
way/248736751,substation,110000,17.8674193,77.4495289,,2026-09-30,representative_point
way/248736754,substation,110000,18.0357649,77.0724472,,2026-09-30,representative_point
way/248736755,substation,110000,17.8422772,76.936534,,2026-09-30,representative_point
way/248736758,substation,220000;110000,17.1452785,77.2911483,,2026-09-30,representative_point
way/248736761,substation,220000;110000,17.1232535,76.9354746,,2026-09-30,representative_point
way/248736764,substation,220000;110000,17.1231509,76.9348633,,2026-09-30,representative_point
way/248736765,substation,110000,18.0287363,77.2042281,,2026-09-30,representative_point
way/248736767,substation,110000,17.7301468,77.3666026,,2026-09-30,representative_point
way/248737054,substation,110000,17.4642929,76.5642089,,2026-09-30,representative_point
way/248737056,substation,110000,17.129162,77.1666869,,2026-09-30,representative_point
way/248737058,substation,110000,17.3934704,76.4868888,,2026-09-30,representative_point
way/248737061,substation,110000,17.4414286,77.4251589,,2026-09-30,representative_point
way/248737062,substation,110000,18.0104408,77.5022449,,2026-09-30,representative_point
way/248737065,substation,110000,17.148005,77.1764615,,2026-09-30,representative_point
way/248737067,substation,110000,17.8146066,76.8606711,,2026-09-30,representative_point
way/248737070,substation,110000,17.7918525,77.0338713,,2026-09-30,representative_point
way/248737071,substation,110000,18.1251277,77.2563798,,2026-09-30,representative_point
way/248737074,substation,110000,17.639424,77.0276482,,2026-09-30,representative_point
way/248737137,substation,,17.5120573,76.938994,,2026-09-30,representative_point
way/248737139,substation,110000,17.1399819,77.1734883,,2026-09-30,representative_point
way/248942563,substation,110000,16.7653455,77.3785348,,2026-09-30,representative_point
way/248942564,substation,110000,16.5749903,77.2535581,,2026-09-30,representative_point
way/250394991,substation,110000,17.0885103,76.2119068,,2026-09-30,representative_point
way/250394993,substation,110000,16.4227901,76.9272088,,2026-09-30,representative_point
way/250394995,substation,110000,16.1954618,76.6462837,,2026-09-30,representative_point
way/250394997,substation,110000,16.2732636,76.6210965,,2026-09-30,representative_point
way/250394998,substation,110000,16.2258083,76.9149996,,2026-09-30,representative_point
way/250395000,substation,,17.1688153,76.312972,,2026-09-30,representative_point
way/250395002,substation,110000,17.0115752,76.7763773,,2026-09-30,representative_point
way/250395004,substation,110000,17.2813634,76.2184647,,2026-09-30,representative_point
way/250395005,substation,110000,16.6639883,76.5208677,,2026-09-30,representative_point
way/250395007,substation,110000,17.1153778,76.4021215,,2026-09-30,representative_point
way/250395008,substation,220000;110000,16.6237367,76.8742957,,2026-09-30,representative_point
way/250395010,substation,,16.7075141,76.8284636,,2026-09-30,representative_point
way/250395011,substation,110000,16.9108842,76.2281185,,2026-09-30,representative_point
way/250395012,substation,110000,16.1752881,77.0417677,,2026-09-30,representative_point
way/250395013,substation,110000,17.0708342,76.9924938,,2026-09-30,representative_point
way/250395015,substation,110000,16.7442947,77.1452754,,2026-09-30,representative_point
way/250395017,substation,110000,17.0651442,76.9830706,,2026-09-30,representative_point
way/250395125,substation,110000,16.9995256,76.410991,,2026-09-30,representative_point
way/250395126,substation,110000,16.6543223,76.5182131,,2026-09-30,representative_point
way/250395127,substation,110000,17.2084088,76.3621247,,2026-09-30,representative_point
way/250395130,substation,110000,16.2521105,76.3878396,,2026-09-30,representative_point
way/250395131,substation,110000,16.2989171,77.1506374,,2026-09-30,representative_point
way/250395134,substation,,16.2366394,76.3365508,,2026-09-30,representative_point
way/250395139,substation,,16.3314611,76.5610781,,2026-09-30,representative_point
way/250395142,substation,,16.3694206,76.7771441,,2026-09-30,representative_point
way/250395144,substation,110000,16.8239889,76.091185,,2026-09-30,representative_point
way/250395173,substation,110000,16.301624,76.7476863,,2026-09-30,representative_point
way/250395180,substation,,16.5292392,76.787421,,2026-09-30,representative_point
way/250395183,substation,110000,16.7497104,76.4979261,,2026-09-30,representative_point
way/250395219,substation,110000,17.0046686,76.547856,,2026-09-30,representative_point
way/250423669,substation,220000;110000,16.168683,76.512557,,2026-09-30,representative_point
way/250423683,substation,,16.2051514,77.4196428,,2026-09-30,representative_point
way/250423689,substation,,16.2397278,77.3514071,,2026-09-30,representative_point
way/250517623,substation,110000,15.993414,77.0527524,,2026-09-30,representative_point
way/250517624,substation,220000;110000,16.2094915,77.3386631,,2026-09-30,representative_point
way/250517631,substation,110000,16.0047973,76.9018989,,2026-09-30,representative_point
way/250517632,substation,110000,15.9536641,77.0928332,,2026-09-30,representative_point
way/250565695,substation,110000,16.3535908,75.9006031,,2026-09-30,representative_point
way/250565700,substation,,16.3276577,75.8849225,,2026-09-30,representative_point
way/250565702,substation,220000,16.3274985,75.8858986,,2026-09-30,representative_point
way/250565704,substation,110000,17.1643679,75.957305,,2026-09-30,representative_point
way/250565706,substation,220000;110000,17.1715387,75.9275359,,2026-09-30,representative_point
way/250565708,substation,110000,17.3243484,75.6784098,,2026-09-30,representative_point
way/250565710,substation,110000,16.1958627,76.0273746,,2026-09-30,representative_point
way/250565712,substation,110000,17.2757367,75.9749274,,2026-09-30,representative_point
way/250565714,substation,110000,16.0900481,76.7860376,,2026-09-30,representative_point
way/250565716,substation,110000,16.3312501,76.1285427,,2026-09-30,representative_point
way/250565718,substation,110000,16.4771413,75.9527061,,2026-09-30,representative_point
way/250565720,substation,110000,16.2749085,75.9214952,,2026-09-30,representative_point
way/250565721,substation,110000,16.8384466,75.5179451,,2026-09-30,representative_point
way/250565724,substation,110000,15.9125108,76.8865786,,2026-09-30,representative_point
way/250565818,substation,220000,16.398265,75.7265518,,2026-09-30,representative_point
way/250565821,substation,110000,16.8475725,75.7523298,,2026-09-30,representative_point
way/250565830,substation,110000,16.812425,75.7156038,,2026-09-30,representative_point
way/250565831,substation,110000,15.9108502,76.8835266,,2026-09-30,representative_point
way/250565834,substation,110000,16.8798997,75.7157116,,2026-09-30,representative_point
way/250565837,substation,220000,16.4336484,75.7605638,,2026-09-30,representative_point
way/250565840,substation,110000,17.0005016,75.8896624,,2026-09-30,representative_point
way/250565867,substation,110000,16.0181942,76.4469389,,2026-09-30,representative_point
way/250565869,substation,110000,17.3043067,75.6708315,,2026-09-30,representative_point
way/250565873,substation,110000,16.3654092,75.9290768,,2026-09-30,representative_point
way/250565876,substation,110000,17.2518404,75.8028381,,2026-09-30,representative_point
way/250565893,substation,110000,16.2946464,75.8914333,,2026-09-30,representative_point
way/250583196,substation,110000,16.6368875,75.565642,,2026-09-30,representative_point
way/250583197,substation,110000,16.5298465,75.7365503,,2026-09-30,representative_point
way/250583198,substation,110000,16.5334084,75.5938827,,2026-09-30,representative_point
way/250583199,substation,110000,16.4558525,75.7456342,,2026-09-30,representative_point
way/250583200,substation,110000,16.4508053,75.4777773,,2026-09-30,representative_point
way/250583201,substation,110000,16.628802,75.4287901,,2026-09-30,representative_point
way/250583211,substation,110000,16.6091002,75.4010307,,2026-09-30,representative_point
way/250583212,substation,110000,16.4692423,75.4789287,,2026-09-30,representative_point
way/250583213,substation,110000,16.6720624,75.3403327,,2026-09-30,representative_point
way/250771486,substation,110000,16.7711854,75.2521634,,2026-09-30,representative_point
way/250771487,substation,110000,16.6615431,74.9061251,,2026-09-30,representative_point
way/250771488,substation,220000;110000,16.7098213,75.069167,,2026-09-30,representative_point
way/250771489,substation,220000;110000,16.8102955,75.780559,,2026-09-30,representative_point
way/250771491,substation,110000,16.3925132,75.0476557,,2026-09-30,representative_point
way/250771492,substation,110000,16.4543584,74.9401909,,2026-09-30,representative_point
way/250771494,substation,110000,16.281623,75.2242845,,2026-09-30,representative_point
way/250771495,substation,110000,16.2019572,75.2972707,,2026-09-30,representative_point
way/250771497,substation,110000,16.6135076,74.8565229,,2026-09-30,representative_point
way/250771498,substation,220000;110000,16.6012727,74.860659,,2026-09-30,representative_point
way/250771499,substation,110000,16.3714555,75.352857,,2026-09-30,representative_point
way/250771500,substation,110000,16.3537435,75.4326505,,2026-09-30,representative_point
way/250771501,substation,110000,16.3245806,75.2923512,,2026-09-30,representative_point
way/250771502,substation,110000,16.4811774,75.103456,,2026-09-30,representative_point
way/250771503,substation,110000,16.4780594,75.1309379,,2026-09-30,representative_point
way/250771504,substation,110000,16.4885393,74.7597117,,2026-09-30,representative_point
way/250771505,substation,,16.5589487,74.9385119,,2026-09-30,representative_point
way/250771506,substation,110000,16.392293,75.2741956,,2026-09-30,representative_point
way/250771507,substation,110000,16.4868557,75.0585596,,2026-09-30,representative_point
way/250771508,substation,110000,16.6630927,74.8193441,,2026-09-30,representative_point
way/250771509,substation,110000,16.652234,74.8211386,,2026-09-30,representative_point
way/250771510,substation,110000,16.3137091,75.2237152,,2026-09-30,representative_point
way/250771511,substation,220000;110000,16.293693,75.380176,,2026-09-30,representative_point
way/250771545,substation,110000,16.2440849,75.5001951,,2026-09-30,representative_point
way/250771546,substation,110000,16.4893118,75.4321109,,2026-09-30,representative_point
way/250771547,substation,110000,16.5920005,75.0790432,,2026-09-30,representative_point
way/250771548,substation,110000,16.2530333,75.5452449,,2026-09-30,representative_point
way/250771549,substation,110000,16.2637495,75.530179,,2026-09-30,representative_point
way/250771550,substation,110000,16.4379541,75.2746987,,2026-09-30,representative_point
way/250771551,substation,110000,16.7685626,74.9183685,,2026-09-30,representative_point
way/250771553,substation,110000,16.2910076,75.3800777,,2026-09-30,representative_point
way/250771554,substation,110000,16.4380169,75.3219037,,2026-09-30,representative_point
way/250771555,substation,,16.8711216,75.1269918,,2026-09-30,representative_point
way/250771557,substation,110000,16.3498679,75.696075,,2026-09-30,representative_point
way/250771558,substation,110000,16.2147732,75.3438493,,2026-09-30,representative_point
way/250771559,substation,110000,16.3816358,75.1639407,,2026-09-30,representative_point
way/250771560,substation,,16.666262,75.0501675,,2026-09-30,representative_point
way/250771564,substation,110000,16.6556026,74.8998688,,2026-09-30,representative_point
way/250771570,substation,110000,16.3409641,75.6286461,,2026-09-30,representative_point
way/250771572,substation,110000,16.396476,74.9345032,,2026-09-30,representative_point
way/250771574,substation,110000,16.652936,75.0450414,,2026-09-30,representative_point
way/250771595,substation,110000,16.7071276,75.1764776,,2026-09-30,representative_point
way/250771597,substation,110000,16.4993065,75.2954726,,2026-09-30,representative_point
way/250821974,substation,220000;110000,16.444064,74.5988079,,2026-09-30,representative_point
way/250821975,substation,110000,16.4206819,74.5748899,,2026-09-30,representative_point
way/250821976,substation,110000,16.3432394,75.075963,,2026-09-30,representative_point
way/250821977,substation,220000;110000,16.2343502,74.7911402,,2026-09-30,representative_point
way/250821978,substation,110000,16.1607427,74.8415237,,2026-09-30,representative_point
way/250821979,substation,110000,16.1413676,74.5154649,,2026-09-30,representative_point
way/250821980,substation,110000,16.2394676,74.5887799,,2026-09-30,representative_point
way/250821981,substation,110000,16.2447469,74.9004077,,2026-09-30,representative_point
way/250821982,substation,220000;110000,16.4077345,75.1054959,,2026-09-30,representative_point
way/250821983,substation,110000,16.0911399,74.9233139,,2026-09-30,representative_point
way/250821984,substation,110000,16.401581,74.3974263,,2026-09-30,representative_point
way/250821985,substation,110000,16.2527557,74.5003209,,2026-09-30,representative_point
way/250821986,substation,110000,16.2495972,74.4995913,,2026-09-30,representative_point
way/250821987,substation,110000,16.2093592,74.7616377,,2026-09-30,representative_point
way/250822001,substation,110000,16.5503705,74.5331651,,2026-09-30,representative_point
way/250822017,substation,,16.141504,74.6447871,,2026-09-30,representative_point
way/250822018,substation,110000,16.5160028,74.4756455,,2026-09-30,representative_point
way/250822019,substation,,16.1386092,74.6493763,,2026-09-30,representative_point
way/250822020,substation,110000,16.2417762,74.6771504,,2026-09-30,representative_point
way/250822021,substation,110000,16.2768027,74.7093461,,2026-09-30,representative_point
way/250822022,substation,,16.4993153,74.4669478,,2026-09-30,representative_point
way/250822026,substation,110000,16.2369919,75.0468785,,2026-09-30,representative_point
way/250822027,substation,,16.3492466,74.5889525,,2026-09-30,representative_point
way/250822028,substation,110000,16.0076492,75.1409488,,2026-09-30,representative_point
way/250822029,substation,110000,16.3776407,75.0448361,,2026-09-30,representative_point
way/250822032,substation,110000,16.2403626,74.8957034,,2026-09-30,representative_point
way/250822033,substation,110000,16.5346362,74.6738625,,2026-09-30,representative_point
way/250822034,substation,110000,16.5058888,74.6168646,,2026-09-30,representative_point
way/250822051,substation,,16.3541728,74.7288191,,2026-09-30,representative_point
way/250822067,substation,110000,16.5981235,74.503054,,2026-09-30,representative_point
way/250822070,substation,110000,16.267881,74.6680888,,2026-09-30,representative_point
way/250822719,substation,110000,16.2255939,75.1987125,,2026-09-30,representative_point
way/250868981,substation,110000,15.5710122,74.6443505,,2026-09-30,representative_point
way/250868982,substation,110000,15.8076187,75.140818,,2026-09-30,representative_point
way/250868983,substation,110000,15.7578812,74.6477482,,2026-09-30,representative_point
way/250868984,substation,,15.8836521,74.5229468,,2026-09-30,representative_point
way/250868987,substation,220000,15.8868408,74.5518935,,2026-09-30,representative_point
way/250868993,substation,220000;110000,15.6763223,74.7213678,,2026-09-30,representative_point
way/250869011,substation,400000;220000,15.4958133,74.9504312,,2026-09-30,representative_point
way/250869017,substation,,15.8949837,74.5472663,,2026-09-30,representative_point
way/250869018,substation,,15.7855157,74.4650722,,2026-09-30,representative_point
way/250869019,substation,,15.4919137,75.0274072,,2026-09-30,representative_point
way/250869022,substation,,15.788482,74.4655348,,2026-09-30,representative_point
way/250869025,substation,110000,15.514143,74.9389676,,2026-09-30,representative_point
way/250869026,substation,110000,15.5796898,74.7824917,,2026-09-30,representative_point
way/250869027,substation,110000,15.8539026,75.1002273,,2026-09-30,representative_point
way/250869028,substation,110000,15.5188229,74.91379,,2026-09-30,representative_point
way/250869029,substation,,15.783699,74.4587797,,2026-09-30,representative_point
way/250869037,substation,110000,15.6831783,74.7151508,,2026-09-30,representative_point
way/250869040,substation,110000,15.801878,74.8425854,,2026-09-30,representative_point
way/250869041,substation,,15.9006627,74.5434913,,2026-09-30,representative_point
way/250869048,substation,220000,15.9664416,74.6315772,,2026-09-30,representative_point
way/251092967,substation,110000,16.2155973,75.8325681,,2026-09-30,representative_point
way/251092968,substation,220000;110000,15.2759421,74.6158715,,2026-09-30,representative_point
way/251092969,substation,110000,15.410428,75.4185099,,2026-09-30,representative_point
way/251092971,substation,110000,15.9267044,75.6760245,,2026-09-30,representative_point
way/251092972,substation,110000,16.1857198,75.6683127,,2026-09-30,representative_point
way/251092973,substation,220000;110000,16.1375155,75.6013304,,2026-09-30,representative_point
way/251092974,substation,110000,16.1757363,75.6817159,,2026-09-30,representative_point
way/251092975,substation,110000,15.0880688,75.6386169,,2026-09-30,representative_point
way/251092976,substation,110000,15.3164594,74.7653281,,2026-09-30,representative_point
way/251092977,substation,220000;110000,15.3246958,75.1586238,,2026-09-30,representative_point
way/251092978,substation,110000,15.1045548,75.7463957,,2026-09-30,representative_point
way/251092979,substation,220000,15.3527432,75.5789542,,2026-09-30,representative_point
way/251092980,substation,110000,15.7315367,75.992037,,2026-09-30,representative_point
way/251092981,substation,110000,15.3120982,74.771341,,2026-09-30,representative_point
way/251092982,substation,110000,15.7886171,75.7616956,,2026-09-30,representative_point
way/251092985,substation,110000,16.0451675,76.0643017,,2026-09-30,representative_point
way/251092988,substation,110000,15.1927501,74.9877406,,2026-09-30,representative_point
way/251092990,substation,110000,15.2107688,74.8695197,,2026-09-30,representative_point
way/251092992,substation,110000,15.5686476,75.8018569,,2026-09-30,representative_point
way/251092995,substation,110000,15.7283281,75.3862481,,2026-09-30,representative_point
way/251092997,substation,110000,15.5461375,75.3398514,,2026-09-30,representative_point
way/251093000,substation,110000,15.9469897,75.3057176,,2026-09-30,representative_point
way/251093002,substation,110000,16.0787862,75.2299434,,2026-09-30,representative_point
way/251093007,substation,220000;110000,15.754352,75.1085286,,2026-09-30,representative_point
way/251093010,substation,110000,16.1527189,75.7001351,,2026-09-30,representative_point
way/251093012,substation,110000,15.1130538,75.7547765,,2026-09-30,representative_point
way/251093014,substation,110000,15.7183418,74.9022524,,2026-09-30,representative_point
way/251093019,substation,110000,16.008401,75.5441868,,2026-09-30,representative_point
way/251093105,substation,110000,15.2802565,74.5314172,,2026-09-30,representative_point
way/251093107,substation,110000,15.1634729,75.1440877,,2026-09-30,representative_point
way/251093108,substation,110000,15.2282541,75.5812022,,2026-09-30,representative_point
way/251093109,substation,110000,15.3797079,75.1391312,,2026-09-30,representative_point
way/251093110,substation,,15.275476,74.5301501,,2026-09-30,representative_point
way/251093111,substation,110000,15.8615136,76.0612422,,2026-09-30,representative_point
way/251093112,substation,110000,15.4638263,75.6511266,,2026-09-30,representative_point
way/251093113,substation,110000,16.0654362,75.8075952,,2026-09-30,representative_point
way/251093115,substation,110000,16.128404,75.5272555,,2026-09-30,representative_point
way/251093116,substation,,16.0103602,76.0880463,,2026-09-30,representative_point
way/251093118,substation,110000,15.8525622,75.4889902,,2026-09-30,representative_point
way/251093121,substation,,16.1236682,76.0815565,,2026-09-30,representative_point
way/251093122,substation,110000,16.1468946,75.6568626,,2026-09-30,representative_point
way/251093123,substation,,15.3522805,75.1720707,,2026-09-30,representative_point
way/251093127,substation,110000,16.1761672,76.1489907,,2026-09-30,representative_point
way/251093128,substation,,15.7314284,75.380334,,2026-09-30,representative_point
way/251093129,substation,,15.9407909,75.2160198,,2026-09-30,representative_point
way/251093130,substation,,15.4300063,75.0268407,,2026-09-30,representative_point
way/251093131,substation,,15.3352468,75.1477867,,2026-09-30,representative_point
way/251093139,substation,110000,16.1755044,76.1517866,,2026-09-30,representative_point
way/251093140,substation,110000,15.3657517,75.0491351,,2026-09-30,representative_point
way/251093143,substation,110000,15.7035216,75.7728602,,2026-09-30,representative_point
way/251093149,substation,,16.1220323,75.5543091,,2026-09-30,representative_point
way/251093154,substation,110000,15.2663056,75.0481297,,2026-09-30,representative_point
way/251093171,substation,110000,16.1986908,75.4915156,,2026-09-30,representative_point
way/251260515,substation,110000,15.2199158,76.0372278,,2026-09-30,representative_point
way/251260516,substation,110000,15.3080959,75.7660236,,2026-09-30,representative_point
way/251260517,substation,110000,15.2323301,75.7575159,,2026-09-30,representative_point
way/251260518,substation,220000;110000,15.4163709,75.601779,,2026-09-30,representative_point
way/251260519,substation,400000;220000,15.3595301,76.289233,,2026-09-30,representative_point
way/251260520,substation,110000,15.4464207,76.6050899,,2026-09-30,representative_point
way/251260521,substation,110000,15.3938026,76.6197227,,2026-09-30,representative_point
way/251260522,substation,,15.3475008,76.1672575,,2026-09-30,representative_point
way/251260523,substation,110000,15.3366279,76.8256113,,2026-09-30,representative_point
way/251260524,substation,220000;110000,15.7682794,76.1887563,,2026-09-30,representative_point
way/251260525,substation,220000,15.2939413,76.3232241,,2026-09-30,representative_point
way/251260526,substation,110000,15.2176045,75.8819758,,2026-09-30,representative_point
way/251260527,substation,110000,15.7839028,76.7711548,,2026-09-30,representative_point
way/251260528,substation,220000;110000,15.7219668,76.7443233,,2026-09-30,representative_point
way/251260529,substation,110000,15.6309599,76.9193742,,2026-09-30,representative_point
way/251260530,substation,,15.1189815,75.9154252,,2026-09-30,representative_point
way/251260531,substation,110000,15.4863333,76.6003818,,2026-09-30,representative_point
way/251260532,substation,110000,15.1792114,75.7969205,,2026-09-30,representative_point
way/251260533,substation,,15.6734615,76.5283394,,2026-09-30,representative_point
way/251260534,substation,110000,15.4005124,76.8770762,,2026-09-30,representative_point
way/251260535,substation,,15.5175921,76.8804839,,2026-09-30,representative_point
way/251260539,substation,110000,15.6557128,76.3043264,,2026-09-30,representative_point
way/251260542,substation,220000;110000,15.2676007,76.3295205,,2026-09-30,representative_point
way/251260577,substation,110000,15.3491939,76.3664636,,2026-09-30,representative_point
way/251260580,substation,,15.3148722,76.2488107,,2026-09-30,representative_point
way/251260582,substation,,15.2412527,76.4196769,,2026-09-30,representative_point
way/251260584,substation,,15.3349799,76.2509882,,2026-09-30,representative_point
way/251260586,substation,110000,15.6122447,76.8077309,,2026-09-30,representative_point
way/251260590,substation,,15.3309006,76.2890363,,2026-09-30,representative_point
way/251260591,substation,,15.1847492,76.3176402,,2026-09-30,representative_point
way/251260596,substation,110000,15.6636326,76.875486,,2026-09-30,representative_point
way/251260597,substation,110000,15.703066,76.8811233,,2026-09-30,representative_point
way/251260598,substation,,15.3427489,76.23862,,2026-09-30,representative_point
way/251260600,substation,,15.0879782,76.3607719,,2026-09-30,representative_point
way/251260602,substation,,15.4475197,76.2890491,,2026-09-30,representative_point
way/251260603,substation,,15.2609026,76.3405035,,2026-09-30,representative_point
way/251260605,substation,,15.2619344,76.3387704,,2026-09-30,representative_point
way/251260607,substation,,15.147726,76.2869673,,2026-09-30,representative_point
way/251260608,substation,,15.7683763,76.9255553,,2026-09-30,representative_point
way/251260610,substation,220000,15.1699055,76.3754183,,2026-09-30,representative_point
way/251260612,substation,,15.4148227,75.6497081,,2026-09-30,representative_point
way/251260613,substation,,15.6218952,76.6713572,,2026-09-30,representative_point
way/251260621,substation,110000,15.2538068,76.4133771,,2026-09-30,representative_point
way/251260622,substation,,15.1633061,76.362534,,2026-09-30,representative_point
way/251260623,substation,110000,15.5698531,76.1676772,,2026-09-30,representative_point
way/251260639,substation,110000,15.3770431,76.4590457,,2026-09-30,representative_point
way/251260642,substation,,15.3158578,76.4975614,,2026-09-30,representative_point
way/251260645,substation,,15.3524554,76.2638163,,2026-09-30,representative_point
way/251260649,substation,110000,15.5662863,76.4226179,,2026-09-30,representative_point
way/251260653,substation,,15.0369842,75.8392917,,2026-09-30,representative_point
way/251260654,substation,220000,15.3350062,76.251919,,2026-09-30,representative_point
way/251750369,substation,220000;110000,8.9587324,76.6722252,,2026-09-30,representative_point
way/251750521,substation,,14.8794758,75.7611361,,2026-09-30,representative_point
way/251750522,substation,,15.1149845,76.0275475,,2026-09-30,representative_point
way/251750523,substation,220000;66000,14.9543369,76.0884307,,2026-09-30,representative_point
way/251750524,substation,,15.0223187,76.097244,,2026-09-30,representative_point
way/251750525,substation,,15.1538591,76.1465694,,2026-09-30,representative_point
way/251750534,substation,,14.7961712,75.9798104,,2026-09-30,representative_point
way/251750535,substation,,14.9809439,75.8859557,,2026-09-30,representative_point
way/251750536,substation,,15.1256334,76.2628655,,2026-09-30,representative_point
way/251750537,substation,,14.8115058,76.225113,,2026-09-30,representative_point
way/251750538,substation,,14.9316596,75.835406,,2026-09-30,representative_point
way/251750540,substation,66000,15.0135552,75.9316311,,2026-09-30,representative_point
way/251750545,substation,,14.785208,76.0628902,,2026-09-30,representative_point
way/251750546,substation,,14.931701,76.0142644,,2026-09-30,representative_point
way/251750547,substation,,14.7922668,76.1095081,,2026-09-30,representative_point
way/251750549,substation,220000,14.8419,75.8480432,,2026-09-30,representative_point
way/251750550,substation,,14.9557314,76.3060772,,2026-09-30,representative_point
way/252294284,substation,,17.9051354,79.7584121,,2026-09-30,representative_point
way/252719771,substation,110000,11.5486421,75.8984614,,2026-09-30,representative_point
way/252720315,substation,110000,11.5483753,75.8983784,,2026-09-30,representative_point
way/252720316,substation,110000,11.5495551,75.8986984,,2026-09-30,representative_point
way/253462469,substation,,17.4017182,78.5614216,,2026-09-30,representative_point
way/254109740,substation,,10.1602257,76.3921477,,2026-09-30,representative_point
way/254681354,substation,110000,15.1598792,76.9445107,,2026-09-30,representative_point
way/254681355,substation,220000;66000,15.1376203,77.6264999,,2026-09-30,representative_point
way/254681357,substation,,15.2879051,76.4805774,,2026-09-30,representative_point
way/254681358,substation,110000,15.2055887,76.9366751,,2026-09-30,representative_point
way/254681359,substation,,15.5290991,76.8807834,,2026-09-30,representative_point
way/254681364,substation,220000;110000,15.1542561,76.8690401,,2026-09-30,representative_point
way/254681372,substation,220000,15.1847677,76.6640033,,2026-09-30,representative_point
way/254681380,substation,,15.1434714,76.9608691,,2026-09-30,representative_point
way/254681381,substation,,15.2264941,76.7632081,,2026-09-30,representative_point
way/254681382,substation,,15.1138876,76.9055182,,2026-09-30,representative_point
way/254681383,substation,,15.062911,76.8706374,,2026-09-30,representative_point
way/254681384,substation,,15.192771,76.7130822,,2026-09-30,representative_point
way/254681385,substation,110000,15.4640874,76.4485956,,2026-09-30,representative_point
way/254681386,substation,,15.1467529,77.0313662,,2026-09-30,representative_point
way/254681388,substation,110000,15.221076,76.7821651,,2026-09-30,representative_point
way/254681391,substation,,15.4902388,76.7494545,,2026-09-30,representative_point
way/254681392,substation,,15.1325355,76.9775102,,2026-09-30,representative_point
way/254726515,substation,220000,14.6986219,77.6389755,,2026-09-30,representative_point
way/254726517,substation,220000,14.901168,77.9773388,,2026-09-30,representative_point
way/254726518,substation,220000,14.5606505,77.1181923,,2026-09-30,representative_point
way/254726524,substation,,14.7759809,78.1821719,,2026-09-30,representative_point
way/254726583,substation,,14.7631862,78.1666441,,2026-09-30,representative_point
way/254726585,substation,,14.950865,78.0750773,,2026-09-30,representative_point
way/254726586,substation,,14.8791152,78.0428684,,2026-09-30,representative_point
way/254726588,substation,,15.060318,77.9844282,,2026-09-30,representative_point
way/254726591,substation,,14.928118,78.340845,,2026-09-30,representative_point
way/254726593,substation,,15.0140737,78.0160073,,2026-09-30,representative_point
way/254726601,substation,220000,15.0586958,77.9525129,,2026-09-30,representative_point
way/254726603,substation,,14.7074311,77.2305057,,2026-09-30,representative_point
way/254726617,substation,132000,14.7656197,77.9782548,,2026-09-30,representative_point
way/254726624,substation,,15.0741501,77.9817936,,2026-09-30,representative_point
way/254726627,substation,220000,14.63353,78.0530099,,2026-09-30,representative_point
way/254726629,substation,220000,14.7069345,78.0974921,,2026-09-30,representative_point
way/254726630,substation,,14.7758083,78.1836912,,2026-09-30,representative_point
way/254726632,substation,220000,14.675208,78.0478095,,2026-09-30,representative_point
way/254726634,substation,,15.019371,78.0123827,,2026-09-30,representative_point
way/254726642,substation,220000,14.7607915,78.1641784,,2026-09-30,representative_point
way/254726644,substation,220000,14.5906099,77.9989247,,2026-09-30,representative_point
way/254726646,substation,,14.9348505,77.9248212,,2026-09-30,representative_point
way/255614791,substation,110000,14.5732788,75.1581773,,2026-09-30,representative_point
way/255614792,substation,110000,14.6281141,75.7628715,,2026-09-30,representative_point
way/255614793,substation,220000;110000,14.3950642,75.2597476,,2026-09-30,representative_point
way/255614794,substation,110000,14.5429326,75.2526146,,2026-09-30,representative_point
way/255614795,substation,110000,14.8403889,75.6274134,,2026-09-30,representative_point
way/255614796,substation,110000,14.8498997,75.6076064,,2026-09-30,representative_point
way/255614797,substation,,14.7143424,75.7858043,,2026-09-30,representative_point
way/255614798,substation,110000,14.7876753,75.1221783,,2026-09-30,representative_point
way/255614799,substation,220000;110000,14.7995372,75.3882489,,2026-09-30,representative_point
way/255614800,substation,110000,14.4508691,75.4055291,,2026-09-30,representative_point
way/255614801,substation,220000,14.8966509,74.3525761,,2026-09-30,representative_point
way/255614802,substation,110000,15.0669837,74.8664576,,2026-09-30,representative_point
way/255614803,substation,400000;220000;66000,14.5526128,75.8240906,,2026-09-30,representative_point
way/255614804,substation,220000;66000,14.733926,75.9104742,,2026-09-30,representative_point
way/255614805,substation,220000;110000,14.6113482,75.6233417,,2026-09-30,representative_point
way/255614807,substation,110000,14.4253387,75.503253,,2026-09-30,representative_point
way/255614809,substation,110000,14.9842074,75.3265789,,2026-09-30,representative_point
way/255614810,substation,110000,14.3797441,75.2581347,,2026-09-30,representative_point
way/255614811,substation,110000,14.6236298,74.828175,,2026-09-30,representative_point
way/255614812,substation,220000;110000,14.6307065,74.8636463,,2026-09-30,representative_point
way/255614813,substation,110000,14.3717923,75.096814,,2026-09-30,representative_point
way/255614814,substation,110000,14.7780052,75.7378242,,2026-09-30,representative_point
way/255614815,substation,400000;220000,14.200032,74.9001171,,2026-09-30,representative_point
way/255614816,substation,110000,14.4568387,75.2025716,,2026-09-30,representative_point
way/255614818,substation,110000,14.4518453,74.4191225,,2026-09-30,representative_point
way/255614830,substation,400000;220000,14.8629826,74.4365492,,2026-09-30,representative_point
way/255614863,substation,110000,14.2586706,75.3602412,,2026-09-30,representative_point
way/255614893,substation,220000;110000,14.8083791,74.1663872,,2026-09-30,representative_point
way/255614916,substation,110000,14.218105,75.3524579,,2026-09-30,representative_point
way/255614917,substation,,14.5597543,75.9132216,,2026-09-30,representative_point
way/255614919,substation,220000,14.9204157,74.5334664,,2026-09-30,representative_point
way/255614920,substation,,14.2365723,74.7711675,,2026-09-30,representative_point
way/255614921,substation,,14.1708795,74.8393169,,2026-09-30,representative_point
way/255614924,substation,220000,14.641389,75.9515051,,2026-09-30,representative_point
way/255614927,substation,66000,14.4277142,75.7733211,,2026-09-30,representative_point
way/255614929,substation,110000,14.3250158,75.4198797,,2026-09-30,representative_point
way/255614931,substation,,14.7926709,74.1350568,,2026-09-30,representative_point
way/255614932,substation,110000,14.4198402,74.9562085,,2026-09-30,representative_point
way/255614934,substation,110000,14.3371864,74.8729405,,2026-09-30,representative_point
way/255614955,substation,110000,14.9770972,75.0405542,,2026-09-30,representative_point
way/255614958,substation,,14.4887623,75.804275,,2026-09-30,representative_point
way/255614959,substation,110000,14.6346631,75.2488398,,2026-09-30,representative_point
way/255614967,substation,110000,14.1732317,75.0118009,,2026-09-30,representative_point
way/255614969,substation,220000,14.250847,74.6748437,,2026-09-30,representative_point
way/255614994,substation,,14.2215486,74.799285,,2026-09-30,representative_point
way/255777523,substation,,14.3506066,76.1762828,,2026-09-30,representative_point
way/255777527,substation,220000;66000,14.4313429,75.9257689,,2026-09-30,representative_point
way/255777534,substation,,14.4461512,75.9449332,,2026-09-30,representative_point
way/255777535,substation,,14.6057531,76.0303775,,2026-09-30,representative_point
way/255777536,substation,,14.3266254,75.881699,,2026-09-30,representative_point
way/255777537,substation,,14.4533736,75.9200915,,2026-09-30,representative_point
way/255777541,substation,,14.3274921,75.8831555,,2026-09-30,representative_point
way/256025607,substation,110000,8.2592774,77.3127922,,2026-09-30,representative_point
way/256471145,substation,110000,8.8901171,76.6195567,,2026-09-30,representative_point
way/256638630,substation,110000,14.0845038,75.2221907,,2026-09-30,representative_point
way/256638631,substation,110000,13.4194759,74.7452339,,2026-09-30,representative_point
way/256638632,substation,110000;11000,13.5824367,74.8648763,,2026-09-30,representative_point
way/256638633,substation,110000,13.3465206,74.8730052,,2026-09-30,representative_point
way/256638634,substation,220000;66000,14.216405,75.6759632,,2026-09-30,representative_point
way/256638635,substation,,13.7063454,75.6465908,,2026-09-30,representative_point
way/256638636,substation,220000,14.1649729,75.5045838,,2026-09-30,representative_point
way/256638637,substation,,14.2773441,75.7694131,,2026-09-30,representative_point
way/256638638,substation,,13.9170625,75.5629578,,2026-09-30,representative_point
way/256638639,substation,,13.3306989,74.7871783,,2026-09-30,representative_point
way/256638640,substation,110000,13.7610883,74.6395489,,2026-09-30,representative_point
way/256638641,substation,,14.2778555,75.7688909,,2026-09-30,representative_point
way/256638642,substation,110000,13.7022972,75.2424944,,2026-09-30,representative_point
way/256638643,substation,,14.2484158,75.8832509,,2026-09-30,representative_point
way/256638644,substation,400000,13.1624664,74.8031567,,2026-09-30,representative_point
way/256638646,substation,,13.8578357,75.7065945,,2026-09-30,representative_point
way/256638655,substation,220000;110000,12.9257459,74.8589537,,2026-09-30,representative_point
way/256638696,substation,,12.9265483,74.8222392,,2026-09-30,representative_point
way/256638698,substation,,12.970042,74.8494358,,2026-09-30,representative_point
way/256638699,substation,,13.8789595,75.6423987,,2026-09-30,representative_point
way/256638701,substation,110000,13.6872133,74.9757267,,2026-09-30,representative_point
way/256638702,substation,66000,14.1480951,75.5633457,,2026-09-30,representative_point
way/256638703,substation,,13.7023261,75.6362988,,2026-09-30,representative_point
way/256638704,substation,,12.9999011,74.8532908,,2026-09-30,representative_point
way/256638705,substation,110000,13.515726,74.7437071,,2026-09-30,representative_point
way/256638706,substation,110000,13.694272,74.9534472,,2026-09-30,representative_point
way/256638707,substation,,13.6765107,75.0467491,,2026-09-30,representative_point
way/256638709,substation,,12.9020412,74.8145757,,2026-09-30,representative_point
way/256638710,substation,,14.0948274,75.9668165,,2026-09-30,representative_point
way/256638711,substation,66000,14.2198051,75.5448978,,2026-09-30,representative_point
way/256638712,substation,,13.8343963,75.7021644,,2026-09-30,representative_point
way/256638713,substation,66000,14.0619792,75.3899864,,2026-09-30,representative_point
way/256638714,substation,,14.1677565,75.7047524,,2026-09-30,representative_point
way/256638715,substation,,14.0112164,75.809951,,2026-09-30,representative_point
way/256638716,substation,,13.9592249,75.5955194,,2026-09-30,representative_point
way/256638717,substation,66000,14.3647902,75.7440979,,2026-09-30,representative_point
way/256638718,substation,110000,13.6165526,74.6930494,,2026-09-30,representative_point
way/256638726,substation,,14.0341745,75.7382026,,2026-09-30,representative_point
way/256638730,substation,,13.8266669,75.7134188,,2026-09-30,representative_point
way/256638735,substation,,13.9197405,75.7666767,,2026-09-30,representative_point
way/256638736,substation,110000,13.1287115,74.7978943,,2026-09-30,representative_point
way/256638737,substation,,13.9437885,75.5442816,,2026-09-30,representative_point
way/256638739,substation,,14.1688922,75.996767,,2026-09-30,representative_point
way/256638740,substation,,13.8763956,75.6550339,,2026-09-30,representative_point
way/256638741,substation,,12.9369604,74.8240089,,2026-09-30,representative_point
way/256638742,substation,,14.0989185,75.8498155,,2026-09-30,representative_point
way/256638743,substation,,14.106709,75.6716237,,2026-09-30,representative_point
way/256638744,substation,,13.3652749,74.7431263,,2026-09-30,representative_point
way/256638746,substation,,14.2319197,75.6538623,,2026-09-30,representative_point
way/256638756,substation,110000,12.878499,74.8805911,,2026-09-30,representative_point
way/256638761,substation,,13.9632516,75.9977547,,2026-09-30,representative_point
way/256638762,substation,,14.2044694,75.8155228,,2026-09-30,representative_point
way/256638763,substation,,13.7094532,75.8693338,,2026-09-30,representative_point
way/256638764,substation,,14.0297548,75.9240366,,2026-09-30,representative_point
way/256638765,substation,,13.8243211,75.6947035,,2026-09-30,representative_point
way/256638773,substation,,14.018722,75.8401757,,2026-09-30,representative_point
way/256638774,substation,,13.6888027,74.9756553,,2026-09-30,representative_point
way/256707944,substation,110000,13.4070583,76.1612876,,2026-09-30,representative_point
way/256707945,substation,110000,13.2988598,76.0548756,,2026-09-30,representative_point
way/256707946,substation,220000;110000,13.5782501,75.9928738,,2026-09-30,representative_point
way/256707947,substation,110000,13.4220821,75.9464011,,2026-09-30,representative_point
way/256707948,substation,110000,13.4199916,76.0392389,,2026-09-30,representative_point
way/256707949,substation,110000,13.5110637,76.1780732,,2026-09-30,representative_point
way/256707950,substation,110000,13.6221613,76.1473897,,2026-09-30,representative_point
way/256707969,substation,,13.2870941,75.8095391,,2026-09-30,representative_point
way/256707970,substation,,13.6709925,76.0329573,,2026-09-30,representative_point
way/256707971,substation,,13.59616,75.8372134,,2026-09-30,representative_point
way/256707973,substation,,13.2839568,75.787577,,2026-09-30,representative_point
way/256707974,substation,110000,13.5282212,76.0325433,,2026-09-30,representative_point
way/256707975,substation,,13.670313,75.9256824,,2026-09-30,representative_point
way/256707984,substation,,13.2906376,75.9382366,,2026-09-30,representative_point
way/256707985,substation,220000;66000,13.284078,75.8196004,,2026-09-30,representative_point
way/256707987,substation,110000,13.4726344,76.2536094,,2026-09-30,representative_point
way/256774586,substation,,14.3874634,76.0456755,,2026-09-30,representative_point
way/256774587,substation,,14.3491092,75.9805501,,2026-09-30,representative_point
way/256774588,substation,,14.2658844,76.5547946,,2026-09-30,representative_point
way/256774589,substation,,14.3085103,76.6333538,,2026-09-30,representative_point
way/256774590,substation,220000;66000,14.2142713,76.426483,,2026-09-30,representative_point
way/256774591,substation,,14.2623552,76.4204581,,2026-09-30,representative_point
way/256774592,substation,,14.7339517,76.6993315,,2026-09-30,representative_point
way/256774593,substation,,14.0578728,76.808781,,2026-09-30,representative_point
way/256774594,substation,220000;66000,13.9739577,76.6237559,,2026-09-30,representative_point
way/256774595,substation,,13.9740982,76.9496111,,2026-09-30,representative_point
way/256774596,substation,,14.1154696,76.7649857,,2026-09-30,representative_point
way/256774597,substation,,14.9319097,76.1568759,,2026-09-30,representative_point
way/256774598,substation,,14.8990198,76.3735205,,2026-09-30,representative_point
way/256774599,substation,66000,14.8089061,76.7455842,,2026-09-30,representative_point
way/256774600,substation,66000,14.4682118,76.5517307,,2026-09-30,representative_point
way/256774601,substation,66000,14.2526635,76.8844247,,2026-09-30,representative_point
way/256774602,substation,66000,14.8878339,76.7864695,,2026-09-30,representative_point
way/256774603,substation,,14.0736096,76.7132629,,2026-09-30,representative_point
way/256774605,substation,,14.7343021,76.2886487,,2026-09-30,representative_point
way/256774607,substation,,14.1668522,76.3285728,,2026-09-30,representative_point
way/256774653,substation,,14.0854085,76.5150316,,2026-09-30,representative_point
way/256774655,substation,,14.0918978,76.3619882,,2026-09-30,representative_point
way/256774656,substation,,14.4376936,76.816382,,2026-09-30,representative_point
way/256774657,substation,,13.9797741,76.6282233,,2026-09-30,representative_point
way/256774658,substation,,14.5192867,76.4345705,,2026-09-30,representative_point
way/256774659,substation,,14.2040104,76.0942193,,2026-09-30,representative_point
way/256774660,substation,,14.0414105,76.1767732,,2026-09-30,representative_point
way/256774661,substation,,14.0040689,76.3271284,,2026-09-30,representative_point
way/256774662,substation,,15.071793,76.752911,,2026-09-30,representative_point
way/256774663,substation,,13.9774512,76.4850804,,2026-09-30,representative_point
way/256774664,substation,,14.2046362,76.0980394,,2026-09-30,representative_point
way/256774665,substation,66000,14.5478368,76.7397862,,2026-09-30,representative_point
way/256774674,substation,,14.070397,76.4526484,,2026-09-30,representative_point
way/256774677,substation,,14.2051728,76.4245866,,2026-09-30,representative_point
way/256774678,substation,,14.1713019,76.2770354,,2026-09-30,representative_point
way/256774679,substation,,14.1770183,76.1642046,,2026-09-30,representative_point
way/256774681,substation,,14.2819251,76.762994,,2026-09-30,representative_point
way/256774682,substation,,13.9485908,76.7109012,,2026-09-30,representative_point
way/256774683,substation,,14.6800503,76.2567093,,2026-09-30,representative_point
way/256774688,substation,,14.1774438,76.4402612,,2026-09-30,representative_point
way/256774690,substation,,14.2843041,76.0857224,,2026-09-30,representative_point
way/256774692,substation,,14.1466792,76.1374298,,2026-09-30,representative_point
way/256774697,substation,,14.8279041,76.6302851,,2026-09-30,representative_point
way/256774700,substation,,13.951962,76.1155661,,2026-09-30,representative_point
way/256774712,substation,,14.2353369,76.4082487,,2026-09-30,representative_point
way/256774713,substation,,14.0894132,76.5352289,,2026-09-30,representative_point
way/256835134,substation,220000,14.2821511,77.5114779,,2026-09-30,representative_point
way/256835144,substation,,14.4284528,77.7110415,,2026-09-30,representative_point
way/256848592,substation,66000,14.1797463,77.0589843,,2026-09-30,representative_point
way/256848593,substation,66000,13.8312255,77.2045563,,2026-09-30,representative_point
way/256848599,substation,66000,14.0674608,77.0883886,,2026-09-30,representative_point
way/256848600,substation,66000,14.1548096,77.1426768,,2026-09-30,representative_point
way/256848601,substation,,13.9867341,77.1530037,,2026-09-30,representative_point
way/256848605,substation,66000,14.1023521,77.2872262,,2026-09-30,representative_point
way/256964919,substation,400000,16.5938714,80.5414344,,2026-09-30,representative_point
way/258067712,substation,400000,10.565099,76.2688294,,2026-09-30,representative_point
way/259085493,substation,220000,10.9495125,76.1581507,,2026-09-30,representative_point
way/263081942,substation,,17.759272,79.8861223,,2026-09-30,representative_point
way/263689096,substation,,17.8457685,79.3714971,,2026-09-30,representative_point
way/264460473,substation,220000;132000,17.1957288,79.2191467,,2026-09-30,representative_point
way/264460474,substation,132000,17.1916442,79.2236063,,2026-09-30,representative_point
way/264460476,substation,132000,17.1930811,79.2256164,,2026-09-30,representative_point
way/265607918,substation,,17.4122784,78.4678837,,2026-09-30,representative_point
way/266072238,substation,110000,8.8827344,76.5927761,,2026-09-30,representative_point
way/266774453,substation,,14.4520475,75.9205268,,2026-09-30,representative_point
way/279353909,substation,400000,18.7524699,79.4524261,,2026-09-30,representative_point
way/279368506,substation,400000;220000,13.1547658,77.5551541,,2026-09-30,representative_point
way/279368511,substation,220000,12.9960832,77.7275095,,2026-09-30,representative_point
way/279368523,substation,220000;66000,13.0107196,77.9767033,,2026-09-30,representative_point
way/279368525,substation,220000;66000,13.1260847,78.1180579,,2026-09-30,representative_point
way/279393096,substation,400000;220000,12.7975181,77.4040752,,2026-09-30,representative_point
way/279393116,substation,,13.0178772,77.5072922,,2026-09-30,representative_point
way/279393125,substation,400000;220000;66000,13.0838085,77.3929723,,2026-09-30,representative_point
way/279393127,substation,,13.1082032,77.3882477,,2026-09-30,representative_point
way/279393134,substation,,12.9188585,77.4742798,,2026-09-30,representative_point
way/279406295,substation,220000;66000,12.8709479,77.4452558,,2026-09-30,representative_point
way/279472174,substation,,12.7433707,77.7070536,,2026-09-30,representative_point
way/279472175,substation,,12.779469,77.7432294,,2026-09-30,representative_point
way/279472176,substation,,12.9847971,77.693439,,2026-09-30,representative_point
way/279472177,substation,,13.1062613,77.0250816,,2026-09-30,representative_point
way/279472178,substation,220000;66000,12.7747624,77.4224003,,2026-09-30,representative_point
way/279472179,substation,,12.8080081,77.6607641,,2026-09-30,representative_point
way/279472180,substation,,12.7989755,77.7073324,,2026-09-30,representative_point
way/279472181,substation,220000;66000,13.3810924,78.0662315,,2026-09-30,representative_point
way/279472183,substation,220000;66000,13.2239623,77.2418404,,2026-09-30,representative_point
way/279472184,substation,66000;11000,12.889453,77.7354201,,2026-09-30,representative_point
way/279472185,substation,,12.8449073,77.675644,,2026-09-30,representative_point
way/279472186,substation,,13.1514521,77.0300575,,2026-09-30,representative_point
way/279472187,substation,66000;11000,12.8982215,77.5570009,,2026-09-30,representative_point
way/279472188,substation,220000;66000,12.7749295,77.645744,,2026-09-30,representative_point
way/279472189,substation,,12.8356671,77.6630896,,2026-09-30,representative_point
way/279472190,substation,220000;66000,13.0275594,77.0875239,,2026-09-30,representative_point
way/279472191,substation,66000;11000,12.8741557,77.6573298,,2026-09-30,representative_point
way/279472193,substation,66000;11000,12.8966011,77.5463838,,2026-09-30,representative_point
way/279472194,substation,220000;66000,12.8952455,77.5461064,,2026-09-30,representative_point
way/279472195,substation,220000;66000,12.8577019,77.7953397,,2026-09-30,representative_point
way/279472196,substation,,12.7919475,77.7008869,,2026-09-30,representative_point
way/279472197,substation,,12.8481972,77.6755224,,2026-09-30,representative_point
way/279472198,substation,220000;66000,12.8458362,77.5158286,,2026-09-30,representative_point
way/279472199,substation,220000;66000,12.8075428,77.6834195,,2026-09-30,representative_point
way/279472205,substation,66000;11000,12.9361789,77.5202442,,2026-09-30,representative_point
way/279472215,substation,220000;66000,13.3754831,77.106307,,2026-09-30,representative_point
way/279472250,substation,,13.0387998,77.0816587,,2026-09-30,representative_point
way/279472251,substation,,13.2908561,77.1727094,,2026-09-30,representative_point
way/279472253,substation,,13.3368717,77.0105241,,2026-09-30,representative_point
way/279472254,substation,,13.047996,77.61884,,2026-09-30,representative_point
way/279472255,substation,66000;11000,13.1154481,77.5844373,,2026-09-30,representative_point
way/279472256,substation,,13.3463552,77.054645,,2026-09-30,representative_point
way/279472258,substation,,13.3996527,77.0362177,,2026-09-30,representative_point
way/279472259,substation,,13.3084638,77.1345895,,2026-09-30,representative_point
way/279472260,substation,,13.4652809,77.0409442,,2026-09-30,representative_point
way/279472261,substation,,13.5353569,77.0686058,,2026-09-30,representative_point
way/279472262,substation,220000,12.7836947,77.4233365,,2026-09-30,representative_point
way/279472263,substation,,13.2234622,77.0471058,,2026-09-30,representative_point
way/279472267,substation,,12.9889881,77.7035768,,2026-09-30,representative_point
way/279472271,substation,,13.2191268,77.3003124,,2026-09-30,representative_point
way/279472273,substation,,12.8385501,77.5122633,,2026-09-30,representative_point
way/279472274,substation,,13.0264891,77.0867661,,2026-09-30,representative_point
way/279472275,substation,,13.4060871,77.0278638,,2026-09-30,representative_point
way/279472276,substation,66000;11000,13.0285239,77.6100051,,2026-09-30,representative_point
way/279472279,substation,,12.9776472,77.9158526,,2026-09-30,representative_point
way/279472296,substation,220000;66000,13.1149643,77.5791096,,2026-09-30,representative_point
way/280402139,substation,110000,13.2731867,76.4955464,,2026-09-30,representative_point
way/280402140,substation,220000;66000,12.8797573,76.3712309,,2026-09-30,representative_point
way/280402141,substation,,13.4414199,76.9080997,,2026-09-30,representative_point
way/280402142,substation,110000,13.1601633,76.3036747,,2026-09-30,representative_point
way/280402143,substation,66000,12.842604,76.2940237,,2026-09-30,representative_point
way/280402144,substation,110000,13.3192878,76.3863882,,2026-09-30,representative_point
way/280402145,substation,110000,13.5817147,76.5295312,,2026-09-30,representative_point
way/280402146,substation,66000,12.8813094,76.5448235,,2026-09-30,representative_point
way/280402147,substation,220000;110000,13.3058898,76.6537178,,2026-09-30,representative_point
way/280402148,substation,110000,13.1586268,76.3486002,,2026-09-30,representative_point
way/280402149,substation,66000,12.9350487,76.5030248,,2026-09-30,representative_point
way/280402150,substation,220000;110000,13.3256477,76.8451958,,2026-09-30,representative_point
way/280402151,substation,66000,13.0735836,76.466548,,2026-09-30,representative_point
way/280402152,substation,66000,13.0592015,76.3385809,,2026-09-30,representative_point
way/280402153,substation,66000,12.9072576,76.4200193,,2026-09-30,representative_point
way/280402154,substation,66000,12.8649992,76.4724003,,2026-09-30,representative_point
way/280402155,substation,110000,13.5401621,76.6431239,,2026-09-30,representative_point
way/280402156,substation,110000,13.2648577,76.4663702,,2026-09-30,representative_point
way/280402162,substation,110000,13.3170526,76.9366978,,2026-09-30,representative_point
way/280402210,substation,110000,13.454785,76.353703,,2026-09-30,representative_point
way/280402211,substation,66000,13.5346598,76.3387524,,2026-09-30,representative_point
way/280402212,substation,,13.2498932,76.1610781,,2026-09-30,representative_point
way/280402213,substation,,13.1518614,76.9206217,,2026-09-30,representative_point
way/280402214,substation,,12.8894727,76.2970647,,2026-09-30,representative_point
way/280402215,substation,,12.9324304,76.2243552,,2026-09-30,representative_point
way/280402216,substation,,12.9750734,76.2040905,,2026-09-30,representative_point
way/280402217,substation,,13.1626148,76.4772012,,2026-09-30,representative_point
way/280402218,substation,110000,13.3269421,76.7428466,,2026-09-30,representative_point
way/280402219,substation,220000,12.868274,76.2750039,,2026-09-30,representative_point
way/280402220,substation,66000,12.8282085,76.3265679,,2026-09-30,representative_point
way/280402221,substation,110000,13.3661541,76.4776943,,2026-09-30,representative_point
way/280402222,substation,66000,13.0164238,76.4003009,,2026-09-30,representative_point
way/280402223,substation,110000,13.305797,76.2505068,,2026-09-30,representative_point
way/280402224,substation,66000,12.8410194,76.3959557,,2026-09-30,representative_point
way/280402226,substation,110000,13.2422161,76.7555328,,2026-09-30,representative_point
way/280402227,substation,66000,12.9151828,76.3788682,,2026-09-30,representative_point
way/280402229,substation,,12.8599968,76.2414995,,2026-09-30,representative_point
way/280402230,substation,66000,13.1136475,76.4173941,,2026-09-30,representative_point
way/280402231,substation,110000,13.1799921,76.8331581,,2026-09-30,representative_point
way/280402241,substation,110000,13.3791497,76.5717905,,2026-09-30,representative_point
way/280402242,substation,110000,13.5012686,76.4634412,,2026-09-30,representative_point
way/280402243,substation,66000,12.9741621,76.3177144,,2026-09-30,representative_point
way/280402248,substation,66000,12.9522664,76.5680575,,2026-09-30,representative_point
way/280402249,substation,110000,13.2487212,76.8612512,,2026-09-30,representative_point
way/280402250,substation,,13.2064072,76.9332984,,2026-09-30,representative_point
way/280402251,substation,,13.2025848,76.4455257,,2026-09-30,representative_point
way/280402259,substation,110000,13.4080523,76.6224724,,2026-09-30,representative_point
way/280402265,substation,66000,13.625981,76.3380485,,2026-09-30,representative_point
way/280482823,substation,66000,13.0720931,77.7874917,,2026-09-30,representative_point
way/280482825,substation,66000;11000,13.0573428,77.8453207,,2026-09-30,representative_point
way/280482827,substation,66000;11000,13.038065,77.7549012,,2026-09-30,representative_point
way/280482830,substation,220000;66000,13.0298983,77.5819376,,2026-09-30,representative_point
way/280482853,substation,,13.0503892,77.5467959,,2026-09-30,representative_point
way/280482854,substation,,13.0451524,77.5828669,,2026-09-30,representative_point
way/280482858,substation,220000;66000,13.0651535,77.5831666,,2026-09-30,representative_point
way/280482861,substation,220000,13.0261542,77.5810832,,2026-09-30,representative_point
way/280482880,substation,,13.0733865,77.5283038,,2026-09-30,representative_point
way/280702876,substation,66000,13.7595348,77.2001989,,2026-09-30,representative_point
way/280702878,substation,220000;66000,13.6656848,77.2346823,,2026-09-30,representative_point
way/280702880,substation,66000,13.6606569,77.2032414,,2026-09-30,representative_point
way/280702906,substation,,13.8067308,77.3133137,,2026-09-30,representative_point
way/280702908,substation,,13.6404034,76.9349717,,2026-09-30,representative_point
way/280702909,substation,,13.7497312,77.0870607,,2026-09-30,representative_point
way/280702910,substation,,13.8711816,76.9300147,,2026-09-30,representative_point
way/280702911,substation,,13.5772382,76.9798119,,2026-09-30,representative_point
way/280702912,substation,,13.5536883,77.0121844,,2026-09-30,representative_point
way/280702915,substation,,13.7147611,76.9680342,,2026-09-30,representative_point
way/280702917,substation,,13.5320363,76.8899353,,2026-09-30,representative_point
way/280706421,substation,400000;220000,13.9510225,76.5368804,,2026-09-30,representative_point
way/281401847,substation,,14.4332508,76.2879697,,2026-09-30,representative_point
way/281401848,substation,66000,13.648429,76.7414166,,2026-09-30,representative_point
way/281401849,substation,,14.2226834,76.2848439,,2026-09-30,representative_point
way/281401850,substation,66000,13.7764901,76.4112044,,2026-09-30,representative_point
way/281401851,substation,66000,13.7606832,76.4222211,,2026-09-30,representative_point
way/281401867,substation,66000,13.8287305,76.1940192,,2026-09-30,representative_point
way/281401868,substation,66000,13.5279666,77.2995503,,2026-09-30,representative_point
way/281401869,substation,66000,13.8771855,76.2939051,,2026-09-30,representative_point
way/281401870,substation,,13.8741561,76.8438304,,2026-09-30,representative_point
way/281401871,substation,,13.8374135,76.7445053,,2026-09-30,representative_point
way/281401872,substation,,14.5650868,76.0554953,,2026-09-30,representative_point
way/281401873,substation,66000,13.7957191,76.4928759,,2026-09-30,representative_point
way/281401874,substation,,13.8685497,75.9635182,,2026-09-30,representative_point
way/281401875,substation,,14.2982667,76.2008038,,2026-09-30,representative_point
way/281401876,substation,,13.4572629,77.1709251,,2026-09-30,representative_point
way/281401877,substation,66000,13.6706874,76.6217849,,2026-09-30,representative_point
way/281401878,substation,,13.4638821,77.1139378,,2026-09-30,representative_point
way/281401879,substation,,14.3965186,76.43463,,2026-09-30,representative_point
way/281401883,substation,66000,13.7269886,76.484676,,2026-09-30,representative_point
way/281401884,substation,,14.3444798,76.387371,,2026-09-30,representative_point
way/281401888,substation,,13.4452988,76.8276471,,2026-09-30,representative_point
way/281401891,substation,66000,13.800916,76.2741568,,2026-09-30,representative_point
way/281401893,substation,220000,13.6578671,76.618765,,2026-09-30,representative_point
way/281456131,substation,,13.8210613,78.0928314,,2026-09-30,representative_point
way/281456132,substation,,13.3096653,77.9085118,,2026-09-30,representative_point
way/281456133,substation,66000,13.5567977,77.9013405,,2026-09-30,representative_point
way/281456134,substation,,13.4904693,77.977516,,2026-09-30,representative_point
way/281456135,substation,,13.671895,77.6992782,,2026-09-30,representative_point
way/281456136,substation,,13.4032193,77.9472758,,2026-09-30,representative_point
way/281456137,substation,66000,13.6576247,77.9457865,,2026-09-30,representative_point
way/281456138,substation,,13.6128944,77.3175135,,2026-09-30,representative_point
way/281456139,substation,,13.7554426,77.9184317,,2026-09-30,representative_point
way/281456140,substation,,13.383467,77.8587774,,2026-09-30,representative_point
way/281456141,substation,,13.3134427,77.9827243,,2026-09-30,representative_point
way/281456142,substation,,13.2979469,77.7972492,,2026-09-30,representative_point
way/281456143,substation,66000,13.6169072,78.0755814,,2026-09-30,representative_point
way/281456144,substation,,13.1849261,78.01878,,2026-09-30,representative_point
way/281456152,substation,220000;66000,13.2987266,77.5519021,,2026-09-30,representative_point
way/281456188,substation,,13.3556114,77.8303444,,2026-09-30,representative_point
way/281456189,substation,,13.3602594,78.1243547,,2026-09-30,representative_point
way/281456191,substation,,13.5351404,78.1290129,,2026-09-30,representative_point
way/281456192,substation,,13.5910241,77.782255,,2026-09-30,representative_point
way/281456193,substation,66000,13.2464558,77.9743472,,2026-09-30,representative_point
way/281456195,substation,,13.2725292,77.8414517,,2026-09-30,representative_point
way/281456197,substation,66000,13.3095819,77.5435116,,2026-09-30,representative_point
way/281456198,substation,,13.735142,77.6534144,,2026-09-30,representative_point
way/281456199,substation,66000,13.6234406,77.8691834,,2026-09-30,representative_point
way/281456201,substation,,13.5491464,78.1663244,,2026-09-30,representative_point
way/281456202,substation,,13.8539639,77.9314776,,2026-09-30,representative_point
way/281456215,substation,,13.7575794,78.0067252,,2026-09-30,representative_point
way/281456233,substation,,13.5175259,77.2298635,,2026-09-30,representative_point
way/281456247,substation,66000,13.7815067,77.790944,,2026-09-30,representative_point
way/283880576,substation,,12.5626427,77.1854409,,2026-09-30,representative_point
way/283880577,substation,66000,12.9363082,76.9289339,,2026-09-30,representative_point
way/283880578,substation,,12.4358985,76.5798535,,2026-09-30,representative_point
way/283880579,substation,,12.656085,77.0067725,,2026-09-30,representative_point
way/283880580,substation,,12.8658963,77.1091391,,2026-09-30,representative_point
way/283880582,substation,,12.4263321,77.2439533,,2026-09-30,representative_point
way/283880583,substation,,12.8327289,77.0334281,,2026-09-30,representative_point
way/283880584,substation,,13.1072105,77.1165223,,2026-09-30,representative_point
way/283880585,substation,,12.4738537,77.1358489,,2026-09-30,representative_point
way/283880586,substation,,12.5362715,77.4218944,,2026-09-30,representative_point
way/283880587,substation,,12.7203256,76.9501891,,2026-09-30,representative_point
way/283880588,substation,,13.0911421,77.1671225,,2026-09-30,representative_point
way/283880589,substation,,12.5790798,77.0422377,,2026-09-30,representative_point
way/283880590,substation,66000,12.5263904,76.8855493,,2026-09-30,representative_point
way/283880592,substation,,12.7033904,76.9796968,,2026-09-30,representative_point
way/283880593,substation,66000,12.9505512,77.0284463,,2026-09-30,representative_point
way/283880594,substation,220000;66000,12.406248,77.2036633,,2026-09-30,representative_point
way/283880598,substation,,12.534906,76.9154113,,2026-09-30,representative_point
way/283880648,substation,66000,12.773006,76.5732191,,2026-09-30,representative_point
way/283880649,substation,,12.4697039,76.5670368,,2026-09-30,representative_point
way/283880650,substation,66000,12.3106144,77.1739257,,2026-09-30,representative_point
way/283880651,substation,66000,13.0558326,76.5751206,,2026-09-30,representative_point
way/283880652,substation,66000,12.9627954,76.7266441,,2026-09-30,representative_point
way/283880654,substation,,12.4135586,77.2037724,,2026-09-30,representative_point
way/283880655,substation,,12.4085926,77.1996076,,2026-09-30,representative_point
way/283880656,substation,,12.3440539,77.4473151,,2026-09-30,representative_point
way/283880657,substation,,12.4845753,77.0426233,,2026-09-30,representative_point
way/283880659,substation,,12.4409068,76.7317024,,2026-09-30,representative_point
way/283880662,substation,66000,12.53315,76.9028708,,2026-09-30,representative_point
way/283880663,substation,66000,12.2985558,77.1705095,,2026-09-30,representative_point
way/283880664,substation,,12.3387854,77.1975535,,2026-09-30,representative_point
way/283880666,substation,,12.4390014,77.5038734,,2026-09-30,representative_point
way/283880667,substation,66000,12.2526749,77.1557363,,2026-09-30,representative_point
way/283880668,substation,,12.5367707,77.0890571,,2026-09-30,representative_point
way/283880671,substation,66000,12.2460246,77.1615634,,2026-09-30,representative_point
way/283880672,substation,,12.493203,76.9464889,,2026-09-30,representative_point
way/283880673,substation,,12.4340568,77.2825828,,2026-09-30,representative_point
way/283880680,substation,,12.4108027,77.4264743,,2026-09-30,representative_point
way/283880681,substation,,12.5358549,77.3373357,,2026-09-30,representative_point
way/283880683,substation,66000,12.9888051,76.8632689,,2026-09-30,representative_point
way/283880684,substation,,12.5392098,76.6050393,,2026-09-30,representative_point
way/283880685,substation,,12.4864698,76.6749611,,2026-09-30,representative_point
way/283880689,substation,,12.3415472,77.1900836,,2026-09-30,representative_point
way/283880691,substation,,12.7270303,77.0558085,,2026-09-30,representative_point
way/283880694,substation,,12.4101849,77.201487,,2026-09-30,representative_point
way/283880695,substation,,12.3840193,77.5856017,,2026-09-30,representative_point
way/283880698,substation,,12.4833417,77.0521886,,2026-09-30,representative_point
way/283880702,substation,66000,12.3071759,77.1570094,,2026-09-30,representative_point
way/283880704,substation,,12.3994076,77.1296179,,2026-09-30,representative_point
way/283880716,substation,66000,12.3096053,77.1649465,,2026-09-30,representative_point
way/284081590,substation,,12.612669,77.510794,,2026-09-30,representative_point
way/284081592,substation,220000;66000,12.7163273,77.2910876,,2026-09-30,representative_point
way/284081594,substation,220000;66000,12.6727632,77.4573949,,2026-09-30,representative_point
way/284081612,substation,,12.6919832,77.4482365,,2026-09-30,representative_point
way/284081613,substation,,12.6427267,77.4404645,,2026-09-30,representative_point
way/284081615,substation,,12.6782623,77.444341,,2026-09-30,representative_point
way/284081620,substation,,12.771736,77.3553256,,2026-09-30,representative_point
way/284081621,substation,,12.6405189,77.3577155,,2026-09-30,representative_point
way/284081623,substation,,12.6712392,77.4551,,2026-09-30,representative_point
way/284081624,substation,,12.780305,77.5007081,,2026-09-30,representative_point
way/284081625,substation,,12.6883516,77.4630107,,2026-09-30,representative_point
way/284189642,substation,,12.0919111,77.2998366,,2026-09-30,representative_point
way/284189643,substation,,12.0659523,77.4468057,,2026-09-30,representative_point
way/284189644,substation,220000;66000,12.1425175,77.1797704,,2026-09-30,representative_point
way/284189645,substation,,11.8960416,77.2846466,,2026-09-30,representative_point
way/284189646,substation,,12.000569,77.4095172,,2026-09-30,representative_point
way/284189656,substation,,11.978761,77.4743542,,2026-09-30,representative_point
way/284203887,substation,,12.0440918,76.9829244,,2026-09-30,representative_point
way/284203888,substation,,12.0459329,77.0347795,,2026-09-30,representative_point
way/284203897,substation,,12.1239896,76.952404,,2026-09-30,representative_point
way/284209929,substation,66000,11.8235135,77.0080232,,2026-09-30,representative_point
way/284209930,substation,220000;66000,11.948844,76.9370679,,2026-09-30,representative_point
way/284209931,substation,,11.950516,76.9404177,,2026-09-30,representative_point
way/284209932,substation,66000,11.832463,76.909942,,2026-09-30,representative_point
way/284209933,substation,66000,11.9348349,76.8172269,,2026-09-30,representative_point
way/284209936,substation,66000,11.8006767,76.7953559,,2026-09-30,representative_point
way/284322656,substation,,11.9318253,76.6665874,,2026-09-30,representative_point
way/284322658,substation,,12.0655887,76.7903061,,2026-09-30,representative_point
way/284322659,substation,220000;66000,12.3393133,76.5900696,,2026-09-30,representative_point
way/284322663,substation,66000,11.8336593,76.6766616,,2026-09-30,representative_point
way/284322664,substation,,12.1218807,76.4716263,,2026-09-30,representative_point
way/284322666,substation,66000,11.7440298,76.6417863,,2026-09-30,representative_point
way/284322667,substation,,12.0970643,76.330395,,2026-09-30,representative_point
way/284322669,substation,220000,12.2031546,76.6649124,,2026-09-30,representative_point
way/284322672,substation,,11.9968629,76.8594074,,2026-09-30,representative_point
way/284322674,substation,,11.9928998,76.4000037,,2026-09-30,representative_point
way/284322676,substation,66000,12.0499664,76.6723584,,2026-09-30,representative_point
way/284322677,substation,,12.2066702,77.0347278,,2026-09-30,representative_point
way/284322693,substation,,12.1375997,76.6729187,,2026-09-30,representative_point
way/284322808,substation,,12.1400867,76.6623618,,2026-09-30,representative_point
way/284322814,substation,,12.3576558,76.5907582,,2026-09-30,representative_point
way/284322815,substation,,12.105403,76.7599851,,2026-09-30,representative_point
way/284322817,substation,,12.1565525,76.6898397,,2026-09-30,representative_point
way/284322818,substation,,12.3660946,76.5852951,,2026-09-30,representative_point
way/284322820,substation,,12.3550435,76.6201345,,2026-09-30,representative_point
way/284322821,substation,,12.1651461,76.6938987,,2026-09-30,representative_point
way/284322823,substation,66000,12.361812,76.6241896,,2026-09-30,representative_point
way/284322824,substation,,12.1342496,76.6682573,,2026-09-30,representative_point
way/284322826,substation,66000,12.2054582,76.555123,,2026-09-30,representative_point
way/284322827,substation,66000,12.3530821,76.9493312,,2026-09-30,representative_point
way/284322830,substation,,12.358761,76.5115295,,2026-09-30,representative_point
way/284322835,substation,66000,11.7338495,76.7275003,,2026-09-30,representative_point
way/284322836,substation,,11.9687945,76.3528112,,2026-09-30,representative_point
way/284322838,substation,,12.0052307,76.2844801,,2026-09-30,representative_point
way/284322839,substation,,11.9752711,76.4453101,,2026-09-30,representative_point
way/284322846,substation,,12.2847701,76.6207257,,2026-09-30,representative_point
way/284322848,substation,66000,12.3380702,76.5857055,,2026-09-30,representative_point
way/284322849,substation,,12.1514233,77.1049457,,2026-09-30,representative_point
way/284322850,substation,66000,12.3486385,76.6129945,,2026-09-30,representative_point
way/284322853,substation,,12.3122263,76.6040345,,2026-09-30,representative_point
way/284322868,substation,,12.3497838,76.5821724,,2026-09-30,representative_point
way/284322870,substation,,11.9718386,76.3531218,,2026-09-30,representative_point
way/284322884,substation,,12.3662623,76.5319834,,2026-09-30,representative_point
way/284322893,substation,,12.3161293,76.6784444,,2026-09-30,representative_point
way/284322898,substation,66000,12.358405,76.6273098,,2026-09-30,representative_point
way/284322900,substation,,12.2577163,77.0738121,,2026-09-30,representative_point
way/284329314,substation,,12.5730491,76.5182719,,2026-09-30,representative_point
way/284329316,substation,,12.6363592,76.5511444,,2026-09-30,representative_point
way/284329326,substation,,12.3613554,76.6399606,,2026-09-30,representative_point
way/284329327,substation,66000,12.2838052,76.5098588,,2026-09-30,representative_point
way/284329328,substation,66000,12.5862738,76.6714992,,2026-09-30,representative_point
way/284329329,substation,66000,12.6547109,76.6780669,,2026-09-30,representative_point
way/284329333,substation,220000;66000,12.67456,76.5287256,,2026-09-30,representative_point
way/284329334,substation,,12.361955,76.639595,,2026-09-30,representative_point
way/284370492,substation,,9.7654541,76.5642175,,2026-09-30,representative_point
way/284616164,substation,110000,8.6919618,76.8486276,,2026-09-30,representative_point
way/285183102,substation,,11.2698272,75.8168758,,2026-09-30,representative_point
way/285367813,substation,220000;110000,15.3269302,75.1238076,,2026-09-30,representative_point
way/285541002,substation,66000,12.4402281,75.9867264,,2026-09-30,representative_point
way/285541003,substation,66000,12.236223,76.2706425,,2026-09-30,representative_point
way/285541004,substation,66000,12.3139071,76.2892529,,2026-09-30,representative_point
way/285541005,substation,,12.7007242,76.4200291,,2026-09-30,representative_point
way/285541006,substation,,12.4327518,76.3884821,,2026-09-30,representative_point
way/285541007,substation,66000,12.1514247,75.9430519,,2026-09-30,representative_point
way/285541008,substation,66000,12.2013525,75.8133407,,2026-09-30,representative_point
way/285541010,substation,400000;220000,12.9904414,76.1910325,,2026-09-30,representative_point
way/285541018,substation,220000;66000,12.4572368,75.9640447,,2026-09-30,representative_point
way/285541036,substation,,12.6325197,76.4114763,,2026-09-30,representative_point
way/285541038,substation,,12.6177676,76.3935484,,2026-09-30,representative_point
way/285541040,substation,,12.8147385,76.0527891,,2026-09-30,representative_point
way/285541041,substation,66000,12.3227183,76.0960966,,2026-09-30,representative_point
way/285541043,substation,,12.9825641,76.1206258,,2026-09-30,representative_point
way/285541046,substation,66000,12.2482287,76.1887088,,2026-09-30,representative_point
way/285541049,substation,,12.6546966,76.4850675,,2026-09-30,representative_point
way/285541050,substation,,12.4981512,75.9040745,,2026-09-30,representative_point
way/285541052,substation,,12.9734268,76.1159629,,2026-09-30,representative_point
way/285541054,substation,,12.8347028,76.0596849,,2026-09-30,representative_point
way/285541060,substation,66000,12.3363938,76.4490122,,2026-09-30,representative_point
way/285542785,substation,,12.9752447,76.1117292,,2026-09-30,representative_point
way/285570019,substation,,12.9518722,76.0972854,,2026-09-30,representative_point
way/285570028,substation,,12.9564615,76.0996414,,2026-09-30,representative_point
way/285935908,substation,,12.4679377,76.0998671,,2026-09-30,representative_point
way/285935909,substation,,12.583414,76.3515743,,2026-09-30,representative_point
way/285935910,substation,220000;66000,12.8094031,76.2347227,,2026-09-30,representative_point
way/285935927,substation,,12.6188794,76.079857,,2026-09-30,representative_point
way/285935929,substation,,12.7656838,76.1431865,,2026-09-30,representative_point
way/285935930,substation,,12.7193032,76.379774,,2026-09-30,representative_point
way/285935931,substation,,12.6794346,76.2069713,,2026-09-30,representative_point
way/285935932,substation,,12.7396224,76.1910591,,2026-09-30,representative_point
way/285935933,substation,,12.5376957,76.3249167,,2026-09-30,representative_point
way/285935934,substation,,12.7829846,76.2287099,,2026-09-30,representative_point
way/285935935,substation,,12.7741057,76.2501109,,2026-09-30,representative_point
way/285935936,substation,,12.6361553,76.3233264,,2026-09-30,representative_point
way/285935937,substation,,12.7051331,76.2845641,,2026-09-30,representative_point
way/285935938,substation,,12.4927839,76.2941074,,2026-09-30,representative_point
way/285935939,substation,,12.6660346,76.2587415,,2026-09-30,representative_point
way/285935941,substation,,12.6470797,76.2036888,,2026-09-30,representative_point
way/285935945,substation,,12.8500526,76.1642425,,2026-09-30,representative_point
way/285935949,substation,,12.828333,76.1832378,,2026-09-30,representative_point
way/285935950,substation,,12.5900454,76.1987517,,2026-09-30,representative_point
way/285935951,substation,,12.5072457,76.2977761,,2026-09-30,representative_point
way/285935952,substation,,12.5612839,76.2705919,,2026-09-30,representative_point
way/285935953,substation,,12.8940574,76.1580731,,2026-09-30,representative_point
way/286531246,substation,220000,9.3104342,77.0725852,,2026-09-30,representative_point
way/286553223,substation,110000,8.535026,76.9418627,,2026-09-30,representative_point
way/286829046,substation,,13.0541652,75.809124,,2026-09-30,representative_point
way/286829047,substation,,13.1835913,75.7833284,,2026-09-30,representative_point
way/286829048,substation,,13.1325994,75.9862656,,2026-09-30,representative_point
way/286829049,substation,220000;66000,12.9963386,76.0906956,,2026-09-30,representative_point
way/286829050,substation,,13.1381804,75.6432633,,2026-09-30,representative_point
way/286829051,substation,,13.0948569,76.0855095,,2026-09-30,representative_point
way/286829068,substation,66000,12.4987415,75.9871085,,2026-09-30,representative_point
way/286829069,substation,,12.8541434,75.3239198,,2026-09-30,representative_point
way/286829070,substation,,13.2162177,75.9831457,,2026-09-30,representative_point
way/286829071,substation,,12.7645958,76.0261891,,2026-09-30,representative_point
way/286829073,substation,,13.2122526,75.2466908,,2026-09-30,representative_point
way/286829074,substation,,12.9589011,75.3586287,,2026-09-30,representative_point
way/286829075,substation,,13.0346601,76.0711654,,2026-09-30,representative_point
way/286829076,substation,,12.3425597,75.1126377,,2026-09-30,representative_point
way/286829078,substation,,13.2173596,76.0863327,,2026-09-30,representative_point
way/286829081,substation,110000,12.9906846,75.2435336,,2026-09-30,representative_point
way/286829082,substation,,13.1436057,76.2017738,,2026-09-30,representative_point
way/286829083,substation,,12.9321114,75.8738325,,2026-09-30,representative_point
way/286829088,substation,,13.0985186,76.2118412,,2026-09-30,representative_point
way/286829091,substation,,13.1724681,75.8764092,,2026-09-30,representative_point
way/286829093,substation,,12.7595902,76.0601391,,2026-09-30,representative_point
way/286829096,substation,,12.9472246,75.806242,,2026-09-30,representative_point
way/286829097,substation,,13.1552803,76.1291691,,2026-09-30,representative_point
way/286852916,substation,220000;110000,12.8070108,75.1342737,,2026-09-30,representative_point
way/286859847,substation,,12.9063726,78.1299841,,2026-09-30,representative_point
way/286859852,substation,,13.1591235,78.3922982,,2026-09-30,representative_point
way/286859853,substation,,12.9921504,78.0659934,,2026-09-30,representative_point
way/286859856,substation,,13.2241242,78.3110317,,2026-09-30,representative_point
way/286859857,substation,,13.0634986,78.4225723,,2026-09-30,representative_point
way/286859859,substation,220000,12.9867144,78.1668099,,2026-09-30,representative_point
way/286859860,substation,,13.120148,78.3323833,,2026-09-30,representative_point
way/288035765,substation,220000;66000,16.7488117,74.7521108,,2026-09-30,representative_point
way/301000848,transformer,,18.9757899,78.7699782,,2026-09-30,representative_point
way/301000849,transformer,,18.7348363,78.726976,,2026-09-30,representative_point
way/30787653,substation,230000;110000,12.9456338,80.1313043,,2026-09-30,representative_point
way/30789370,substation,,13.0026937,79.9964239,,2026-09-30,representative_point
way/30814111,substation,400000;220000;110000,12.9802686,79.9767823,,2026-09-30,representative_point
way/308274009,substation,132000,17.0832373,82.1279368,,2026-09-30,representative_point
way/308274022,substation,220000,17.537817,83.0019844,,2026-09-30,representative_point
way/308274024,substation,220000,17.6140397,83.1777297,,2026-09-30,representative_point
way/308274026,substation,132000,17.5317662,83.0049121,,2026-09-30,representative_point
way/308274027,substation,220000,17.6094493,82.7351529,,2026-09-30,representative_point
way/308274029,substation,220000,17.0706432,82.1191412,,2026-09-30,representative_point
way/308274030,substation,,17.5356244,83.0027861,,2026-09-30,representative_point
way/308274031,substation,220000,17.038728,82.1550837,,2026-09-30,representative_point
way/308274037,substation,220000,17.595421,82.7431091,,2026-09-30,representative_point
way/308319902,substation,220000,17.5752699,80.6650522,,2026-09-30,representative_point
way/308422350,substation,132000,17.0018229,81.6676264,,2026-09-30,representative_point
way/308422356,substation,132000,17.0092153,81.7393011,,2026-09-30,representative_point
way/308422358,substation,220000,16.9343475,81.72463,,2026-09-30,representative_point
way/308426580,substation,,17.1731978,81.6003572,,2026-09-30,representative_point
way/308426582,substation,132000,16.736452,81.7618653,,2026-09-30,representative_point
way/308426583,substation,132000,17.1809637,81.6154175,,2026-09-30,representative_point
way/308592327,substation,132000,16.4348286,81.6871271,,2026-09-30,representative_point
way/308592337,substation,132000,16.4613538,81.8491665,,2026-09-30,representative_point
way/308592341,substation,132000,16.4617949,81.8436033,,2026-09-30,representative_point
way/308596015,substation,400000,17.0384159,82.1256775,,2026-09-30,representative_point
way/308596017,substation,132000,17.2232997,82.1886207,,2026-09-30,representative_point
way/308740458,substation,,16.3403347,79.9474776,,2026-09-30,representative_point
way/308740463,substation,132000,17.0279295,81.7716702,,2026-09-30,representative_point
way/308740467,substation,220000,17.061007,82.3091874,,2026-09-30,representative_point
way/308740470,substation,,16.3749583,79.9440353,,2026-09-30,representative_point
way/308740472,substation,,16.3356523,80.1014423,,2026-09-30,representative_point
way/308740474,substation,132000,17.2182556,82.2228242,,2026-09-30,representative_point
way/308740476,substation,,17.0403837,82.14,,2026-09-30,representative_point
way/308740483,substation,132000,17.0316953,81.7756745,,2026-09-30,representative_point
way/308740485,substation,220000,17.0433471,82.1203894,,2026-09-30,representative_point
way/308740503,substation,132000;33000,16.509096,80.6114517,,2026-09-30,representative_point
way/308802834,substation,220000,16.600333,80.5423893,,2026-09-30,representative_point
way/308802836,substation,132000,18.3810969,79.2099074,,2026-09-30,representative_point
way/308802837,substation,132000,18.1447386,79.2120522,,2026-09-30,representative_point
way/308802838,substation,220000;132000,18.4534347,79.1747088,,2026-09-30,representative_point
way/309120568,substation,110000,8.1801188,77.5766046,,2026-09-30,representative_point
way/309120570,substation,110000,8.2106786,77.7518133,,2026-09-30,representative_point
way/309120572,substation,110000,8.2229352,77.5728492,,2026-09-30,representative_point
way/309120573,substation,110000,8.2441308,77.5444884,,2026-09-30,representative_point
way/309123860,substation,110000,8.2596485,77.5536283,,2026-09-30,representative_point
way/309138384,substation,230000;110000,8.2533947,77.7519277,,2026-09-30,representative_point
way/309138399,substation,110000,8.2791801,77.5652509,,2026-09-30,representative_point
way/309138400,substation,110000;11000,8.1810107,77.4396394,,2026-09-30,representative_point
way/309138401,substation,110000,8.3233289,77.6758431,,2026-09-30,representative_point
way/309138403,substation,110000,8.2632273,77.662389,,2026-09-30,representative_point
way/309138404,substation,110000,8.1834341,77.7038132,,2026-09-30,representative_point
way/309138405,substation,110000,8.2553566,77.8084667,,2026-09-30,representative_point
way/309138406,substation,110000,8.2532387,77.5835423,,2026-09-30,representative_point
way/309138407,substation,110000,8.3092832,77.5757704,,2026-09-30,representative_point
way/309138408,substation,110000,8.2054726,77.6171121,,2026-09-30,representative_point
way/309138414,substation,110000,8.1900858,77.4053988,,2026-09-30,representative_point
way/309138415,substation,110000,8.3243061,77.5639077,,2026-09-30,representative_point
way/309138418,substation,110000,8.2673458,77.6052695,,2026-09-30,representative_point
way/309143399,substation,110000,8.7429117,77.617737,,2026-09-30,representative_point
way/309143400,substation,110000,8.7473265,77.596017,,2026-09-30,representative_point
way/309143401,substation,110000,8.5082972,77.5673943,,2026-09-30,representative_point
way/309143402,substation,110000,8.5451376,77.6688232,,2026-09-30,representative_point
way/309143404,substation,110000,8.6100031,77.5713869,,2026-09-30,representative_point
way/309143405,substation,110000,8.1721912,77.5986915,,2026-09-30,representative_point
way/309143408,substation,110000,8.7176211,77.5899407,,2026-09-30,representative_point
way/309279884,substation,110000,8.6955612,78.1244439,,2026-09-30,representative_point
way/309279885,substation,110000,8.5942492,78.0961192,,2026-09-30,representative_point
way/309279886,substation,220000,8.7399356,78.1465988,,2026-09-30,representative_point
way/309279887,substation,110000,8.4267301,78.0153889,,2026-09-30,representative_point
way/309279889,substation,110000,8.7410334,78.1460575,,2026-09-30,representative_point
way/309279890,substation,110000,8.7414831,78.1475105,,2026-09-30,representative_point
way/309279891,substation,110000,8.8588533,78.1478174,,2026-09-30,representative_point
way/309279892,substation,110000,8.5881616,78.083861,,2026-09-30,representative_point
way/309279898,substation,230000;110000,8.7420816,78.1485967,,2026-09-30,representative_point
way/309279917,substation,110000,8.4402947,77.9036772,,2026-09-30,representative_point
way/309304127,substation,230000;110000,8.8138026,78.0967283,,2026-09-30,representative_point
way/309304141,substation,110000,8.9041632,78.0202514,,2026-09-30,representative_point
way/309413082,substation,110000,8.94532,77.7244846,,2026-09-30,representative_point
way/309413084,substation,110000,8.7925595,77.7299958,,2026-09-30,representative_point
way/309413106,substation,110000,8.792822,77.7189281,,2026-09-30,representative_point
way/309413107,substation,110000,8.7395713,77.66692,,2026-09-30,representative_point
way/309413108,substation,110000,8.8181875,77.6423243,,2026-09-30,representative_point
way/309413109,substation,110000,9.0058683,78.0381909,,2026-09-30,representative_point
way/309413112,substation,,8.8913721,77.6549494,,2026-09-30,representative_point
way/309413114,substation,400000;230000,8.7695824,77.6398865,,2026-09-30,representative_point
way/309413120,substation,110000,8.8044021,77.5810798,,2026-09-30,representative_point
way/309413122,substation,110000,8.9534053,77.6594996,,2026-09-30,representative_point
way/309413124,substation,110000,8.8675823,77.6573998,,2026-09-30,representative_point
way/309413128,substation,110000,9.0132254,78.0457593,,2026-09-30,representative_point
way/309492137,substation,110000,9.4719875,77.5187844,,2026-09-30,representative_point
way/309492142,substation,110000,8.9633648,77.2974101,,2026-09-30,representative_point
way/309492143,substation,110000,9.2820781,77.6187677,,2026-09-30,representative_point
way/309492147,substation,110000,9.0451592,77.2955403,,2026-09-30,representative_point
way/309492153,substation,110000,9.0941966,77.438881,,2026-09-30,representative_point
way/309492156,substation,230000;110000,8.8872774,77.7688327,,2026-09-30,representative_point
way/309492166,substation,230000;110000,9.3961028,77.5637008,,2026-09-30,representative_point
way/309492185,substation,110000,8.9905666,77.4283932,,2026-09-30,representative_point
way/309492186,substation,230000;33000,9.0760337,77.5504461,,2026-09-30,representative_point
way/309492187,substation,110000,8.9139167,77.4574391,,2026-09-30,representative_point
way/309492188,substation,220000,9.0076567,77.6780543,,2026-09-30,representative_point
way/309492189,substation,110000,9.3789523,77.6745853,,2026-09-30,representative_point
way/309492190,substation,,9.183805,77.8758951,,2026-09-30,representative_point
way/309492191,substation,110000,9.1208563,77.6821489,,2026-09-30,representative_point
way/309492192,substation,,9.0354704,77.5512795,,2026-09-30,representative_point
way/309492193,substation,110000,8.7719606,77.4717322,,2026-09-30,representative_point
way/309492196,substation,110000,8.842183,77.3841152,,2026-09-30,representative_point
way/309492198,substation,110000,9.1898689,77.5347373,,2026-09-30,representative_point
way/309492199,substation,110000,8.7071149,77.3622238,,2026-09-30,representative_point
way/309492200,substation,110000,8.7743699,77.5539842,,2026-09-30,representative_point
way/309492201,substation,110000,8.845618,77.7711836,,2026-09-30,representative_point
way/309492203,substation,110000,9.2590844,77.5472977,,2026-09-30,representative_point
way/309492204,substation,110000,8.9326721,77.5234061,,2026-09-30,representative_point
way/309492205,substation,110000,8.7675225,77.5116346,,2026-09-30,representative_point
way/309492211,substation,110000,9.1497663,77.6950011,,2026-09-30,representative_point
way/309492212,substation,110000,9.0771619,77.4860709,,2026-09-30,representative_point
way/309492218,substation,110000,8.719887,77.4529525,,2026-09-30,representative_point
way/309492219,substation,110000,8.9844136,77.6267431,,2026-09-30,representative_point
way/309492222,substation,110000,8.9042115,77.4014629,,2026-09-30,representative_point
way/309492224,substation,230000,8.9522927,77.4916394,,2026-09-30,representative_point
way/309492226,substation,110000,9.1622303,77.3909128,,2026-09-30,representative_point
way/309492230,substation,230000;110000,9.0009427,77.3217586,,2026-09-30,representative_point
way/309492234,substation,110000,9.1553243,77.606943,,2026-09-30,representative_point
way/309492235,substation,110000,8.9990674,77.5352615,,2026-09-30,representative_point
way/309492237,substation,110000,8.8718764,77.4845227,,2026-09-30,representative_point
way/309492238,substation,110000,9.1824528,77.8549964,,2026-09-30,representative_point
way/309564806,substation,110000,9.7108102,77.8483678,,2026-09-30,representative_point
way/309564807,substation,110000,9.4748403,77.7903807,,2026-09-30,representative_point
way/309564808,substation,230000;110000,9.4196675,77.8252938,,2026-09-30,representative_point
way/309564809,substation,110000,9.5007905,77.640983,,2026-09-30,representative_point
way/309564811,substation,110000,9.4358027,77.8169126,,2026-09-30,representative_point
way/309564812,substation,110000,9.571052,77.6998264,,2026-09-30,representative_point
way/309564816,substation,110000,9.429974,77.5699947,,2026-09-30,representative_point
way/309564834,substation,110000,9.4571414,77.9264725,,2026-09-30,representative_point
way/309564836,substation,,9.6908146,77.8213006,,2026-09-30,representative_point
way/309564837,substation,110000,9.3662963,77.9155271,,2026-09-30,representative_point
way/309564838,substation,110000,9.4853164,77.611796,,2026-09-30,representative_point
way/309564839,substation,110000,9.5595024,77.9426916,,2026-09-30,representative_point
way/309564840,substation,110000,9.6502482,77.6391364,,2026-09-30,representative_point
way/309564844,substation,110000,9.4291319,77.6321297,,2026-09-30,representative_point
way/309564845,substation,110000,9.5001868,78.1206751,,2026-09-30,representative_point
way/309564848,substation,110000,9.4624918,77.924734,,2026-09-30,representative_point
way/309564849,substation,110000,9.1249397,78.151778,,2026-09-30,representative_point
way/309564851,substation,110000,9.4602999,77.5911532,,2026-09-30,representative_point
way/309568331,substation,110000,9.9012314,78.1449702,,2026-09-30,representative_point
way/309568334,substation,110000,9.9053154,78.1165084,,2026-09-30,representative_point
way/309572245,substation,400000;230000,9.9219993,77.9634838,,2026-09-30,representative_point
way/309653596,substation,110000,9.9159928,78.1704212,,2026-09-30,representative_point
way/309653597,substation,110000,9.8269511,77.9770471,,2026-09-30,representative_point
way/309653600,substation,230000;110000,10.0523477,78.1871174,,2026-09-30,representative_point
way/309653622,substation,,9.9614186,77.8046236,,2026-09-30,representative_point
way/309653626,substation,110000,9.279348,79.1369939,,2026-09-30,representative_point
way/309653627,substation,110000,9.8645667,78.0197013,,2026-09-30,representative_point
way/309653628,substation,,10.0004737,78.2633005,,2026-09-30,representative_point
way/309653630,substation,110000,9.9427044,78.0523506,,2026-09-30,representative_point
way/309653631,substation,110000,9.9665516,78.0963934,,2026-09-30,representative_point
way/309653632,substation,110000,9.8594522,77.690448,,2026-09-30,representative_point
way/309653634,substation,110000,10.0241245,77.8058648,,2026-09-30,representative_point
way/309653641,substation,,9.9406702,78.1507197,,2026-09-30,representative_point
way/309653642,substation,110000,9.3361407,78.959732,,2026-09-30,representative_point
way/309653648,substation,110000,9.7250276,78.0970622,,2026-09-30,representative_point
way/309653649,substation,,10.0032566,78.2800963,,2026-09-30,representative_point
way/309653650,substation,110000,9.8426008,77.7979952,,2026-09-30,representative_point
way/310070100,substation,,9.8734268,77.4668926,,2026-09-30,representative_point
way/310070102,substation,110000,9.6267908,77.1911179,,2026-09-30,representative_point
way/310070104,substation,110000,9.9308457,77.5257258,,2026-09-30,representative_point
way/310070105,substation,230000;110000,10.0035309,77.4644275,,2026-09-30,representative_point
way/310070114,substation,110000,9.6589386,77.2698081,,2026-09-30,representative_point
way/310070115,substation,110000,9.6218699,77.2709381,,2026-09-30,representative_point
way/310070116,substation,110000,9.9309489,77.5223952,,2026-09-30,representative_point
way/310070130,substation,110000,9.8228974,77.5014232,,2026-09-30,representative_point
way/310099491,substation,,9.9437739,77.4338791,,2026-09-30,representative_point
way/310099492,substation,110000,10.1358531,77.5516756,,2026-09-30,representative_point
way/310099493,substation,110000,9.8744926,77.4591445,,2026-09-30,representative_point
way/310099510,substation,,9.9748545,78.0448012,,2026-09-30,representative_point
way/310099511,substation,110000,10.0079095,77.3786519,,2026-09-30,representative_point
way/310099513,substation,110000,10.0530335,77.5956361,,2026-09-30,representative_point
way/310099515,substation,,9.9746119,78.0460709,,2026-09-30,representative_point
way/310099518,substation,110000,10.0092538,78.3300971,,2026-09-30,representative_point
way/310099520,substation,110000,9.8598363,77.3549008,,2026-09-30,representative_point
way/310099521,substation,110000,10.0313191,78.3914556,,2026-09-30,representative_point
way/310099525,substation,,9.8743921,77.4621657,,2026-09-30,representative_point
way/310099528,substation,110000,10.1123745,78.1235832,,2026-09-30,representative_point
way/310099533,substation,110000,10.014471,77.9645362,,2026-09-30,representative_point
way/310099534,substation,110000,10.2175879,77.7569045,,2026-09-30,representative_point
way/310099535,substation,400000;230000,10.1041732,78.7519435,,2026-09-30,representative_point
way/310156638,substation,110000,9.4970572,78.132745,,2026-09-30,representative_point
way/310156641,substation,,9.500604,78.1717994,,2026-09-30,representative_point
way/310156643,substation,110000,10.0891941,77.9217661,,2026-09-30,representative_point
way/310156644,substation,110000,10.339005,77.9958132,,2026-09-30,representative_point
way/310156645,substation,110000,9.2270308,78.4961044,,2026-09-30,representative_point
way/310156648,substation,110000,9.4160064,78.3867089,,2026-09-30,representative_point
way/310156650,substation,230000;110000,10.2845509,77.870865,,2026-09-30,representative_point
way/310156652,substation,230000;110000,9.4830777,78.5619992,,2026-09-30,representative_point
way/310412230,substation,110000,9.6304563,78.6187791,,2026-09-30,representative_point
way/310412233,substation,,9.23184,78.3251567,,2026-09-30,representative_point
way/310430082,substation,110000,9.3658346,78.8958687,,2026-09-30,representative_point
way/310430089,substation,,9.2539806,78.7883947,,2026-09-30,representative_point
way/310430095,substation,110000,9.3484063,78.9204295,,2026-09-30,representative_point
way/310430101,substation,230000;110000,9.3510234,78.9242517,,2026-09-30,representative_point
way/310430103,substation,110000,9.3480809,78.9246491,,2026-09-30,representative_point
way/310435008,substation,,9.660154,78.8660317,,2026-09-30,representative_point
way/310524843,substation,220000,9.9957108,76.3697997,,2026-09-30,representative_point
way/310578484,substation,230000;110000,10.4309999,78.7854413,,2026-09-30,representative_point
way/310578499,substation,110000,10.2325871,78.7311974,,2026-09-30,representative_point
way/310578504,substation,110000,10.3165607,78.4670873,,2026-09-30,representative_point
way/310578508,substation,110000,10.1759857,78.5324691,,2026-09-30,representative_point
way/310578513,substation,,10.4197229,78.7874643,,2026-09-30,representative_point
way/310578517,substation,110000,10.5187937,78.9566892,,2026-09-30,representative_point
way/310578521,substation,110000,10.3863546,78.3774814,,2026-09-30,representative_point
way/310578526,substation,,10.3742308,78.7978463,,2026-09-30,representative_point
way/310694375,substation,110000,10.3849884,77.8373102,,2026-09-30,representative_point
way/310694377,substation,110000,10.4364911,77.8492585,,2026-09-30,representative_point
way/310834661,substation,110000,10.5864027,77.4554174,,2026-09-30,representative_point
way/310834664,substation,110000,10.494426,77.7459515,,2026-09-30,representative_point
way/310834667,substation,110000,10.4745436,77.6192004,,2026-09-30,representative_point
way/310834669,substation,,10.5238413,77.9285661,,2026-09-30,representative_point
way/310834677,substation,110000,10.5923611,77.2441246,,2026-09-30,representative_point
way/310834678,substation,110000,10.4735602,77.5221002,,2026-09-30,representative_point
way/310834679,substation,110000,10.5875081,77.5723555,,2026-09-30,representative_point
way/310834680,substation,110000,10.5429132,77.4148273,,2026-09-30,representative_point
way/310834681,substation,110000,10.6876694,77.3265837,,2026-09-30,representative_point
way/310834687,substation,110000,10.5758887,77.4051814,,2026-09-30,representative_point
way/310834691,substation,110000,10.6358605,77.2664636,,2026-09-30,representative_point
way/310834692,substation,110000,10.5959565,77.6808442,,2026-09-30,representative_point
way/310834702,substation,230000;110000,10.5748492,77.2781405,,2026-09-30,representative_point
way/310834703,substation,400000;230000,10.5949892,77.3226506,,2026-09-30,representative_point
way/311372095,substation,,12.9275383,77.6677763,,2026-09-30,representative_point
way/315076155,substation,,15.1998641,76.3790912,,2026-09-30,representative_point
way/315758509,substation,400000,14.2183665,79.8841919,,2026-09-30,representative_point
way/315758512,substation,,14.4891582,79.9883053,,2026-09-30,representative_point
way/315758513,substation,400000,14.2084629,80.0874091,,2026-09-30,representative_point
way/315758514,substation,,14.2737787,80.0957935,,2026-09-30,representative_point
way/315758515,substation,400000,14.3327517,80.122157,,2026-09-30,representative_point
way/315758516,substation,,14.8731537,79.316114,,2026-09-30,representative_point
way/315758517,substation,400000,14.326444,80.1406139,,2026-09-30,representative_point
way/315758523,substation,,14.1372155,79.9841411,,2026-09-30,representative_point
way/315758524,substation,400000,14.2140786,80.0863368,,2026-09-30,representative_point
way/315758525,substation,,14.4906461,79.9856723,,2026-09-30,representative_point
way/315758526,substation,132000,13.7463321,79.710692,,2026-09-30,representative_point
way/315758531,substation,132000,14.651127,79.6162344,,2026-09-30,representative_point
way/315784584,substation,,15.7898254,79.655556,,2026-09-30,representative_point
way/315784585,substation,,14.9025995,79.9864357,,2026-09-30,representative_point
way/315784586,substation,,15.1241215,79.7130941,,2026-09-30,representative_point
way/315784587,substation,,14.9102596,79.9792864,,2026-09-30,representative_point
way/315784588,substation,132000,15.3975461,79.5096458,,2026-09-30,representative_point
way/315796583,substation,132000,16.4568362,80.1590074,,2026-09-30,representative_point
way/315796591,substation,400000;220000,16.3965844,80.1324574,,2026-09-30,representative_point
way/315823978,substation,765000;400000,15.6695444,78.1764921,,2026-09-30,representative_point
way/315823988,substation,,14.8682116,78.3887764,,2026-09-30,representative_point
way/315823989,substation,,14.4031201,78.2286634,,2026-09-30,representative_point
way/315823990,substation,,15.8999231,80.4535734,,2026-09-30,representative_point
way/315823991,substation,,14.6625295,78.4587878,,2026-09-30,representative_point
way/315823993,substation,,15.838516,78.0718378,,2026-09-30,representative_point
way/315823994,substation,,14.3773932,78.4589842,,2026-09-30,representative_point
way/315823995,substation,,14.4486336,78.2310143,,2026-09-30,representative_point
way/315824006,substation,,15.1925812,78.2669155,,2026-09-30,representative_point
way/315824842,substation,765000,14.2461857,79.8955286,,2026-09-30,representative_point
way/316092560,substation,,15.1702158,76.3750579,,2026-09-30,representative_point
way/316182452,substation,220000;66000,13.2539242,77.5529222,,2026-09-30,representative_point
way/316182460,substation,,13.248407,77.4887025,,2026-09-30,representative_point
way/316182461,substation,,13.2687576,77.5621865,,2026-09-30,representative_point
way/316186939,substation,230000;110000,12.72625,77.8132486,,2026-09-30,representative_point
way/316186942,substation,220000;66000,13.1831671,77.6795277,,2026-09-30,representative_point
way/316186957,substation,,13.1420125,77.7348568,,2026-09-30,representative_point
way/316187137,substation,110000,12.7225543,77.8670727,,2026-09-30,representative_point
way/316187353,substation,110000,12.758621,77.798918,,2026-09-30,representative_point
way/316686955,substation,220000,12.9834659,77.5748117,,2026-09-30,representative_point
way/316689602,substation,,13.043765,77.5259221,,2026-09-30,representative_point
way/316689603,substation,,13.0437085,77.5256,,2026-09-30,representative_point
way/318033579,substation,33000;11000,16.5400166,80.6401409,,2026-09-30,representative_point
way/318613161,substation,,17.4148726,78.4852032,,2026-09-30,representative_point
way/318937006,substation,,8.8838041,76.5929392,,2026-09-30,representative_point
way/31957160,substation,,13.068468,80.2079464,,2026-09-30,representative_point
way/321648853,substation,,15.3768061,79.931239,,2026-09-30,representative_point
way/32259052,substation,,12.9074528,77.57997,,2026-09-30,representative_point
way/323507080,substation,132000,17.6997896,83.2411374,,2026-09-30,representative_point
way/323507081,substation,,17.7018252,83.249842,,2026-09-30,representative_point
way/323507082,substation,,17.7151944,83.2628371,,2026-09-30,representative_point
way/323507083,substation,132000,17.6975233,83.2322594,,2026-09-30,representative_point
way/323507084,substation,132000,17.6957517,83.213719,,2026-09-30,representative_point
way/323507085,substation,,17.9447514,83.2234865,,2026-09-30,representative_point
way/323507086,substation,132000,18.3027798,82.956899,,2026-09-30,representative_point
way/323507087,substation,132000,18.1234676,83.1322121,,2026-09-30,representative_point
way/323507088,substation,132000,18.2184201,83.0434971,,2026-09-30,representative_point
way/323507089,substation,220000,17.943999,83.219462,,2026-09-30,representative_point
way/323507092,substation,132000,18.3472916,82.8022377,,2026-09-30,representative_point
way/323507093,substation,132000,17.7167809,83.2733643,,2026-09-30,representative_point
way/323507094,substation,132000,17.7143755,83.2709208,,2026-09-30,representative_point
way/323507095,substation,132000,17.7005417,83.2566358,,2026-09-30,representative_point
way/323507098,substation,132000,18.1717455,83.1253698,,2026-09-30,representative_point
way/323507102,substation,132000,18.3368117,82.8655224,,2026-09-30,representative_point
way/323515668,substation,220000;132000,16.9632237,81.7998665,,2026-09-30,representative_point
way/323515677,substation,400000;220000,16.9391283,81.8030858,,2026-09-30,representative_point
way/323515680,substation,132000,16.9659087,81.7893912,,2026-09-30,representative_point
way/323515689,substation,132000,16.8701667,81.8969322,,2026-09-30,representative_point
way/323575425,substation,,16.7955357,77.048388,,2026-09-30,representative_point
way/323661900,substation,110000,8.7140187,77.7760425,,2026-09-30,representative_point
way/323661901,substation,400000;230000,8.7602215,78.1666785,,2026-09-30,representative_point
way/323661902,substation,400000;230000,8.1713166,77.711345,,2026-09-30,representative_point
way/323661903,substation,110000,8.4028448,77.5896965,,2026-09-30,representative_point
way/323661905,substation,110000,8.7635653,77.5072255,,2026-09-30,representative_point
way/323681767,substation,,10.082832,78.7366117,,2026-09-30,representative_point
way/323681780,substation,230000;110000,10.0795825,78.7346564,,2026-09-30,representative_point
way/323713891,substation,110000,10.6378682,78.4322366,,2026-09-30,representative_point
way/323713895,substation,230000;110000,10.9427936,78.8239661,,2026-09-30,representative_point
way/323713912,substation,400000;230000,10.6935398,78.6096791,,2026-09-30,representative_point
way/323713924,substation,110000,10.8455707,78.6824319,,2026-09-30,representative_point
way/323713925,substation,110000,10.7110052,78.7909563,,2026-09-30,representative_point
way/323713926,substation,110000,10.7463872,78.5034246,,2026-09-30,representative_point
way/323713927,substation,110000,10.7953596,78.6950426,,2026-09-30,representative_point
way/323713930,substation,110000,10.8954682,78.8507318,,2026-09-30,representative_point
way/323713938,substation,110000,10.972096,78.9453338,,2026-09-30,representative_point
way/323713939,substation,110000,10.7541012,78.799986,,2026-09-30,representative_point
way/323713940,substation,110000,10.6992103,78.7113415,,2026-09-30,representative_point
way/323713945,substation,110000,10.9687755,78.9438656,,2026-09-30,representative_point
way/323713946,substation,110000,10.791546,78.7334626,,2026-09-30,representative_point
way/323713951,substation,110000,10.6255926,78.5689987,,2026-09-30,representative_point
way/323713953,substation,110000,10.7982363,78.6717203,,2026-09-30,representative_point
way/323713954,substation,110000,10.9058622,78.8418487,,2026-09-30,representative_point
way/323713955,substation,230000;110000,10.7895276,78.6444821,,2026-09-30,representative_point
way/323713959,substation,110000,10.6269621,78.7476201,,2026-09-30,representative_point
way/323713960,substation,110000,10.7579318,78.7903886,,2026-09-30,representative_point
way/323716321,substation,,11.0329414,78.4989384,,2026-09-30,representative_point
way/323716322,substation,110000,10.9700803,78.4359627,,2026-09-30,representative_point
way/323716323,substation,110000,10.9955239,78.5980127,,2026-09-30,representative_point
way/323716324,substation,110000,10.9885817,78.3077228,,2026-09-30,representative_point
way/323716327,substation,110000,11.1334645,78.4253459,,2026-09-30,representative_point
way/323845076,substation,230000;110000,10.6019805,77.9326467,,2026-09-30,representative_point
way/323845078,substation,110000,10.5443086,78.3092903,,2026-09-30,representative_point
way/323845079,substation,110000,10.0496951,78.110556,,2026-09-30,representative_point
way/323845082,substation,110000,10.4421754,78.0933469,,2026-09-30,representative_point
way/323845084,substation,110000,10.4570564,78.3825843,,2026-09-30,representative_point
way/323845086,substation,110000,10.6026109,78.0805776,,2026-09-30,representative_point
way/323845087,substation,110000,10.5467281,78.2867981,,2026-09-30,representative_point
way/323845185,substation,110000,10.7124898,78.0958455,,2026-09-30,representative_point
way/323853937,substation,110000,10.1002825,77.8422206,,2026-09-30,representative_point
way/323853944,substation,110000,10.4697048,77.9459288,,2026-09-30,representative_point
way/327717793,substation,66000,12.3261386,76.8606973,,2026-09-30,representative_point
way/329699430,substation,110000,18.1561022,77.4261054,,2026-09-30,representative_point
way/329699435,substation,110000,18.2946984,77.3260683,,2026-09-30,representative_point
way/329699436,substation,110000,18.231399,77.2093311,,2026-09-30,representative_point
way/330065946,substation,,16.3103811,77.3471798,,2026-09-30,representative_point
way/330065947,substation,,16.7145967,79.6938976,,2026-09-30,representative_point
way/330065948,substation,,16.7170464,79.6940915,,2026-09-30,representative_point
way/330065950,substation,,16.3605086,77.3486105,,2026-09-30,representative_point
way/330065951,substation,,16.6468352,79.7009542,,2026-09-30,representative_point
way/330065961,substation,,16.7115535,79.6875961,,2026-09-30,representative_point
way/330065965,substation,132000,17.170851,79.3812277,,2026-09-30,representative_point
way/330065972,substation,,17.9639086,78.4763677,,2026-09-30,representative_point
way/330065974,substation,132000,17.1670961,79.3786183,,2026-09-30,representative_point
way/330065976,substation,,17.9934211,78.4609442,,2026-09-30,representative_point
way/330065977,substation,132000,17.9813307,78.4594959,,2026-09-30,representative_point
way/330065978,substation,,17.4962367,78.3476797,,2026-09-30,representative_point
way/331726225,substation,,10.7616026,76.2635094,,2026-09-30,representative_point
way/331794766,substation,,18.7604214,79.5033784,,2026-09-30,representative_point
way/336480190,substation,220000;132000,14.4618958,78.2283833,,2026-09-30,representative_point
way/336480199,substation,,14.5407847,78.1934048,,2026-09-30,representative_point
way/336480200,substation,,14.7921175,77.2977418,,2026-09-30,representative_point
way/336480201,substation,,14.5129026,78.100091,,2026-09-30,representative_point
way/336480204,substation,,15.1986882,76.6575666,,2026-09-30,representative_point
way/336482541,substation,,14.9279476,76.5274164,,2026-09-30,representative_point
way/336498169,substation,110000,11.4149365,77.538359,,2026-09-30,representative_point
way/336498170,substation,110000,11.4749124,77.5730426,,2026-09-30,representative_point
way/336535467,substation,230000;110000,11.1194906,77.3331773,,2026-09-30,representative_point
way/336535480,substation,400000;230000,11.1251284,77.1896836,,2026-09-30,representative_point
way/336535493,substation,110000,10.9700735,77.2002446,,2026-09-30,representative_point
way/336535495,substation,110000,10.9740473,77.2771935,,2026-09-30,representative_point
way/336535496,substation,110000,10.9237835,77.2550948,,2026-09-30,representative_point
way/336535497,substation,,11.1498174,77.1965264,,2026-09-30,representative_point
way/336535498,substation,,11.1324903,77.1916988,,2026-09-30,representative_point
way/336535502,substation,,10.9254034,77.3214438,,2026-09-30,representative_point
way/336535505,substation,110000,11.0380222,77.3237357,,2026-09-30,representative_point
way/336535506,substation,110000,10.969413,77.3779926,,2026-09-30,representative_point
way/336535507,substation,220000,11.1310705,77.1661438,,2026-09-30,representative_point
way/336535512,substation,,11.1701422,77.2230799,,2026-09-30,representative_point
way/336535529,substation,,11.1818163,77.2452084,,2026-09-30,representative_point
way/336571708,substation,110000,11.3427546,77.4246674,,2026-09-30,representative_point
way/336571709,substation,110000,11.2775791,77.1682651,,2026-09-30,representative_point
way/336571711,substation,230000;110000,11.4571408,77.2151026,,2026-09-30,representative_point
way/336571721,substation,,11.4323177,77.4159402,,2026-09-30,representative_point
way/336571749,substation,110000,11.661264,78.0285017,,2026-09-30,representative_point
way/336571752,substation,110000,11.4816951,77.2801929,,2026-09-30,representative_point
way/336571753,substation,230000,11.6550393,78.0292332,,2026-09-30,representative_point
way/336571755,substation,110000,11.4860629,77.2684571,,2026-09-30,representative_point
way/336571785,substation,110000,11.4223966,77.3187664,,2026-09-30,representative_point
way/336571787,substation,110000,11.4726612,77.115633,,2026-09-30,representative_point
way/336571789,substation,,11.4224793,77.4357988,,2026-09-30,representative_point
way/336571792,substation,110000,11.3821557,77.2075586,,2026-09-30,representative_point
way/336571811,substation,110000,11.487598,77.1567003,,2026-09-30,representative_point
way/336571813,substation,110000,11.3495817,77.3118921,,2026-09-30,representative_point
way/336571823,substation,110000,11.5738155,77.74113,,2026-09-30,representative_point
way/336571825,substation,230000;110000,11.3984718,77.4341156,,2026-09-30,representative_point
way/337239140,substation,230000;110000,11.094532,77.1248371,,2026-09-30,representative_point
way/337239191,substation,,11.0626386,77.0295382,,2026-09-30,representative_point
way/337239193,substation,110000,11.2484572,76.8749477,,2026-09-30,representative_point
way/337239194,substation,,11.170186,77.1337106,,2026-09-30,representative_point
way/337239196,substation,,11.1634974,77.0809494,,2026-09-30,representative_point
way/337239199,substation,,11.0987205,77.1030912,,2026-09-30,representative_point
way/337239202,substation,,11.280891,76.8884092,,2026-09-30,representative_point
way/337239204,substation,110000,11.0868322,77.1837971,,2026-09-30,representative_point
way/337239209,substation,400000;220000;110000,11.2943241,77.0062195,,2026-09-30,representative_point
way/337239217,substation,,11.0699446,76.9867194,,2026-09-30,representative_point
way/337239223,substation,,11.1985861,77.0735445,,2026-09-30,representative_point
way/337239226,substation,110000,11.2152112,77.3620778,,2026-09-30,representative_point
way/337239228,substation,110000,11.1542217,77.0314092,,2026-09-30,representative_point
way/337239229,substation,110000,11.0637425,77.0618219,,2026-09-30,representative_point
way/337239233,substation,,11.2075972,77.0135641,,2026-09-30,representative_point
way/337239244,substation,230000;110000,11.0848856,76.934399,,2026-09-30,representative_point
way/337239269,substation,110000,11.2304137,76.8971268,,2026-09-30,representative_point
way/337248231,substation,,11.1340608,76.930947,,2026-09-30,representative_point
way/337248233,substation,230000,11.0174819,76.9582614,,2026-09-30,representative_point
way/337248240,substation,110000,11.2113145,76.9569771,,2026-09-30,representative_point
way/337248241,substation,110000,11.0244839,77.0682076,,2026-09-30,representative_point
way/337248242,substation,110000,11.0632636,77.0971149,,2026-09-30,representative_point
way/337248243,substation,,11.3161273,76.9454006,,2026-09-30,representative_point
way/337248244,substation,,11.0346626,76.9484654,,2026-09-30,representative_point
way/337248245,substation,110000,11.1088228,76.9899661,,2026-09-30,representative_point
way/337248247,substation,,11.0135157,77.0269438,,2026-09-30,representative_point
way/337248249,substation,110000,11.0201409,76.9924444,,2026-09-30,representative_point
way/337248250,substation,110000,11.358383,77.0825878,,2026-09-30,representative_point
way/337248252,substation,,11.3081174,76.9523973,,2026-09-30,representative_point
way/337576195,substation,,8.9134534,76.5573636,,2026-09-30,representative_point
way/337856762,substation,110000,10.907862,76.9449614,,2026-09-30,representative_point
way/337856763,substation,230000;110000,11.4545501,77.7716355,,2026-09-30,representative_point
way/337856764,substation,230000;110000,11.2421623,77.5767153,,2026-09-30,representative_point
way/337856765,substation,,11.4099827,76.8132845,,2026-09-30,representative_point
way/337856783,substation,110000,11.3384703,77.5889146,,2026-09-30,representative_point
way/337856784,substation,110000,10.9680948,76.8588735,,2026-09-30,representative_point
way/337856840,substation,,11.3069855,76.9003709,,2026-09-30,representative_point
way/337856843,substation,,10.6766582,77.1742786,,2026-09-30,representative_point
way/337856844,substation,,11.5348416,77.4589233,,2026-09-30,representative_point
way/337856845,substation,,11.4187491,77.6729955,,2026-09-30,representative_point
way/337856846,substation,,10.9389134,77.0585633,,2026-09-30,representative_point
way/337856847,substation,230000,11.2615674,76.8062499,,2026-09-30,representative_point
way/337856848,substation,,10.614208,77.1716183,,2026-09-30,representative_point
way/337856849,substation,110000,11.2268241,77.5881351,,2026-09-30,representative_point
way/337856850,substation,110000,10.9154817,77.0966822,,2026-09-30,representative_point
way/337856851,substation,110000,10.9129989,77.4759181,,2026-09-30,representative_point
way/337856852,substation,,11.3001639,76.9038745,,2026-09-30,representative_point
way/337856853,substation,110000,11.2198471,77.5500442,,2026-09-30,representative_point
way/337856854,substation,110000,10.7326393,77.3038467,,2026-09-30,representative_point
way/337856856,substation,110000,11.2337951,77.5606109,,2026-09-30,representative_point
way/337856857,substation,110000;22000;11000,11.0553669,76.8877632,,2026-09-30,representative_point
way/337856858,substation,,11.0985278,77.6677899,,2026-09-30,representative_point
way/337856859,substation,110000,10.9084465,76.9544845,,2026-09-30,representative_point
way/337856860,substation,110000,10.9938689,77.5642235,,2026-09-30,representative_point
way/337856870,substation,110000,10.7340483,77.5098784,,2026-09-30,representative_point
way/337856871,substation,110000,11.3159604,77.6173776,,2026-09-30,representative_point
way/337856872,substation,110000,11.2384607,77.5798129,,2026-09-30,representative_point
way/337856873,substation,110000,10.9747753,77.0921163,,2026-09-30,representative_point
way/337856874,substation,110000,11.0334405,77.4404911,,2026-09-30,representative_point
way/337856875,substation,110000,10.7183206,77.4582083,,2026-09-30,representative_point
way/337856876,substation,110000,10.8228861,77.5164185,,2026-09-30,representative_point
way/337856877,substation,110000,11.0258271,77.11271,,2026-09-30,representative_point
way/337856878,substation,110000,11.2546726,77.5537258,,2026-09-30,representative_point
way/337856881,substation,110000;22000,11.4661108,77.6145491,,2026-09-30,representative_point
way/337856882,substation,,10.9935062,77.7002232,,2026-09-30,representative_point
way/337856889,substation,230000;110000,10.7007104,77.3985061,,2026-09-30,representative_point
way/337856890,substation,110000,10.8274348,77.0191778,,2026-09-30,representative_point
way/337856891,substation,230000;33000,10.8123893,77.3477368,,2026-09-30,representative_point
way/337856892,substation,110000,10.7654145,77.3718146,,2026-09-30,representative_point
way/337856893,substation,,11.3757168,76.7760618,,2026-09-30,representative_point
way/337856895,substation,110000,10.8746405,77.1135453,,2026-09-30,representative_point
way/337856896,substation,230000,10.9930667,77.6981602,,2026-09-30,representative_point
way/337856898,substation,,11.0078626,76.9265303,,2026-09-30,representative_point
way/337856900,substation,110000,11.1210092,77.412058,,2026-09-30,representative_point
way/337856901,substation,110000,10.8386931,77.4586419,,2026-09-30,representative_point
way/337856904,substation,,10.9384095,76.997361,,2026-09-30,representative_point
way/337856906,substation,230000,11.2425633,76.7686902,,2026-09-30,representative_point
way/337856910,substation,230000;110000,11.568169,77.5993688,,2026-09-30,representative_point
way/337856911,substation,110000,10.9769145,76.8118716,,2026-09-30,representative_point
way/337856912,substation,110000,11.1491728,77.6004913,,2026-09-30,representative_point
way/337856913,substation,110000,10.8830858,77.199223,,2026-09-30,representative_point
way/337856914,substation,110000,11.1756138,77.5561241,,2026-09-30,representative_point
way/337856916,substation,110000,11.3155194,77.6468405,,2026-09-30,representative_point
way/337856917,substation,110000,11.5141072,77.3746375,,2026-09-30,representative_point
way/337856918,substation,,11.4069896,76.8113355,,2026-09-30,representative_point
way/337856921,substation,230000;110000,11.0029313,77.3105712,,2026-09-30,representative_point
way/337856922,substation,110000,10.9889762,76.965495,,2026-09-30,representative_point
way/337856923,substation,,11.3974019,77.6761827,,2026-09-30,representative_point
way/337856924,substation,110000,10.7053381,77.3885211,,2026-09-30,representative_point
way/337856926,substation,110000,10.797562,77.694681,,2026-09-30,representative_point
way/337871606,substation,110000,10.3797951,77.9567972,,2026-09-30,representative_point
way/337871617,substation,230000;33000,10.6660657,77.6395522,,2026-09-30,representative_point
way/337871626,substation,110000,10.4133456,78.0381712,,2026-09-30,representative_point
way/337871629,substation,110000,10.7191478,77.8968792,,2026-09-30,representative_point
way/337871630,substation,110000,10.7081459,77.756933,,2026-09-30,representative_point
way/337871631,substation,110000,10.3295945,77.926925,,2026-09-30,representative_point
way/337882095,substation,110000,10.8345272,77.9660422,,2026-09-30,representative_point
way/337882099,substation,110000,10.9076823,77.8808545,,2026-09-30,representative_point
way/337882107,substation,110000,10.632559,77.8013859,,2026-09-30,representative_point
way/337882108,substation,110000,10.8849099,78.005488,,2026-09-30,representative_point
way/338030166,substation,400000;220000,10.9598294,77.9210214,,2026-09-30,representative_point
way/338030172,substation,110000,10.9374604,78.1546977,,2026-09-30,representative_point
way/338030175,substation,,11.0734091,78.0202301,,2026-09-30,representative_point
way/338030176,substation,110000,11.0722755,78.1286461,,2026-09-30,representative_point
way/338030177,substation,110000,11.0017107,78.0655569,,2026-09-30,representative_point
way/338030179,substation,,11.0627498,77.9945218,,2026-09-30,representative_point
way/338030180,substation,110000,11.1340832,77.8065686,,2026-09-30,representative_point
way/338030182,substation,,11.0545881,77.9939545,,2026-09-30,representative_point
way/338030183,substation,,11.1540705,77.8487734,,2026-09-30,representative_point
way/338030186,substation,110000,10.9221281,78.09258,,2026-09-30,representative_point
way/338030187,substation,110000,10.9783054,78.0218131,,2026-09-30,representative_point
way/338030191,substation,110000,10.9605317,78.0697365,,2026-09-30,representative_point
way/338030192,substation,110000,10.8417481,78.118239,,2026-09-30,representative_point
way/338030193,substation,110000,10.9304483,78.1525695,,2026-09-30,representative_point
way/338030194,substation,230000;110000,11.0532059,77.9877622,,2026-09-30,representative_point
way/338065885,substation,110000,10.9472353,78.2343287,,2026-09-30,representative_point
way/338065886,substation,110000,10.8945049,78.4873556,,2026-09-30,representative_point
way/338065887,substation,110000,10.8044239,78.2019412,,2026-09-30,representative_point
way/338065891,substation,110000,10.8624052,78.3857772,,2026-09-30,representative_point
way/338065892,substation,110000,10.8304118,78.3092723,,2026-09-30,representative_point
way/340337081,substation,110000,11.3861356,77.8766581,,2026-09-30,representative_point
way/340337083,substation,110000,11.5860466,77.8587573,,2026-09-30,representative_point
way/340337084,substation,,11.3840696,77.7150725,,2026-09-30,representative_point
way/340337085,substation,,11.3045819,78.0404278,,2026-09-30,representative_point
way/340337090,substation,,11.2591663,77.948413,,2026-09-30,representative_point
way/340337093,substation,230000;110000,11.3552455,77.9526856,,2026-09-30,representative_point
way/340337101,substation,110000,11.494493,77.8948419,,2026-09-30,representative_point
way/340337107,substation,230000;110000,11.1350839,78.2224194,,2026-09-30,representative_point
way/340337117,substation,400000;230000;110000,11.6689461,78.0009967,,2026-09-30,representative_point
way/340337120,substation,230000;110000,11.3169368,78.1752327,,2026-09-30,representative_point
way/340337133,substation,,11.3298849,77.7569376,,2026-09-30,representative_point
way/340337134,substation,110000,11.4548873,77.8271896,,2026-09-30,representative_point
way/340337135,substation,110000,11.444237,77.8683665,,2026-09-30,representative_point
way/340337137,substation,,11.3678309,77.7849921,,2026-09-30,representative_point
way/340337139,substation,110000,11.6345837,77.7840603,,2026-09-30,representative_point
way/340337148,substation,110000,11.1184414,77.9989897,,2026-09-30,representative_point
way/340337153,substation,,11.3477285,77.760077,,2026-09-30,representative_point
way/340337154,substation,110000,10.7184578,78.1294392,,2026-09-30,representative_point
way/340337156,substation,110000,11.1310948,78.1056534,,2026-09-30,representative_point
way/340337173,substation,110000,11.1396355,77.9517636,,2026-09-30,representative_point
way/340337177,substation,,11.2432291,77.8664379,,2026-09-30,representative_point
way/340337181,substation,110000,11.696383,77.8889131,,2026-09-30,representative_point
way/340337201,substation,110000,11.4443916,77.8264864,,2026-09-30,representative_point
way/340337210,substation,110000,11.3982302,77.7756281,,2026-09-30,representative_point
way/340337211,substation,,11.2197231,78.1562517,,2026-09-30,representative_point
way/340337217,substation,,11.343391,78.2535417,,2026-09-30,representative_point
way/340340834,substation,,11.4983705,78.0257227,,2026-09-30,representative_point
way/340340839,substation,,11.425232,78.0337488,,2026-09-30,representative_point
way/340340842,substation,110000,11.5767953,78.0103166,,2026-09-30,representative_point
way/340479062,substation,220000,11.8153381,77.8283205,,2026-09-30,representative_point
way/340479063,substation,230000,11.7964326,77.809987,,2026-09-30,representative_point
way/340479068,substation,,11.8080543,77.8300968,,2026-09-30,representative_point
way/340479072,substation,,11.8130297,77.8276392,,2026-09-30,representative_point
way/340479073,substation,110000,11.80111,77.802953,,2026-09-30,representative_point
way/340479079,substation,110000,11.6548777,78.10104,,2026-09-30,representative_point
way/340479149,substation,110000,11.6620455,78.1195641,,2026-09-30,representative_point
way/340479150,substation,,11.1775226,79.0944358,,2026-09-30,representative_point
way/340479153,substation,110000,11.8005257,77.8100575,,2026-09-30,representative_point
way/340479155,substation,,11.6767359,77.6559562,,2026-09-30,representative_point
way/340479158,substation,230000,11.5423488,79.4127173,,2026-09-30,representative_point
way/340479159,substation,110000,11.168482,78.8602244,,2026-09-30,representative_point
way/340479163,substation,230000,11.5216876,79.4477916,,2026-09-30,representative_point
way/340479166,substation,400000,11.5487774,79.4399824,,2026-09-30,representative_point
way/340479168,substation,110000,11.6439449,77.7557571,,2026-09-30,representative_point
way/340479170,substation,110000,11.7272849,77.7787488,,2026-09-30,representative_point
way/340479188,substation,110000,11.8588625,77.9227393,,2026-09-30,representative_point
way/340479189,substation,,11.8069587,77.9235202,,2026-09-30,representative_point
way/340479190,substation,110000,11.285985,78.5000647,,2026-09-30,representative_point
way/340479191,substation,110000,11.8051023,77.8248794,,2026-09-30,representative_point
way/340479196,substation,110000,11.7080788,78.1051752,,2026-09-30,representative_point
way/340479206,substation,,11.8088311,77.8237766,,2026-09-30,representative_point
way/340479207,substation,110000,11.7551804,77.8949427,,2026-09-30,representative_point
way/340479209,substation,110000,11.459413,78.2864172,,2026-09-30,representative_point
way/340479211,substation,230000;110000,11.6391845,78.4059526,,2026-09-30,representative_point
way/340479212,substation,110000,11.0017177,78.8132531,,2026-09-30,representative_point
way/340479214,substation,110000,11.6620577,78.2062458,,2026-09-30,representative_point
way/340479220,substation,110000,11.4551361,78.4826622,,2026-09-30,representative_point
way/340479221,substation,110000,11.4545045,78.169899,,2026-09-30,representative_point
way/340479226,substation,110000,11.6470065,78.4590967,,2026-09-30,representative_point
way/340479227,substation,110000,11.695047,78.1588674,,2026-09-30,representative_point
way/340479229,substation,110000,11.700682,77.9615873,,2026-09-30,representative_point
way/340479230,substation,110000,11.175208,78.8601572,,2026-09-30,representative_point
way/340479231,substation,230000;110000,11.6342043,78.1310491,,2026-09-30,representative_point
way/340479233,substation,,11.3615048,79.2270356,,2026-09-30,representative_point
way/340479236,substation,,11.8172666,77.9190101,,2026-09-30,representative_point
way/340479247,substation,110000,11.1329945,78.5898532,,2026-09-30,representative_point
way/340479252,substation,400000,11.7754451,77.8190031,,2026-09-30,representative_point
way/340479253,substation,220000,11.7705286,77.8115282,,2026-09-30,representative_point
way/340479254,substation,230000;110000,11.2376871,78.8933513,,2026-09-30,representative_point
way/340697959,substation,110000,10.9931851,79.0830219,,2026-09-30,representative_point
way/340697973,substation,110000,11.3765947,78.7883374,,2026-09-30,representative_point
way/340697974,substation,110000,11.3541554,78.9732973,,2026-09-30,representative_point
way/340697975,substation,110000,11.1483236,79.0670573,,2026-09-30,representative_point
way/340697976,substation,,11.5338956,79.4239029,,2026-09-30,representative_point
way/340697977,substation,,11.1841731,79.0962594,,2026-09-30,representative_point
way/340697978,substation,,11.1044833,79.1749148,,2026-09-30,representative_point
way/340697981,substation,,11.0084156,79.0838582,,2026-09-30,representative_point
way/340697982,substation,110000,11.0568129,79.067515,,2026-09-30,representative_point
way/340697985,substation,110000,11.150695,79.0340259,,2026-09-30,representative_point
way/340697986,substation,110000,11.4005703,79.2295512,,2026-09-30,representative_point
way/340697989,substation,110000,11.3534172,78.9535216,,2026-09-30,representative_point
way/340697990,substation,,11.3555216,79.2265291,,2026-09-30,representative_point
way/340697994,substation,110000,11.1371714,79.0884664,,2026-09-30,representative_point
way/340697999,substation,230000;110000,11.3510865,79.2156144,,2026-09-30,representative_point
way/340746388,substation,400000,11.595106,79.4664924,,2026-09-30,representative_point
way/340746389,substation,110000,11.5109233,79.3382165,,2026-09-30,representative_point
way/341037720,substation,110000,11.5938091,78.5649634,,2026-09-30,representative_point
way/341037725,substation,110000,11.6489995,78.8899034,,2026-09-30,representative_point
way/341037727,substation,110000,11.415042,78.9837467,,2026-09-30,representative_point
way/341037737,substation,110000,11.5805018,79.2503979,,2026-09-30,representative_point
way/341037765,substation,110000,11.5420241,79.3162385,,2026-09-30,representative_point
way/341037766,substation,110000,11.5382733,79.1261557,,2026-09-30,representative_point
way/341037767,substation,110000,11.6979106,79.2724049,,2026-09-30,representative_point
way/341037769,substation,110000,11.583147,78.7352427,,2026-09-30,representative_point
way/341037775,substation,110000,11.6107158,79.3106487,,2026-09-30,representative_point
way/341037777,substation,110000,11.5810872,78.8737979,,2026-09-30,representative_point
way/341037778,substation,,11.7452683,78.9188394,,2026-09-30,representative_point
way/341037782,substation,230000;110000,11.5819103,78.7222859,,2026-09-30,representative_point
way/341037784,substation,110000,11.813111,78.8252685,,2026-09-30,representative_point
way/341037790,substation,,11.4057932,79.3943212,,2026-09-30,representative_point
way/341305238,substation,,11.0633115,79.4957295,,2026-09-30,representative_point
way/341305239,substation,,10.943506,79.3890735,,2026-09-30,representative_point
way/341305240,substation,,10.8483992,79.8369886,,2026-09-30,representative_point
way/341305241,substation,110000,10.4550312,79.1266725,,2026-09-30,representative_point
way/341305242,substation,,10.8540091,79.8307853,,2026-09-30,representative_point
way/341305243,substation,110000,11.0845119,79.4445529,,2026-09-30,representative_point
way/341305245,substation,230000;110000,10.7152588,79.071,,2026-09-30,representative_point
way/341305246,substation,110000,10.656113,79.0442875,,2026-09-30,representative_point
way/341305247,substation,110000,11.0014664,79.3281395,,2026-09-30,representative_point
way/341305252,substation,110000,10.6610725,79.1605925,,2026-09-30,representative_point
way/341305254,substation,110000,11.213706,79.3546678,,2026-09-30,representative_point
way/341305268,substation,110000,10.6242465,79.2460253,,2026-09-30,representative_point
way/341305269,substation,110000,10.6903645,79.0762544,,2026-09-30,representative_point
way/341305270,substation,230000;110000;11000,10.9329213,79.8206621,,2026-09-30,representative_point
way/341305273,substation,110000,10.5614156,79.3814754,,2026-09-30,representative_point
way/341305274,substation,,10.7545872,79.0938098,,2026-09-30,representative_point
way/341305275,substation,230000;110000,10.552135,79.2613971,,2026-09-30,representative_point
way/341305276,substation,,10.7711729,79.1635734,,2026-09-30,representative_point
way/341305277,substation,110000,10.7703187,79.2426302,,2026-09-30,representative_point
way/341305284,substation,110000,10.9487225,79.7766992,,2026-09-30,representative_point
way/341305285,substation,110000,10.8910729,79.1869214,,2026-09-30,representative_point
way/341599742,substation,110000,10.7855437,79.3588019,,2026-09-30,representative_point
way/341599746,substation,,10.4596675,79.4105327,,2026-09-30,representative_point
way/341599766,substation,110000,10.8230109,79.7746161,,2026-09-30,representative_point
way/341599770,substation,230000;110000,10.7871259,79.613829,,2026-09-30,representative_point
way/341599796,substation,,10.5237211,79.4458798,,2026-09-30,representative_point
way/341599813,substation,110000,11.0228771,79.4902752,,2026-09-30,representative_point
way/341599815,substation,110000,10.8299229,79.812913,,2026-09-30,representative_point
way/341599816,substation,110000,10.5408273,79.451618,,2026-09-30,representative_point
way/341599817,substation,110000,10.9663451,79.6592963,,2026-09-30,representative_point
way/341599818,substation,110000,10.831519,79.7895502,,2026-09-30,representative_point
way/341599826,substation,110000,10.413314,79.6517199,,2026-09-30,representative_point
way/341599829,substation,110000,10.5621795,79.6174572,,2026-09-30,representative_point
way/341599832,substation,110000,10.4348348,79.3041007,,2026-09-30,representative_point
way/341599833,substation,110000,10.7037833,79.3219258,,2026-09-30,representative_point
way/341599834,substation,110000,10.6281376,79.3452496,,2026-09-30,representative_point
way/341599836,substation,110000,10.6315534,79.7137946,,2026-09-30,representative_point
way/341599838,substation,110000,10.6845178,79.4309004,,2026-09-30,representative_point
way/341599840,substation,110000,10.8624826,79.5136152,,2026-09-30,representative_point
way/341791009,substation,220000;110000,11.5953784,79.4748132,,2026-09-30,representative_point
way/341791011,substation,230000;110000,11.0891841,79.5741357,,2026-09-30,representative_point
way/341791021,substation,,11.1215158,79.5296619,,2026-09-30,representative_point
way/341791022,substation,110000,11.0343233,79.590651,,2026-09-30,representative_point
way/341791023,substation,,11.0129923,79.5881148,,2026-09-30,representative_point
way/341791024,substation,110000,11.0341975,79.5821625,,2026-09-30,representative_point
way/341791025,substation,110000,11.0335615,79.583872,,2026-09-30,representative_point
way/341791026,substation,110000,11.2727595,79.559148,,2026-09-30,representative_point
way/341791027,substation,110000,11.2014531,79.6053359,,2026-09-30,representative_point
way/341791028,substation,,11.5789063,79.4849386,,2026-09-30,representative_point
way/341791031,substation,110000,11.4225538,79.5364229,,2026-09-30,representative_point
way/341791034,substation,110000,11.1991483,79.7155138,,2026-09-30,representative_point
way/341791038,substation,110000,11.0804857,79.6455145,,2026-09-30,representative_point
way/341791039,substation,110000,11.1762631,79.7991772,,2026-09-30,representative_point
way/341791041,substation,110000,11.0115424,79.5709587,,2026-09-30,representative_point
way/341813913,substation,110000,11.7714533,79.6658111,,2026-09-30,representative_point
way/341813920,substation,230000;110000,11.7941658,79.7653066,,2026-09-30,representative_point
way/341813921,substation,110000,11.8057654,79.7770678,,2026-09-30,representative_point
way/341813926,substation,110000,11.7978475,79.7691174,,2026-09-30,representative_point
way/341813934,substation,,11.8728825,79.7394753,,2026-09-30,representative_point
way/341813936,substation,110000,12.1269903,79.5887678,,2026-09-30,representative_point
way/341813941,substation,110000,12.0689942,79.4660908,,2026-09-30,representative_point
way/341813942,substation,110000,11.8410334,79.3499876,,2026-09-30,representative_point
way/341813945,substation,230000;110000,11.9197315,79.7629116,,2026-09-30,representative_point
way/341813949,substation,110000,11.7649137,79.7209993,,2026-09-30,representative_point
way/341813952,substation,110000,11.7807929,79.3065424,,2026-09-30,representative_point
way/342136807,substation,110000,11.8234877,79.4243345,,2026-09-30,representative_point
way/342136809,substation,220000;110000,12.205754,79.0373226,,2026-09-30,representative_point
way/342136913,substation,110000,12.1504565,79.1767785,,2026-09-30,representative_point
way/342136924,substation,110000,11.9584829,79.1855732,,2026-09-30,representative_point
way/342136926,substation,110000,12.2737716,79.8990446,,2026-09-30,representative_point
way/342136928,substation,230000;110000,11.9679294,79.7235223,,2026-09-30,representative_point
way/342136930,substation,,12.2540062,79.1142204,,2026-09-30,representative_point
way/342136931,substation,110000,12.2565281,79.0690946,,2026-09-30,representative_point
way/342136932,substation,,11.876271,79.6440132,,2026-09-30,representative_point
way/342136933,substation,,11.6938121,79.7620696,,2026-09-30,representative_point
way/342136946,substation,110000,12.2653109,78.9275492,,2026-09-30,representative_point
way/342136947,substation,110000,12.2064643,79.8438133,,2026-09-30,representative_point
way/342136949,substation,110000,12.3062425,78.7937918,,2026-09-30,representative_point
way/342136950,substation,,12.214092,78.9111463,,2026-09-30,representative_point
way/342136951,substation,,11.870285,79.70189,,2026-09-30,representative_point
way/342136962,substation,110000,11.8137713,79.5095932,,2026-09-30,representative_point
way/342136964,substation,110000,11.8803229,79.4974969,,2026-09-30,representative_point
way/342136965,substation,,11.9401383,79.4838501,,2026-09-30,representative_point
way/342136966,substation,110000,11.7655156,79.6350794,,2026-09-30,representative_point
way/342136968,substation,,11.9178882,79.5852505,,2026-09-30,representative_point
way/342136969,substation,,11.9209172,79.6510191,,2026-09-30,representative_point
way/342136978,substation,110000,12.3257975,79.1703291,,2026-09-30,representative_point
way/342136996,substation,110000,11.7838543,79.5543796,,2026-09-30,representative_point
way/342136997,substation,,12.0856811,79.233283,,2026-09-30,representative_point
way/342137000,substation,400000;230000,11.9533419,79.7228079,,2026-09-30,representative_point
way/342137001,substation,,11.9930799,79.6763885,,2026-09-30,representative_point
way/342137005,substation,110000,11.9920146,79.6120873,,2026-09-30,representative_point
way/342137006,substation,110000,12.1613039,78.9490276,,2026-09-30,representative_point
way/342137007,substation,220000;110000,12.4129505,79.8124296,,2026-09-30,representative_point
way/342137008,substation,,11.915564,79.6911479,,2026-09-30,representative_point
way/342137009,substation,110000,11.9201332,78.9945614,,2026-09-30,representative_point
way/342154830,substation,110000,12.500762,79.6184563,,2026-09-30,representative_point
way/342154836,substation,110000,12.248683,79.2920016,,2026-09-30,representative_point
way/342154837,substation,110000,12.2639379,79.4110249,,2026-09-30,representative_point
way/342154838,substation,110000,12.3305145,79.3103657,,2026-09-30,representative_point
way/342154839,substation,230000;110000,11.9880347,79.4806768,,2026-09-30,representative_point
way/342158554,substation,110000,12.057678,79.5488679,,2026-09-30,representative_point
way/342163764,substation,,12.0000677,79.7530709,,2026-09-30,representative_point
way/342163765,substation,,11.9139758,79.8109053,,2026-09-30,representative_point
way/342204878,substation,,13.0400705,80.0664171,,2026-09-30,representative_point
way/342204883,substation,,13.1039962,80.1287934,,2026-09-30,representative_point
way/342204885,substation,,13.126055,80.1187366,,2026-09-30,representative_point
way/342204888,substation,765000;400000;220000,13.0399273,79.2427728,,2026-09-30,representative_point
way/342204889,substation,,13.1566864,80.1984334,,2026-09-30,representative_point
way/342451057,substation,110000,12.5118899,79.8924843,,2026-09-30,representative_point
way/342523694,substation,110000,12.8519065,79.6942719,,2026-09-30,representative_point
way/342523695,substation,110000,12.4909809,79.4558878,,2026-09-30,representative_point
way/342523696,substation,230000;110000,12.6490791,79.273473,,2026-09-30,representative_point
way/342523724,substation,110000,12.7248909,79.5152399,,2026-09-30,representative_point
way/342523725,substation,110000,12.8948005,79.300438,,2026-09-30,representative_point
way/342523726,substation,,12.9791605,79.2419744,,2026-09-30,representative_point
way/342523727,substation,110000,12.8100475,79.6988117,,2026-09-30,representative_point
way/342523728,substation,110000,12.9686652,79.2158701,,2026-09-30,representative_point
way/342523729,substation,,12.7839188,79.589341,,2026-09-30,representative_point
way/342523730,substation,110000,12.9616594,79.3125914,,2026-09-30,representative_point
way/342523732,substation,110000,12.898258,79.5794255,,2026-09-30,representative_point
way/342523735,substation,110000,12.6143,79.5669224,,2026-09-30,representative_point
way/342523739,substation,110000,12.6632468,79.2683147,,2026-09-30,representative_point
way/342523750,substation,110000,12.9623242,79.6761638,,2026-09-30,representative_point
way/342523751,substation,110000,12.4543015,79.3531723,,2026-09-30,representative_point
way/342523752,substation,110000,12.7237318,79.6498987,,2026-09-30,representative_point
way/342523754,substation,110000,13.0183643,79.7257524,,2026-09-30,representative_point
way/342523756,substation,110000,12.8069911,79.3075967,,2026-09-30,representative_point
way/342523760,substation,,12.8950516,79.4552931,,2026-09-30,representative_point
way/342523762,substation,110000,12.6411362,79.7133024,,2026-09-30,representative_point
way/342523764,substation,110000,12.6815934,79.3946125,,2026-09-30,representative_point
way/344193934,substation,66000;11000,12.9222942,77.5604014,,2026-09-30,representative_point
way/344414861,substation,,17.5521909,80.6068495,,2026-09-30,representative_point
way/344870338,substation,110000,12.5087831,79.1675702,,2026-09-30,representative_point
way/344870339,substation,110000,12.6504214,79.1732903,,2026-09-30,representative_point
way/344870340,substation,110000,12.6293149,79.2095323,,2026-09-30,representative_point
way/344876951,substation,230000;110000,12.9986743,79.2420568,,2026-09-30,representative_point
way/345847177,substation,,12.9479605,77.6447222,,2026-09-30,representative_point
way/346422550,substation,,13.0705548,77.5807051,,2026-09-30,representative_point
way/346444901,substation,220000;66000;11000,13.0302814,77.6272912,,2026-09-30,representative_point
way/34654567,substation,400000;220000;110000,13.2096544,80.1013089,,2026-09-30,representative_point
way/347175676,substation,,12.9822111,77.5746143,,2026-09-30,representative_point
way/347417977,substation,,12.9360038,77.520651,,2026-09-30,representative_point
way/347541531,substation,,12.9776736,77.6645157,,2026-09-30,representative_point
way/347735196,substation,,17.9656345,79.0159729,,2026-09-30,representative_point
way/348294608,substation,,13.0343135,80.2255112,,2026-09-30,representative_point
way/349419574,substation,220000;132000,16.3685376,78.0805983,,2026-09-30,representative_point
way/351963370,substation,,17.5931553,80.6831388,,2026-09-30,representative_point
way/351963371,substation,220000,9.2164305,76.6261345,,2026-09-30,representative_point
way/351966326,substation,110000,12.38181,78.952737,,2026-09-30,representative_point
way/35283414,substation,230000;110000,13.109911,80.2686883,,2026-09-30,representative_point
way/355019636,substation,,12.979378,80.1843055,,2026-09-30,representative_point
way/355557513,substation,220000;110000,16.5662667,75.9590534,,2026-09-30,representative_point
way/355557514,substation,,14.5148799,76.3337903,,2026-09-30,representative_point
way/355557517,substation,110000,15.8623827,75.8867022,,2026-09-30,representative_point
way/355557518,substation,110000,15.8025294,75.9559783,,2026-09-30,representative_point
way/355557519,substation,,14.5637919,76.1991776,,2026-09-30,representative_point
way/355560316,substation,765000;400000;220000,13.4774714,77.0456199,,2026-09-30,representative_point
way/355713713,substation,,17.5427376,78.3803421,,2026-09-30,representative_point
way/356557407,substation,,17.4165908,78.5757774,,2026-09-30,representative_point
way/357271425,substation,,17.5050832,78.1352373,,2026-09-30,representative_point
way/357271426,substation,,17.5498007,78.1624634,,2026-09-30,representative_point
way/357271431,substation,,17.4931094,78.2826774,,2026-09-30,representative_point
way/357271432,substation,132000,18.1137191,78.4269403,,2026-09-30,representative_point
way/357271433,substation,,18.0367972,77.7855879,,2026-09-30,representative_point
way/357271434,substation,,17.5341947,78.1935918,,2026-09-30,representative_point
way/357387509,substation,,17.3094806,78.504205,,2026-09-30,representative_point
way/357560161,substation,110000;11000,12.7181524,74.9120743,,2026-09-30,representative_point
way/357560166,substation,,13.1930052,75.0279672,,2026-09-30,representative_point
way/357560173,substation,220000;110000,13.194946,74.9740132,,2026-09-30,representative_point
way/357560179,substation,110000,13.0881665,74.9756063,,2026-09-30,representative_point
way/357560182,substation,,12.85424,74.8646006,,2026-09-30,representative_point
way/357560186,substation,,11.8937339,75.4056362,,2026-09-30,representative_point
way/357561237,substation,230000,11.5225928,76.6002071,,2026-09-30,representative_point
way/357561238,substation,,10.9017929,76.1935427,,2026-09-30,representative_point
way/357674320,substation,,13.2002427,77.706222,,2026-09-30,representative_point
way/357761174,substation,,17.4552655,78.5586979,,2026-09-30,representative_point
way/358380404,substation,,16.6072073,80.9192351,,2026-09-30,representative_point
way/360101070,transformer,,12.979574,77.6355817,,2026-09-30,representative_point
way/360690919,substation,,13.3370909,77.2306398,,2026-09-30,representative_point
way/360854027,substation,,17.4532171,78.4949605,,2026-09-30,representative_point
way/360991776,substation,,17.9810704,79.5313324,,2026-09-30,representative_point
way/362421136,substation,220000;132000,17.0141577,82.2503337,,2026-09-30,representative_point
way/362421169,substation,132000,16.9718105,82.2659399,,2026-09-30,representative_point
way/362421175,substation,220000,16.9494682,82.2708532,,2026-09-30,representative_point
way/362421177,substation,132000,16.9962537,82.2726569,,2026-09-30,representative_point
way/362606903,substation,,16.8143648,81.5102991,,2026-09-30,representative_point
way/363070521,substation,,13.6807616,79.3519726,,2026-09-30,representative_point
way/363617608,substation,,12.9859882,77.6753132,,2026-09-30,representative_point
way/364915421,substation,110000,10.7745426,76.3973038,,2026-09-30,representative_point
way/369295547,substation,66000,12.9741241,77.6138774,,2026-09-30,representative_point
way/369377270,substation,,13.33442,75.7742658,,2026-09-30,representative_point
way/369991275,substation,110000,9.9642851,76.3189946,,2026-09-30,representative_point
way/370027482,substation,,9.9174773,76.3196092,,2026-09-30,representative_point
way/370027485,substation,220000;110000,10.0567988,76.3319618,,2026-09-30,representative_point
way/370027486,substation,220000,9.9654798,76.3898536,,2026-09-30,representative_point
way/370027510,substation,400000;220000,10.0269014,76.4065446,,2026-09-30,representative_point
way/370027512,substation,,9.980018,76.3645256,,2026-09-30,representative_point
way/370027513,substation,,10.3764642,76.32038,,2026-09-30,representative_point
way/370027515,substation,,9.9737717,76.3745512,,2026-09-30,representative_point
way/370027516,substation,,10.050675,76.3551053,,2026-09-30,representative_point
way/370027517,substation,,10.0733528,76.319111,,2026-09-30,representative_point
way/370027520,substation,,10.0746115,76.2990376,,2026-09-30,representative_point
way/370027521,substation,,10.0053857,76.3646808,,2026-09-30,representative_point
way/370027525,substation,,10.1837439,76.4684959,,2026-09-30,representative_point
way/370027526,substation,,10.0818548,76.3356355,,2026-09-30,representative_point
way/370027527,substation,,10.1100153,76.3617361,,2026-09-30,representative_point
way/370027528,substation,,10.4669337,76.2154073,,2026-09-30,representative_point
way/370027530,substation,,10.0528656,76.3476933,,2026-09-30,representative_point
way/370027531,substation,,10.0840193,76.3145132,,2026-09-30,representative_point
way/370027532,substation,,9.9658946,76.3851494,,2026-09-30,representative_point
way/370027533,substation,,9.960546,76.3223472,,2026-09-30,representative_point
way/370027534,substation,,9.9768299,76.3512669,,2026-09-30,representative_point
way/370027540,substation,,10.4387605,76.2020746,,2026-09-30,representative_point
way/370027862,substation,,10.3492011,76.316097,,2026-09-30,representative_point
way/370054564,substation,,11.8306539,75.5653364,,2026-09-30,representative_point
way/370180370,substation,220000,10.3112093,76.3395545,,2026-09-30,representative_point
way/370180373,substation,,10.6704421,76.7526537,,2026-09-30,representative_point
way/370180375,substation,,10.2593991,76.4604675,,2026-09-30,representative_point
way/370180394,substation,,10.7906001,76.7441197,,2026-09-30,representative_point
way/370180395,substation,,10.2778687,76.3853978,,2026-09-30,representative_point
way/370180396,substation,,10.1565361,76.3540878,,2026-09-30,representative_point
way/370180397,substation,,10.1798627,76.3776404,,2026-09-30,representative_point
way/370180398,substation,,10.7891653,76.7245057,,2026-09-30,representative_point
way/370180399,substation,,10.7854761,76.7778781,,2026-09-30,representative_point
way/370180400,substation,,10.760354,76.7279294,,2026-09-30,representative_point
way/370180403,substation,,10.1719275,76.3718005,,2026-09-30,representative_point
way/370180414,substation,,10.6606529,76.6027561,,2026-09-30,representative_point
way/370180415,substation,,10.8081219,76.8093691,,2026-09-30,representative_point
way/370180416,substation,,10.3118002,76.6167515,,2026-09-30,representative_point
way/370180419,substation,11000;11000,10.7886683,76.7391854,,2026-09-30,representative_point
way/370180420,substation,110000,10.7366252,76.8166969,,2026-09-30,representative_point
way/370180421,substation,400000,10.7713429,76.7586246,,2026-09-30,representative_point
way/370180422,substation,220000;110000,10.7896825,76.7762273,,2026-09-30,representative_point
way/370180423,substation,110000,10.4683492,76.8559648,,2026-09-30,representative_point
way/370247177,substation,,10.7958882,76.4836638,,2026-09-30,representative_point
way/370247178,substation,110000,10.7992171,76.5630342,,2026-09-30,representative_point
way/370247180,substation,,10.6993714,76.4239139,,2026-09-30,representative_point
way/370247181,substation,110000,10.5984884,76.4779364,,2026-09-30,representative_point
way/370258403,substation,110000,10.6571429,76.2611086,,2026-09-30,representative_point
way/370258407,substation,220000;110000,10.7797456,76.2849952,,2026-09-30,representative_point
way/370264218,substation,,10.7739079,76.2079416,,2026-09-30,representative_point
way/370264222,substation,110000,10.9265053,75.9127327,,2026-09-30,representative_point
way/370264224,substation,,10.7585279,76.1301205,,2026-09-30,representative_point
way/370264225,substation,,10.7996097,76.0080833,,2026-09-30,representative_point
way/370264226,substation,,10.772764,75.9465199,,2026-09-30,representative_point
way/370451296,substation,110000,10.8913354,76.4015141,,2026-09-30,representative_point
way/370497243,substation,,15.4378791,74.3075878,,2026-09-30,representative_point
way/371463325,substation,110000,10.8877844,76.321427,,2026-09-30,representative_point
way/372545735,substation,110000,10.828081,76.6440088,,2026-09-30,representative_point
way/372939726,substation,110000,17.3188462,76.8834506,,2026-09-30,representative_point
way/373230504,substation,110000,10.627616,76.903122,,2026-09-30,representative_point
way/373389282,substation,110000,10.5916793,76.9278548,,2026-09-30,representative_point
way/373389287,substation,110000,10.5683422,77.0050056,,2026-09-30,representative_point
way/373389289,substation,110000,10.6560511,77.0181402,,2026-09-30,representative_point
way/373389290,substation,110000,10.5378549,76.9959776,,2026-09-30,representative_point
way/373398388,substation,230000,10.4099476,77.0424476,,2026-09-30,representative_point
way/373398407,substation,110000,10.5959243,77.1906411,,2026-09-30,representative_point
way/373398408,substation,110000,10.4929812,77.2978938,,2026-09-30,representative_point
way/373398413,substation,110000,10.5829544,77.1785077,,2026-09-30,representative_point
way/373398416,substation,230000;110000,10.4553804,77.0062889,,2026-09-30,representative_point
way/373398418,substation,,10.4544129,77.0068671,,2026-09-30,representative_point
way/374068935,substation,,17.8017351,79.7006429,,2026-09-30,representative_point
way/374394575,substation,,17.6196933,79.5020993,,2026-09-30,representative_point
way/374394576,substation,,17.6773825,79.4736238,,2026-09-30,representative_point
way/378259672,substation,220000,15.5023452,80.028067,,2026-09-30,representative_point
way/378470097,substation,,12.3239305,76.6610714,,2026-09-30,representative_point
way/378470107,substation,,12.150371,76.7900128,,2026-09-30,representative_point
way/378470108,substation,,12.3232459,76.8419399,,2026-09-30,representative_point
way/378470109,substation,,12.3304208,76.6903399,,2026-09-30,representative_point
way/378470111,substation,220000;66000,12.3064287,76.733889,,2026-09-30,representative_point
way/378470112,substation,66000,12.2122373,76.3825903,,2026-09-30,representative_point
way/378470113,substation,,12.2830894,76.6097174,,2026-09-30,representative_point
way/378470120,substation,,12.2519787,76.8194912,,2026-09-30,representative_point
way/378538462,substation,110000,11.8111148,75.4898631,,2026-09-30,representative_point
way/379541608,substation,,17.037135,81.7681828,,2026-09-30,representative_point
way/379548364,substation,132000,17.5032946,82.7744798,,2026-09-30,representative_point
way/379565141,substation,,15.8444395,78.0659547,,2026-09-30,representative_point
way/379565148,substation,,15.8453697,78.0654333,,2026-09-30,representative_point
way/379565157,substation,132000,16.384092,77.7688158,,2026-09-30,representative_point
way/379565158,substation,132000,16.0503801,78.1642808,,2026-09-30,representative_point
way/379565160,substation,,16.2442122,77.8104595,,2026-09-30,representative_point
way/379565162,substation,,16.4889925,77.5065308,,2026-09-30,representative_point
way/379565164,substation,220000,16.21201,77.6461968,,2026-09-30,representative_point
way/379565166,substation,220000,16.2890161,77.6676247,,2026-09-30,representative_point
way/379565168,substation,132000,16.3672113,77.9015032,,2026-09-30,representative_point
way/38424061,substation,400000,12.9792426,79.9735739,,2026-09-30,representative_point
way/384654987,substation,,15.4117226,75.0286333,,2026-09-30,representative_point
way/385117717,substation,,17.4461834,78.4116701,,2026-09-30,representative_point
way/385123915,substation,220000;132000;33000,18.5895875,84.2430294,,2026-09-30,representative_point
way/385123919,substation,132000,18.5727148,84.2748214,,2026-09-30,representative_point
way/385123920,substation,,17.6855909,82.9843296,,2026-09-30,representative_point
way/385123921,substation,132000,17.7578575,83.2130833,,2026-09-30,representative_point
way/385123926,substation,400000,17.5630788,83.1411761,,2026-09-30,representative_point
way/385123929,substation,,17.6080697,83.1997712,,2026-09-30,representative_point
way/385123931,substation,,17.8541583,83.1893372,,2026-09-30,representative_point
way/385335078,substation,110000,9.7459285,78.762889,,2026-09-30,representative_point
way/385335085,substation,110000,9.3284293,78.9210791,,2026-09-30,representative_point
way/385335086,substation,110000,9.6001288,78.7195861,,2026-09-30,representative_point
way/385335087,substation,110000,9.7402825,79.0093607,,2026-09-30,representative_point
way/385335088,substation,110000,9.1816046,78.6313639,,2026-09-30,representative_point
way/385335089,substation,110000,9.3281605,78.9228471,,2026-09-30,representative_point
way/385335093,substation,,9.3586276,78.8406324,,2026-09-30,representative_point
way/385335094,substation,110000,9.7966209,78.893407,,2026-09-30,representative_point
way/385335095,substation,110000,9.5542537,78.5747605,,2026-09-30,representative_point
way/385335096,substation,110000,9.3338686,78.8345494,,2026-09-30,representative_point
way/385426261,substation,110000,8.1775015,77.6501839,,2026-09-30,representative_point
way/385432380,substation,110000,8.7520488,77.9917418,,2026-09-30,representative_point
way/385432382,substation,220000,8.8656125,78.1090372,,2026-09-30,representative_point
way/385432384,substation,230000,8.8181807,78.0877548,,2026-09-30,representative_point
way/385432385,substation,220000,8.8837271,78.0552966,,2026-09-30,representative_point
way/385432387,substation,110000,8.8208898,78.0851257,,2026-09-30,representative_point
way/385432389,substation,230000,8.8183878,78.0752226,,2026-09-30,representative_point
way/385485088,substation,,12.8894815,75.0154903,,2026-09-30,representative_point
way/385485128,substation,110000,12.8807056,75.2418771,,2026-09-30,representative_point
way/385485132,substation,110000,13.1474657,74.8040445,,2026-09-30,representative_point
way/385485134,substation,,12.8747714,75.0106872,,2026-09-30,representative_point
way/385485139,substation,110000,12.7905708,75.024603,,2026-09-30,representative_point
way/385485148,substation,,12.8797504,75.0896525,,2026-09-30,representative_point
way/385485161,substation,110000,12.8175153,74.9310312,,2026-09-30,representative_point
way/386018726,substation,400000,16.2947137,77.3511184,,2026-09-30,representative_point
way/386018728,substation,,16.150673,77.3849871,,2026-09-30,representative_point
way/386018740,substation,765000,16.2027823,77.2821068,,2026-09-30,representative_point
way/386095092,substation,110000,12.687033,77.9233811,,2026-09-30,representative_point
way/386095139,substation,110000,12.6096566,77.9257557,,2026-09-30,representative_point
way/386095142,substation,110000,12.0780104,78.118675,,2026-09-30,representative_point
way/386095145,substation,110000,12.152155,78.1817738,,2026-09-30,representative_point
way/386095147,substation,400000;230000,12.668208,77.9921974,,2026-09-30,representative_point
way/386095150,substation,220000;110000,12.3032818,78.2107891,,2026-09-30,representative_point
way/386095152,substation,,12.5229877,78.2036404,,2026-09-30,representative_point
way/386095154,substation,110000,12.1317169,77.9067061,,2026-09-30,representative_point
way/386095156,substation,110000,12.3525774,78.0809707,,2026-09-30,representative_point
way/386153948,substation,110000,11.8071427,78.0599282,,2026-09-30,representative_point
way/386153973,substation,765000;400000,12.1309774,78.0264298,,2026-09-30,representative_point
way/386182103,substation,,13.0507129,77.5808122,,2026-09-30,representative_point
way/386182105,substation,,13.1182196,77.8211634,,2026-09-30,representative_point
way/386182109,substation,,13.1913589,77.8081256,,2026-09-30,representative_point
way/386182110,substation,,13.1266844,77.9179492,,2026-09-30,representative_point
way/386182111,substation,220000;66000,13.1365839,77.8213069,,2026-09-30,representative_point
way/386182120,substation,,13.2072767,77.9035061,,2026-09-30,representative_point
way/386182121,substation,,13.1158187,77.8333281,,2026-09-30,representative_point
way/386182129,substation,,13.1037209,77.5852056,,2026-09-30,representative_point
way/386182130,substation,66000;11000,13.1094239,77.5767963,,2026-09-30,representative_point
way/386182131,substation,,13.0811654,77.7334883,,2026-09-30,representative_point
way/386182132,substation,66000;11000,13.1074066,77.584547,,2026-09-30,representative_point
way/386182133,substation,,13.0981989,77.569934,,2026-09-30,representative_point
way/386718596,substation,110000,11.8710985,78.9272534,,2026-09-30,representative_point
way/386718608,substation,,12.2058471,78.2432358,,2026-09-30,representative_point
way/386718609,substation,,12.172179,78.5354605,,2026-09-30,representative_point
way/386718611,substation,110000,11.7878694,78.5240531,,2026-09-30,representative_point
way/386718613,substation,110000,12.5215765,78.5676772,,2026-09-30,representative_point
way/386718615,substation,110000,11.9830825,78.2436693,,2026-09-30,representative_point
way/386718618,substation,110000,12.4792565,78.584606,,2026-09-30,representative_point
way/386718620,substation,110000,12.3082795,78.4804402,,2026-09-30,representative_point
way/386718623,substation,110000,12.0532802,78.4738185,,2026-09-30,representative_point
way/386718625,substation,110000,12.2877264,78.4079309,,2026-09-30,representative_point
way/386718629,substation,110000,12.3040385,78.341899,,2026-09-30,representative_point
way/386718633,substation,110000,12.0316884,78.3805519,,2026-09-30,representative_point
way/386718634,substation,110000,12.6776964,78.6308848,,2026-09-30,representative_point
way/386718635,substation,110000,12.7783781,78.7253551,,2026-09-30,representative_point
way/386718638,substation,110000,12.8206121,78.7075319,,2026-09-30,representative_point
way/386718640,substation,110000,11.9222567,78.3638078,,2026-09-30,representative_point
way/386718644,substation,230000;110000,12.2258373,78.5965644,,2026-09-30,representative_point
way/386718645,substation,110000,12.2508625,78.6111133,,2026-09-30,representative_point
way/386718646,substation,230000;110000,12.7345544,78.6795664,,2026-09-30,representative_point
way/386833335,substation,110000,12.9614125,79.1329458,,2026-09-30,representative_point
way/386833336,substation,110000,12.7641521,79.156039,,2026-09-30,representative_point
way/386833337,substation,110000,12.8407618,79.1350304,,2026-09-30,representative_point
way/386833338,substation,110000,12.9240753,79.116685,,2026-09-30,representative_point
way/393237653,substation,220000;66000,12.4920388,76.8005825,,2026-09-30,representative_point
way/396980804,substation,,13.3255437,79.3929897,,2026-09-30,representative_point
way/396980805,substation,,13.4173405,80.057823,,2026-09-30,representative_point
way/396980806,substation,,13.4376961,80.0991369,,2026-09-30,representative_point
way/396980807,substation,110000;11000,12.6486142,80.1464701,,2026-09-30,representative_point
way/396980808,substation,110000,12.6481998,80.1444753,,2026-09-30,representative_point
way/396980811,substation,,13.4039124,79.7974634,,2026-09-30,representative_point
way/396980813,substation,230000;110000,12.642948,80.1558233,,2026-09-30,representative_point
way/396980815,substation,220000,13.4236881,80.0636876,,2026-09-30,representative_point
way/396980817,substation,,13.3957548,80.0786482,,2026-09-30,representative_point
way/397501426,substation,110000,10.5961807,79.4258396,,2026-09-30,representative_point
way/400498262,substation,400000;220000,14.8908781,77.2569911,,2026-09-30,representative_point
way/400498264,substation,,13.6689645,77.5136908,,2026-09-30,representative_point
way/400498265,substation,220000,14.9775754,77.3033926,,2026-09-30,representative_point
way/400498266,substation,132000,14.7510227,77.2241378,,2026-09-30,representative_point
way/400498267,substation,,13.7138466,77.3960043,,2026-09-30,representative_point
way/400498268,substation,220000,14.6145784,77.3672746,,2026-09-30,representative_point
way/400498270,substation,220000,15.0036628,77.334801,,2026-09-30,representative_point
way/400498271,substation,220000,14.8709574,77.2018781,,2026-09-30,representative_point
way/400498272,substation,,15.1583871,77.3675596,,2026-09-30,representative_point
way/400498273,substation,66000,13.4992792,77.5107258,,2026-09-30,representative_point
way/400498274,substation,,14.6664528,77.2326017,,2026-09-30,representative_point
way/400498275,substation,,14.6681887,77.2660057,,2026-09-30,representative_point
way/400498280,substation,220000;66000,14.131741,77.2160409,,2026-09-30,representative_point
way/400498281,substation,,14.9118505,77.2676571,,2026-09-30,representative_point
way/400498282,substation,66000,13.5023907,77.5169652,,2026-09-30,representative_point
way/400498289,substation,,13.6992192,77.6298709,,2026-09-30,representative_point
way/400498291,substation,66000,13.614147,77.4411029,,2026-09-30,representative_point
way/400498292,substation,,13.4982372,77.6041951,,2026-09-30,representative_point
way/400498294,substation,,15.0330589,78.0591557,,2026-09-30,representative_point
way/400498300,substation,220000;132000,13.7401491,77.5143108,,2026-09-30,representative_point
way/400498303,substation,132000,14.948892,77.6793693,,2026-09-30,representative_point
way/400498305,substation,,13.9024114,78.1863643,,2026-09-30,representative_point
way/400498307,substation,,13.7306689,77.4999081,,2026-09-30,representative_point
way/400498308,substation,220000;66000,13.602824,77.4953137,,2026-09-30,representative_point
way/400498311,substation,220000;132000,13.8566037,77.4797558,,2026-09-30,representative_point
way/400498312,substation,,14.1483407,78.1488546,,2026-09-30,representative_point
way/400498313,substation,,14.1564255,77.7672534,,2026-09-30,representative_point
way/400517920,substation,66000;11000,12.9637006,77.61475,,2026-09-30,representative_point
way/400517922,substation,66000;11000,12.9431603,77.6237344,,2026-09-30,representative_point
way/400517923,substation,,12.926679,77.6794529,,2026-09-30,representative_point
way/400613301,substation,132000,13.5725813,78.5044355,,2026-09-30,representative_point
way/400613302,substation,,13.7547859,78.5864691,,2026-09-30,representative_point
way/400613305,substation,,13.429026,78.1557558,,2026-09-30,representative_point
way/400613306,substation,,13.7339403,78.3392361,,2026-09-30,representative_point
way/400673617,substation,,12.8711579,78.402807,,2026-09-30,representative_point
way/400673619,substation,,13.4485728,78.3025365,,2026-09-30,representative_point
way/400673624,substation,66000,13.3711175,78.3509015,,2026-09-30,representative_point
way/400673625,substation,,12.8694797,78.1992883,,2026-09-30,representative_point
way/400673630,substation,,12.7385438,78.3468127,,2026-09-30,representative_point
way/400673639,substation,,13.3479632,78.2115296,,2026-09-30,representative_point
way/400673641,substation,,12.9708562,78.2497837,,2026-09-30,representative_point
way/400673643,substation,,13.533109,78.2776879,,2026-09-30,representative_point
way/400673644,substation,,12.9724419,78.245873,,2026-09-30,representative_point
way/400673645,substation,,13.2380144,78.4888764,,2026-09-30,representative_point
way/400673646,substation,,12.9574508,78.3431255,,2026-09-30,representative_point
way/400673647,substation,,13.1969302,78.5173294,,2026-09-30,representative_point
way/400881014,substation,110000,12.8382176,77.8459805,,2026-09-30,representative_point
way/400881015,substation,66000,12.874586,76.8354342,,2026-09-30,representative_point
way/400881016,substation,66000,13.0059326,76.738493,,2026-09-30,representative_point
way/400881017,substation,,12.8267438,77.4105279,,2026-09-30,representative_point
way/400881019,substation,66000,12.4172185,76.8865381,,2026-09-30,representative_point
way/400881020,substation,66000,12.7164526,76.8076328,,2026-09-30,representative_point
way/400881022,substation,66000,12.5357908,76.881796,,2026-09-30,representative_point
way/400881029,substation,,13.8150644,76.0289047,,2026-09-30,representative_point
way/400881031,substation,,12.4094039,76.8136361,,2026-09-30,representative_point
way/400881045,substation,,12.7876528,75.8610225,,2026-09-30,representative_point
way/400881047,substation,,13.8940459,76.0666562,,2026-09-30,representative_point
way/400881053,substation,,12.7605074,75.9622794,,2026-09-30,representative_point
way/400881058,substation,,13.7233835,76.002675,,2026-09-30,representative_point
way/400881059,substation,66000,12.7225026,76.7105167,,2026-09-30,representative_point
way/400881060,substation,66000,12.6378286,76.8615296,,2026-09-30,representative_point
way/400881061,substation,66000,12.8342721,76.7588198,,2026-09-30,representative_point
way/400881062,substation,,12.7174221,75.900681,,2026-09-30,representative_point
way/400881063,substation,,12.3674822,76.749252,,2026-09-30,representative_point
way/40151508,substation,220000;66000,13.0277948,77.525804,,2026-09-30,representative_point
way/401575040,substation,220000,13.6416217,79.5173526,,2026-09-30,representative_point
way/402008336,substation,,17.7412826,83.3363454,,2026-09-30,representative_point
way/402950949,substation,,9.5790235,76.5229632,,2026-09-30,representative_point
way/409112085,substation,765000;400000,18.811071,84.4488156,,2026-09-30,representative_point
way/409158112,substation,132000,16.9714973,82.0349439,,2026-09-30,representative_point
way/409158116,substation,765000;400000,17.0920322,82.0512035,,2026-09-30,representative_point
way/409158118,substation,132000,18.2691723,83.5425118,,2026-09-30,representative_point
way/409158125,substation,,16.6989612,81.0961175,,2026-09-30,representative_point
way/409304415,substation,220000,16.6549676,76.0362262,,2026-09-30,representative_point
way/409304427,substation,110000,13.2037676,80.3105326,,2026-09-30,representative_point
way/409304524,substation,,13.7203742,79.6258134,,2026-09-30,representative_point
way/409304530,substation,220000,15.0785145,74.6461315,,2026-09-30,representative_point
way/409304532,substation,110000,16.2085735,75.21107,,2026-09-30,representative_point
way/409304539,substation,230000,13.3604832,79.9883482,,2026-09-30,representative_point
way/409304552,substation,110000,15.8480782,75.1263155,,2026-09-30,representative_point
way/409304555,substation,,16.0746255,75.2780525,,2026-09-30,representative_point
way/409304557,substation,110000,15.6603048,74.514363,,2026-09-30,representative_point
way/409304562,substation,,15.3853538,75.0837437,,2026-09-30,representative_point
way/409304579,substation,230000,13.0680824,80.1143068,,2026-09-30,representative_point
way/409304585,substation,110000,15.7867746,74.4663387,,2026-09-30,representative_point
way/409304618,substation,110000,15.1275762,75.4599645,,2026-09-30,representative_point
way/409304631,substation,,13.0306918,80.1532809,,2026-09-30,representative_point
way/409304637,substation,110000,15.7510725,75.1137405,,2026-09-30,representative_point
way/409304658,substation,400000;220000,16.4965542,75.8325448,,2026-09-30,representative_point
way/409304661,substation,110000,16.1352964,75.3643894,,2026-09-30,representative_point
way/409433618,substation,220000,16.0313382,74.4572195,,2026-09-30,representative_point
way/409433619,substation,,15.9066018,74.5308252,,2026-09-30,representative_point
way/409433621,substation,110000,16.0872235,74.4615968,,2026-09-30,representative_point
way/410497119,substation,110000,15.61021,76.008954,,2026-09-30,representative_point
way/410528236,substation,,15.4613628,77.889206,,2026-09-30,representative_point
way/410528238,substation,,15.4058942,77.8761201,,2026-09-30,representative_point
way/412026867,substation,220000,18.0037204,79.5866823,,2026-09-30,representative_point
way/412026883,substation,220000,18.0040214,79.5866622,,2026-09-30,representative_point
way/414071155,substation,,17.4210101,78.5017509,,2026-09-30,representative_point
way/414770720,substation,132000,18.5374232,83.3453472,,2026-09-30,representative_point
way/414770721,substation,132000,18.6045094,83.3727682,,2026-09-30,representative_point
way/414770722,substation,132000,18.5392193,83.3441891,,2026-09-30,representative_point
way/414770723,substation,132000,18.7728147,83.42758,,2026-09-30,representative_point
way/414770724,substation,132000,18.5634104,83.338118,,2026-09-30,representative_point
way/416848067,substation,,17.5227941,78.2499084,,2026-09-30,representative_point
way/416944958,substation,,17.4534445,78.3725964,,2026-09-30,representative_point
way/416985166,substation,,17.4806184,78.3890703,,2026-09-30,representative_point
way/417103916,substation,,12.1533506,75.2230826,,2026-09-30,representative_point
way/417103919,substation,,11.9493048,75.6128447,,2026-09-30,representative_point
way/417103929,substation,220000;110000,11.9161367,75.459932,,2026-09-30,representative_point
way/417103930,substation,110000,12.6709234,74.945989,,2026-09-30,representative_point
way/417103931,substation,,12.5461008,75.1666605,,2026-09-30,representative_point
way/417103932,substation,220000;110000,12.4500649,75.0567925,,2026-09-30,representative_point
way/417103933,substation,220000;110000,12.0351768,75.341151,,2026-09-30,representative_point
way/417103934,substation,,12.5229369,75.0155814,,2026-09-30,representative_point
way/417339705,substation,110000,11.8491521,75.5717557,,2026-09-30,representative_point
way/417339709,substation,220000,11.6864362,76.0821903,,2026-09-30,representative_point
way/417383523,substation,220000;110000,11.3065181,75.8855499,,2026-09-30,representative_point
way/417383547,substation,220000;110000,11.2066815,75.8095082,,2026-09-30,representative_point
way/417383585,substation,400000;220000,11.2221459,76.0380354,,2026-09-30,representative_point
way/417383590,substation,,11.2694157,75.8537551,,2026-09-30,representative_point
way/417383605,substation,,11.576675,75.8203594,,2026-09-30,representative_point
way/417383607,substation,,11.2533836,75.9556138,,2026-09-30,representative_point
way/417383622,substation,,11.3489231,75.8647359,,2026-09-30,representative_point
way/417383635,substation,110000,11.3406307,75.9639997,,2026-09-30,representative_point
way/417389375,substation,220000;110000,11.7683871,75.5246447,,2026-09-30,representative_point
way/417389377,substation,,11.7322526,75.5630839,,2026-09-30,representative_point
way/417389382,substation,,11.7237686,75.5440952,,2026-09-30,representative_point
way/417399735,substation,230000,10.7410133,77.2051095,,2026-09-30,representative_point
way/417399737,substation,400000;230000,10.7431953,77.1910238,,2026-09-30,representative_point
way/417399739,substation,,10.4265966,76.2750414,,2026-09-30,representative_point
way/417399750,substation,,10.8744502,76.1969938,,2026-09-30,representative_point
way/417640521,substation,66000,10.5939013,76.5838828,,2026-09-30,representative_point
way/418480998,substation,,16.7576405,78.0097836,,2026-09-30,representative_point
way/421323985,substation,,17.4448716,75.7159629,,2026-09-30,representative_point
way/421323987,substation,110000,16.732397,75.0859704,,2026-09-30,representative_point
way/421323989,substation,132000,17.4447526,75.7153165,,2026-09-30,representative_point
way/421323991,substation,110000,17.1212406,76.2049488,,2026-09-30,representative_point
way/421323993,substation,,17.2449972,77.0548512,,2026-09-30,representative_point
way/421323995,substation,110000,17.2994958,77.4369334,,2026-09-30,representative_point
way/421323997,substation,,17.1815592,77.3450063,,2026-09-30,representative_point
way/421324001,substation,110000,17.1238036,76.1291497,,2026-09-30,representative_point
way/421324030,substation,110000,17.3680022,77.4516431,,2026-09-30,representative_point
way/421324031,substation,110000,17.1551446,76.31324,,2026-09-30,representative_point
way/421324033,substation,110000,17.2579146,76.0457169,,2026-09-30,representative_point
way/421324034,substation,110000,17.2384248,76.0533949,,2026-09-30,representative_point
way/421324035,substation,110000,17.44506,76.6691235,,2026-09-30,representative_point
way/421324036,substation,110000,17.3363562,77.0852406,,2026-09-30,representative_point
way/421324039,substation,220000,17.1093381,75.7484824,,2026-09-30,representative_point
way/421324040,substation,110000,17.0261462,76.285978,,2026-09-30,representative_point
way/421324042,substation,110000,17.0252563,76.2775679,,2026-09-30,representative_point
way/421350541,substation,,13.6720996,79.3526763,,2026-09-30,representative_point
way/421645171,substation,,14.7130369,78.4695539,,2026-09-30,representative_point
way/421645172,substation,,14.7098138,78.4563674,,2026-09-30,representative_point
way/421645173,substation,400000,14.6956641,78.460984,,2026-09-30,representative_point
way/421807173,substation,66000,12.9603113,76.6394722,,2026-09-30,representative_point
way/421807174,substation,66000,12.8669338,76.6446832,,2026-09-30,representative_point
way/421876939,substation,110000,10.2002891,78.9688867,,2026-09-30,representative_point
way/421876940,substation,110000,10.1515804,79.1033699,,2026-09-30,representative_point
way/421876941,substation,110000,10.2052896,79.0092674,,2026-09-30,representative_point
way/421876943,substation,110000,9.9879076,79.1861812,,2026-09-30,representative_point
way/421876947,substation,110000,10.3052697,79.172294,,2026-09-30,representative_point
way/421884343,substation,230000,8.8188731,78.0791436,,2026-09-30,representative_point
way/421884729,substation,400000;230000;110000,8.8860248,77.6438236,,2026-09-30,representative_point
way/422033924,substation,,9.057958,77.6727375,,2026-09-30,representative_point
way/423420653,substation,132000,17.5265914,83.0104091,,2026-09-30,representative_point
way/423420654,substation,132000,17.4859798,82.9839213,,2026-09-30,representative_point
way/423420655,substation,132000,17.5172964,82.9594885,,2026-09-30,representative_point
way/425313390,substation,,19.1048268,84.6821263,,2026-09-30,representative_point
way/425335457,substation,400000;220000;110000,12.1642593,78.0545992,,2026-09-30,representative_point
way/425401901,substation,765000;400000,9.1242362,77.9979831,,2026-09-30,representative_point
way/425421188,substation,,10.7697509,79.1302122,,2026-09-30,representative_point
way/425749638,substation,110000,10.6005848,76.0584604,,2026-09-30,representative_point
way/429459348,substation,110000,16.7040339,74.7145924,,2026-09-30,representative_point
way/429459349,substation,110000,16.709157,74.7218562,,2026-09-30,representative_point
way/430692467,substation,,17.7154424,83.3071771,,2026-09-30,representative_point
way/432758796,transformer,,10.6368886,76.1464969,,2026-09-30,representative_point
way/432863864,transformer,,10.6732251,76.141551,,2026-09-30,representative_point
way/433005685,transformer,,10.6544119,76.1387428,,2026-09-30,representative_point
way/433009236,transformer,,10.6628582,76.1423489,,2026-09-30,representative_point
way/433052880,transformer,,10.6631658,76.1666618,,2026-09-30,representative_point
way/433056349,transformer,,10.6582765,76.1582542,,2026-09-30,representative_point
way/433058501,transformer,,10.6550846,76.1598375,,2026-09-30,representative_point
way/433067101,transformer,,10.6567248,76.16299,,2026-09-30,representative_point
way/433097320,transformer,,10.667535,76.1551042,,2026-09-30,representative_point
way/433112058,transformer,,10.6576915,76.1500487,,2026-09-30,representative_point
way/433546015,substation,400000;220000,16.3555891,77.3390943,,2026-09-30,representative_point
way/433546017,substation,,16.305078,77.3587619,,2026-09-30,representative_point
way/433546018,substation,110000,16.0403494,77.2984595,,2026-09-30,representative_point
way/433777788,transformer,,10.6304632,76.1717666,,2026-09-30,representative_point
way/433843476,substation,,13.0282472,77.5333511,,2026-09-30,representative_point
way/433843480,substation,,13.0544215,77.5608928,,2026-09-30,representative_point
way/433843481,substation,,13.0618245,77.5058893,,2026-09-30,representative_point
way/433843482,substation,,13.0353762,77.5312965,,2026-09-30,representative_point
way/433843483,substation,,13.0912659,77.49116,,2026-09-30,representative_point
way/433853595,substation,66000,12.9585238,77.5284667,,2026-09-30,representative_point
way/433853596,substation,66000,13.0009481,77.54813,,2026-09-30,representative_point
way/433853597,substation,66000,12.9798687,77.5360424,,2026-09-30,representative_point
way/436023257,substation,400000;132000,18.8294432,79.5677589,,2026-09-30,representative_point
way/436023287,substation,132000,18.638544,79.9502389,,2026-09-30,representative_point
way/436023291,substation,132000,19.0383411,79.4856133,,2026-09-30,representative_point
way/436023316,substation,,16.8426132,79.984082,,2026-09-30,representative_point
way/436023317,substation,,16.8434096,79.9921431,,2026-09-30,representative_point
way/436023318,substation,,16.8452586,79.9951906,,2026-09-30,representative_point
way/436023346,substation,,18.7629989,79.484677,,2026-09-30,representative_point
way/436023355,substation,,18.8120188,79.3726939,,2026-09-30,representative_point
way/436023360,substation,,16.8425612,79.6995734,,2026-09-30,representative_point
way/436023365,substation,132000,18.8460716,79.7422953,,2026-09-30,representative_point
way/436023373,substation,220000;132000,19.0792735,78.3821605,,2026-09-30,representative_point
way/436410990,substation,220000;132000,17.5031427,78.3738169,,2026-09-30,representative_point
way/436970109,substation,220000;132000,18.6343758,79.6883487,,2026-09-30,representative_point
way/436970117,substation,,18.7715837,79.4356354,,2026-09-30,representative_point
way/436970123,substation,220000,18.4402299,79.1999318,,2026-09-30,representative_point
way/436970125,substation,132000,18.4282214,79.1480793,,2026-09-30,representative_point
way/436970128,substation,220000;132000,18.1803568,79.4000715,,2026-09-30,representative_point
way/439843204,substation,,12.8950015,77.577711,,2026-09-30,representative_point
way/440216650,substation,132000,14.3190099,78.2666355,,2026-09-30,representative_point
way/441455208,substation,230000;110000,11.7260276,79.7308661,,2026-09-30,representative_point
way/441455217,substation,,13.112099,80.1307019,,2026-09-30,representative_point
way/441455218,substation,,11.6712415,79.7506627,,2026-09-30,representative_point
way/441455219,substation,,11.6548857,79.5186939,,2026-09-30,representative_point
way/441455220,substation,110000,11.6447353,79.7376652,,2026-09-30,representative_point
way/441455224,substation,110000,11.6469116,79.6952115,,2026-09-30,representative_point
way/441455226,substation,110000,11.6552153,79.740007,,2026-09-30,representative_point
way/441614553,substation,110000,10.3802693,78.9969558,,2026-09-30,representative_point
way/441614554,substation,,11.9550833,79.7808773,,2026-09-30,representative_point
way/441614555,substation,110000,10.2521309,78.964461,,2026-09-30,representative_point
way/441614556,substation,110000,10.7563228,78.6835316,,2026-09-30,representative_point
way/441614558,substation,110000,10.7478601,78.7788198,,2026-09-30,representative_point
way/442048025,substation,66000;11000,12.920283,77.5987677,,2026-09-30,representative_point
way/445525988,substation,132000,17.7663469,79.2613231,,2026-09-30,representative_point
way/447098550,substation,,17.1613972,77.2912337,,2026-09-30,representative_point
way/449304847,substation,,10.7995023,76.5626538,,2026-09-30,representative_point
way/450630549,substation,110000,9.5474368,76.7920387,,2026-09-30,representative_point
way/450953094,substation,110000,9.601985,77.9583379,,2026-09-30,representative_point
way/454222701,substation,,10.8875972,76.3121539,,2026-09-30,representative_point
way/454668185,substation,110000,11.0528317,77.1203833,,2026-09-30,representative_point
way/454977328,substation,,11.0130788,77.0657466,,2026-09-30,representative_point
way/456019430,substation,,11.0260184,76.9529222,,2026-09-30,representative_point
way/456555146,substation,,13.0542423,77.62398,,2026-09-30,representative_point
way/463626157,substation,,11.9534469,79.7964024,,2026-09-30,representative_point
way/463648909,substation,,11.9460622,79.8012012,,2026-09-30,representative_point
way/465363705,substation,,10.9524404,76.3053711,,2026-09-30,representative_point
way/465937306,substation,400000;220000,18.4221351,83.320806,,2026-09-30,representative_point
way/465978053,substation,400000,14.348073,80.1436796,,2026-09-30,representative_point
way/465978054,substation,400000;220000,14.9303034,78.3108458,,2026-09-30,representative_point
way/465978055,substation,,15.2377736,78.1951021,,2026-09-30,representative_point
way/466142893,substation,230000,8.9193436,77.7410014,,2026-09-30,representative_point
way/466148393,substation,110000,9.3596876,77.4422879,,2026-09-30,representative_point
way/466197122,substation,,11.9260078,78.1726769,,2026-09-30,representative_point
way/466424134,substation,765000;400000,18.6052427,78.2616096,,2026-09-30,representative_point
way/466424159,substation,765000;400000,17.0477675,78.5311084,,2026-09-30,representative_point
way/466762558,substation,,12.0469155,78.314477,,2026-09-30,representative_point
way/467382246,substation,,13.7999493,76.7987797,,2026-09-30,representative_point
way/468258464,substation,,10.1802577,76.3218883,,2026-09-30,representative_point
way/46837620,substation,,13.0442942,77.5534512,,2026-09-30,representative_point
way/46918829,substation,,13.0384708,77.5583141,,2026-09-30,representative_point
way/471361772,substation,,17.7307247,83.3357048,,2026-09-30,representative_point
way/473423550,substation,33000,10.1713459,76.1980438,,2026-09-30,representative_point
way/473711798,substation,,17.2330487,80.0064736,,2026-09-30,representative_point
way/474022991,substation,132000,18.8296029,77.9499523,,2026-09-30,representative_point
way/474022998,substation,132000,18.5175267,77.8913611,,2026-09-30,representative_point
way/474022999,substation,132000,18.7753489,77.9755328,,2026-09-30,representative_point
way/474023000,substation,,18.6423858,77.912694,,2026-09-30,representative_point
way/474023001,substation,132000,18.703456,78.0093622,,2026-09-30,representative_point
way/474023002,substation,,18.6612931,77.9021184,,2026-09-30,representative_point
way/474023005,substation,220000;132000,18.7586675,77.9355491,,2026-09-30,representative_point
way/474023006,substation,132000,18.4001011,77.7243252,,2026-09-30,representative_point
way/474023009,substation,132000,17.0743935,78.1479069,,2026-09-30,representative_point
way/474035475,substation,220000;132000,18.5361749,83.3424672,,2026-09-30,representative_point
way/474035482,substation,132000,19.4417964,78.454138,,2026-09-30,representative_point
way/474035483,substation,132000,18.3251593,83.481058,,2026-09-30,representative_point
way/474035484,substation,,19.6929728,78.5445927,,2026-09-30,representative_point
way/474035485,substation,,17.1296095,81.6029793,,2026-09-30,representative_point
way/474035486,substation,,19.6893657,78.5545573,,2026-09-30,representative_point
way/474350483,substation,,12.5569147,78.5773169,,2026-09-30,representative_point
way/475321622,substation,110000,10.3322897,76.2145272,,2026-09-30,representative_point
way/475875145,substation,,17.6525721,78.3837822,,2026-09-30,representative_point
way/475948606,substation,,16.6968864,79.6500359,,2026-09-30,representative_point
way/475948607,substation,,17.4521051,78.5791743,,2026-09-30,representative_point
way/476181152,substation,110000,9.5894534,77.9472921,,2026-09-30,representative_point
way/476181154,substation,,9.1547535,76.7504605,,2026-09-30,representative_point
way/476181176,substation,110000,9.7340363,77.2716395,,2026-09-30,representative_point
way/476181177,substation,110000,8.9509687,76.6193857,,2026-09-30,representative_point
way/476181178,substation,110000,8.8119216,78.1382053,,2026-09-30,representative_point
way/476181180,substation,,9.00052,76.5337085,,2026-09-30,representative_point
way/476181195,substation,110000,8.9723468,76.5366354,,2026-09-30,representative_point
way/476181198,substation,,9.1878313,76.4825936,,2026-09-30,representative_point
way/476362312,substation,110000,8.9790629,76.7568753,,2026-09-30,representative_point
way/476362324,substation,66000,9.1589267,76.8527488,,2026-09-30,representative_point
way/476362327,substation,220000,9.2556428,76.7825085,,2026-09-30,representative_point
way/480146942,substation,,9.3184099,76.6207311,,2026-09-30,representative_point
way/480152734,substation,110000,9.2391256,76.5387295,,2026-09-30,representative_point
way/481557217,substation,,10.3013738,76.3228401,,2026-09-30,representative_point
way/487131991,substation,,17.8423146,83.3603119,,2026-09-30,representative_point
way/492327200,substation,230000,13.3824148,80.1085781,,2026-09-30,representative_point
way/492327202,substation,110000,13.2900626,80.0465503,,2026-09-30,representative_point
way/492327206,substation,110000,13.3647627,79.9865238,,2026-09-30,representative_point
way/492327210,substation,,13.3883669,80.0419828,,2026-09-30,representative_point
way/492327212,substation,,13.3636405,79.9785429,,2026-09-30,representative_point
way/492377703,substation,400000,16.5541163,75.8493766,,2026-09-30,representative_point
way/492377721,substation,220000,16.5097299,75.7957433,,2026-09-30,representative_point
way/492377722,substation,,13.2934164,77.057972,,2026-09-30,representative_point
way/492818978,substation,220000,15.6591013,78.2580836,,2026-09-30,representative_point
way/492818979,substation,220000,15.4541204,77.45939,,2026-09-30,representative_point
way/493683874,substation,,17.489564,78.3265744,,2026-09-30,representative_point
way/497692078,substation,,17.1627022,77.916878,,2026-09-30,representative_point
way/497692081,substation,,17.1462125,77.8967223,,2026-09-30,representative_point
way/497692082,substation,132000,17.0877887,78.0895315,,2026-09-30,representative_point
way/498447443,substation,,10.0308246,77.0538864,,2026-09-30,representative_point
way/498447445,substation,,10.0308985,77.0503727,,2026-09-30,representative_point
way/499056311,substation,220000,10.002605,76.2974455,,2026-09-30,representative_point
way/505856206,substation,400000,16.9633467,81.1924559,,2026-09-30,representative_point
way/505856212,substation,400000;220000;132000,17.1652024,79.6909098,,2026-09-30,representative_point
way/505856218,substation,,17.0399496,81.4202746,,2026-09-30,representative_point
way/505856219,substation,220000,17.1912705,79.219068,,2026-09-30,representative_point
way/505856224,substation,,16.9433629,81.3974692,,2026-09-30,representative_point
way/506490496,substation,132000,18.9933344,77.9230817,,2026-09-30,representative_point
way/506490507,substation,,19.4007415,78.7569191,,2026-09-30,representative_point
way/506490518,substation,132000,19.1021833,77.9764026,,2026-09-30,representative_point
way/506490521,substation,132000,19.042877,78.2898202,,2026-09-30,representative_point
way/508747379,substation,230000;110000,11.3150851,77.4927923,,2026-09-30,representative_point
way/508747380,substation,110000,11.4853001,77.7002491,,2026-09-30,representative_point
way/508747385,substation,400000;110000,10.8377863,77.493662,,2026-09-30,representative_point
way/508747392,substation,400000;110000,9.898586,77.4645533,,2026-09-30,representative_point
way/508747399,substation,110000,11.2340242,77.4784606,,2026-09-30,representative_point
way/508747400,substation,230000;110000,11.3383577,77.7171618,,2026-09-30,representative_point
way/508747401,substation,110000,9.9747118,77.4428596,,2026-09-30,representative_point
way/508747402,substation,110000,11.48062,77.6976246,,2026-09-30,representative_point
way/508747403,substation,,11.3305285,77.7565849,,2026-09-30,representative_point
way/508747407,substation,110000,11.4442523,77.7114887,,2026-09-30,representative_point
way/508747409,substation,110000,10.0023596,77.5995181,,2026-09-30,representative_point
way/508747414,substation,110000,11.620827,77.9324466,,2026-09-30,representative_point
way/508747423,substation,110000,9.9373697,77.3338426,,2026-09-30,representative_point
way/509312751,substation,,15.6703297,76.1084299,,2026-09-30,representative_point
way/510509707,substation,110000,9.477363,78.1729469,,2026-09-30,representative_point
way/510509709,substation,,9.4990829,78.1688888,,2026-09-30,representative_point
way/510509742,substation,,9.3052406,78.4030579,,2026-09-30,representative_point
way/510509744,substation,,9.3468282,78.3938777,,2026-09-30,representative_point
way/510509746,substation,400000;220000;110000,9.351608,78.3928746,,2026-09-30,representative_point
way/510509754,substation,110000,9.7911816,78.6331281,,2026-09-30,representative_point
way/510509755,substation,110000,10.223719,78.2388957,,2026-09-30,representative_point
way/510513135,substation,400000;230000,9.0505783,77.9253522,,2026-09-30,representative_point
way/514353975,substation,400000;220000,15.6799442,78.250109,,2026-09-30,representative_point
way/514353978,substation,220000,15.6865211,78.2742245,,2026-09-30,representative_point
way/514353979,substation,220000,15.6633849,78.2857014,,2026-09-30,representative_point
way/514353980,substation,110000,15.5079954,76.9078461,,2026-09-30,representative_point
way/514353981,substation,220000,15.6775308,78.2441091,,2026-09-30,representative_point
way/514353983,substation,110000,15.411136,76.9014782,,2026-09-30,representative_point
way/514354225,substation,,15.5275779,77.265287,,2026-09-30,representative_point
way/514354226,substation,,15.5456821,77.3114573,,2026-09-30,representative_point
way/514354239,substation,,15.6723999,77.4786449,,2026-09-30,representative_point
way/516608101,substation,,12.8910562,75.7348724,,2026-09-30,representative_point
way/516608103,substation,,13.0050995,75.7037714,,2026-09-30,representative_point
way/516693277,substation,220000;66000,14.864016,76.3561976,,2026-09-30,representative_point
way/516693292,substation,400000,15.1760564,76.7333739,,2026-09-30,representative_point
way/516693299,substation,220000,14.3792646,76.7120261,,2026-09-30,representative_point
way/516693300,substation,66000,14.8703034,76.8106227,,2026-09-30,representative_point
way/516693301,substation,,14.9078408,76.8766279,,2026-09-30,representative_point
way/516693302,substation,220000,14.3707652,76.5962429,,2026-09-30,representative_point
way/516693303,substation,,14.6880192,76.8799954,,2026-09-30,representative_point
way/516693304,substation,66000,14.9400194,76.8133403,,2026-09-30,representative_point
way/516693305,substation,,14.906169,76.1072652,,2026-09-30,representative_point
way/516693307,substation,,14.9054118,76.8093318,,2026-09-30,representative_point
way/516693309,substation,66000,14.3633628,76.5741881,,2026-09-30,representative_point
way/516693312,substation,,14.1237581,76.808939,,2026-09-30,representative_point
way/516693317,substation,,14.7644609,76.4436148,,2026-09-30,representative_point
way/516693318,substation,,15.0298477,76.8601638,,2026-09-30,representative_point
way/516693319,substation,220000,14.7741498,75.9436529,,2026-09-30,representative_point
way/516693322,substation,66000,14.8160894,76.7495458,,2026-09-30,representative_point
way/516716920,substation,400000;220000,15.3298973,75.7365965,,2026-09-30,representative_point
way/516716922,substation,,15.3338908,75.7346979,,2026-09-30,representative_point
way/516716923,substation,110000,15.1472328,75.8405916,,2026-09-30,representative_point
way/516716924,substation,110000,15.0860261,75.8687109,,2026-09-30,representative_point
way/516716925,substation,,15.2542955,75.6208227,,2026-09-30,representative_point
way/516716926,substation,110000,15.0478052,75.870201,,2026-09-30,representative_point
way/516716927,substation,,15.2609197,75.5917645,,2026-09-30,representative_point
way/516716930,substation,220000,15.0985826,75.1935615,,2026-09-30,representative_point
way/518508023,substation,,13.1427427,78.2039773,,2026-09-30,representative_point
way/522784882,substation,110000,10.6147717,76.2059269,,2026-09-30,representative_point
way/529463426,substation,220000,14.4090433,79.9304445,,2026-09-30,representative_point
way/529548695,substation,,18.5367787,78.2851566,,2026-09-30,representative_point
way/529548696,substation,220000,18.382809,78.2434817,,2026-09-30,representative_point
way/529548698,substation,,18.5960997,78.2351092,,2026-09-30,representative_point
way/533802185,substation,33000,10.5565857,76.5247618,,2026-09-30,representative_point
way/539159391,substation,110000,11.9824299,75.3755498,,2026-09-30,representative_point
way/544899028,substation,110000,10.7556244,77.1019556,,2026-09-30,representative_point
way/544899033,substation,110000,10.1025474,78.5875029,,2026-09-30,representative_point
way/544899035,substation,110000,10.1902918,78.4044824,,2026-09-30,representative_point
way/544899037,substation,110000,10.1443332,78.1973555,,2026-09-30,representative_point
way/544899038,substation,110000,9.9608099,78.7956692,,2026-09-30,representative_point
way/544899039,substation,110000,10.7457295,77.0314946,,2026-09-30,representative_point
way/544899040,substation,110000,10.2045483,78.3736598,,2026-09-30,representative_point
way/545119439,substation,110000,10.7314251,78.2360447,,2026-09-30,representative_point
way/545119440,substation,110000,11.666035,78.3242438,,2026-09-30,representative_point
way/545119441,substation,110000,11.5294919,77.7554103,,2026-09-30,representative_point
way/545119947,substation,,11.757477,78.8755911,,2026-09-30,representative_point
way/545357555,substation,,13.9349406,77.4963845,,2026-09-30,representative_point
way/545357560,substation,,13.290917,77.4260784,,2026-09-30,representative_point
way/545357562,substation,132000,13.8898207,77.5415986,,2026-09-30,representative_point
way/545357564,substation,,13.4290357,77.4743468,,2026-09-30,representative_point
way/545357565,substation,,13.9773965,77.4806257,,2026-09-30,representative_point
way/545571848,substation,220000,14.2656153,78.4917421,,2026-09-30,representative_point
way/545571850,substation,765000;400000,11.2727046,79.4803836,,2026-09-30,representative_point
way/545571859,substation,,13.6514083,79.0334089,,2026-09-30,representative_point
way/545571861,substation,110000,11.2712749,79.4851592,,2026-09-30,representative_point
way/545571865,substation,220000,14.4884493,78.5063629,,2026-09-30,representative_point
way/548332603,substation,110000,8.2147497,77.3028414,,2026-09-30,representative_point
way/548771397,substation,110000,8.3880085,77.8141351,,2026-09-30,representative_point
way/551873400,substation,110000,8.5641439,76.8764335,,2026-09-30,representative_point
way/554919772,substation,,13.2748609,80.3196259,,2026-09-30,representative_point
way/56844937,substation,110000,9.97546,78.1394362,,2026-09-30,representative_point
way/56860702,substation,230000;110000,9.9061251,78.0810043,,2026-09-30,representative_point
way/575162908,substation,,12.9911445,77.653786,,2026-09-30,representative_point
way/576398877,substation,,13.7492124,76.8968476,,2026-09-30,representative_point
way/576801555,substation,220000,12.8124238,78.3760571,,2026-09-30,representative_point
way/576801557,substation,,13.209785,79.0248674,,2026-09-30,representative_point
way/576801563,substation,,13.2066848,79.027013,,2026-09-30,representative_point
way/577095406,substation,132000,17.0139917,81.7373478,,2026-09-30,representative_point
way/577105840,substation,132000,18.1712745,83.4441242,,2026-09-30,representative_point
way/583879531,substation,66000;11000,12.96844,77.6620834,,2026-09-30,representative_point
way/587392642,substation,,18.7854339,78.9059744,,2026-09-30,representative_point
way/590285271,substation,110000,8.5409897,77.773633,,2026-09-30,representative_point
way/590285278,substation,110000,11.6140796,76.6928139,,2026-09-30,representative_point
way/590285279,substation,110000,11.5337971,76.6018674,,2026-09-30,representative_point
way/590285281,substation,110000,11.7637614,77.0036271,,2026-09-30,representative_point
way/590858775,substation,110000,10.0954049,78.8481031,,2026-09-30,representative_point
way/590858780,substation,110000,10.0160216,78.7595768,,2026-09-30,representative_point
way/590858785,substation,110000,9.5722706,78.3103577,,2026-09-30,representative_point
way/590858786,substation,,9.5667771,78.306712,,2026-09-30,representative_point
way/590858790,substation,230000;110000,9.5185511,78.2225463,,2026-09-30,representative_point
way/590858791,substation,110000,9.5186948,78.2260018,,2026-09-30,representative_point
way/590860791,substation,230000,10.8248298,79.7558525,,2026-09-30,representative_point
way/590872766,substation,220000;66000,12.9215549,77.1839681,,2026-09-30,representative_point
way/590872767,substation,,12.963014,77.2327656,,2026-09-30,representative_point
way/590872774,substation,,12.8126507,77.285644,,2026-09-30,representative_point
way/590872775,substation,,12.8890872,77.2705351,,2026-09-30,representative_point
way/591251805,substation,66000;11000,13.0205389,77.6493213,,2026-09-30,representative_point
way/591700745,substation,66000,10.7533436,76.669244,,2026-09-30,representative_point
way/591792823,substation,,14.0026605,77.8333435,,2026-09-30,representative_point
way/591799754,substation,,13.9313185,77.7242256,,2026-09-30,representative_point
way/592223856,substation,,11.002363,75.9814836,,2026-09-30,representative_point
way/594819617,substation,230000;110000,10.8925605,77.0003649,,2026-09-30,representative_point
way/596972653,substation,,14.6195732,78.2507846,,2026-09-30,representative_point
way/599123893,substation,,10.0376026,76.292833,,2026-09-30,representative_point
way/600375038,substation,220000,14.6677397,77.9223009,,2026-09-30,representative_point
way/600378617,substation,220000,14.7173074,77.9822186,,2026-09-30,representative_point
way/602875380,substation,,10.089171,76.3868321,,2026-09-30,representative_point
way/608849177,substation,,17.4112338,78.5979979,,2026-09-30,representative_point
way/610251055,substation,,12.7822558,77.4068401,,2026-09-30,representative_point
way/610251058,substation,220000,12.7915619,77.3806338,,2026-09-30,representative_point
way/613381974,transformer,,12.9493419,77.6216307,,2026-09-30,representative_point
way/618094997,substation,,9.6309649,76.6070612,,2026-09-30,representative_point
way/618095001,substation,220000;66000,9.7878861,76.8593916,,2026-09-30,representative_point
way/618095012,substation,,9.8375087,76.7499921,,2026-09-30,representative_point
way/618095023,substation,,9.9089552,76.8319429,,2026-09-30,representative_point
way/618097598,substation,,9.5943777,76.5655731,,2026-09-30,representative_point
way/618097602,substation,,9.8413964,76.9581988,,2026-09-30,representative_point
way/618097988,substation,,9.8542406,76.7440623,,2026-09-30,representative_point
way/618181973,substation,,10.2681439,76.3542239,,2026-09-30,representative_point
way/618290971,substation,110000,10.0376534,76.4178447,,2026-09-30,representative_point
way/618290979,substation,66000,10.0897895,76.3892283,,2026-09-30,representative_point
way/618290983,substation,,10.041038,76.4929761,,2026-09-30,representative_point
way/618290987,substation,,10.0159407,76.5640786,,2026-09-30,representative_point
way/618290992,substation,,9.9762669,77.0291389,,2026-09-30,representative_point
way/618290993,substation,,9.6994855,76.7721769,,2026-09-30,representative_point
way/618290995,substation,,10.0193562,76.6451982,,2026-09-30,representative_point
way/618291000,substation,,9.8978548,76.7039774,,2026-09-30,representative_point
way/618365042,substation,,9.7256385,76.6787097,,2026-09-30,representative_point
way/618365045,substation,220000,9.5477551,76.5264407,,2026-09-30,representative_point
way/618365048,substation,,9.5529949,76.6436895,,2026-09-30,representative_point
way/618365049,substation,,9.3092823,77.0712327,,2026-09-30,representative_point
way/618365050,substation,,9.4143523,77.0658731,,2026-09-30,representative_point
way/618365052,substation,,9.5922579,76.9736561,,2026-09-30,representative_point
way/618365053,substation,,9.573476,77.0818833,,2026-09-30,representative_point
way/618365056,substation,,9.5512002,76.8657774,,2026-09-30,representative_point
way/618365057,substation,,9.3886711,77.1503292,,2026-09-30,representative_point
way/618365064,substation,,9.4659232,76.8335026,,2026-09-30,representative_point
way/618475883,substation,,9.9533537,76.9789196,,2026-09-30,representative_point
way/618475885,substation,,9.8227723,77.1498558,,2026-09-30,representative_point
way/618502110,substation,220000,10.0190334,76.8516734,,2026-09-30,representative_point
way/618515987,substation,,9.688308,76.555438,,2026-09-30,representative_point
way/618515988,substation,220000,9.689585,76.5549928,,2026-09-30,representative_point
way/618569335,substation,230000;110000,9.4864809,78.1381948,,2026-09-30,representative_point
way/618576698,substation,110000,8.4894165,77.6626099,,2026-09-30,representative_point
way/618576702,substation,110000,8.4523235,77.6442271,,2026-09-30,representative_point
way/618576711,substation,110000,8.1067961,77.536342,,2026-09-30,representative_point
way/618762293,substation,220000,8.904684,77.9176489,,2026-09-30,representative_point
way/618762295,substation,400000;230000;110000,8.9093901,77.8674138,,2026-09-30,representative_point
way/618762299,substation,,8.8922147,77.839901,,2026-09-30,representative_point
way/618762304,substation,,8.912825,77.7075602,,2026-09-30,representative_point
way/618762309,substation,400000;230000;110000,8.9535392,77.7277967,,2026-09-30,representative_point
way/618803802,substation,,11.9490971,79.7859147,,2026-09-30,representative_point
way/618803809,substation,400000;230000,11.5904356,79.4499224,,2026-09-30,representative_point
way/618803810,substation,220000,11.5918051,79.4499063,,2026-09-30,representative_point
way/618803820,substation,110000,11.8356425,79.3381886,,2026-09-30,representative_point
way/618803822,substation,230000;110000,11.6611573,79.2546147,,2026-09-30,representative_point
way/618807558,substation,,13.0871069,80.1971778,,2026-09-30,representative_point
way/618813922,substation,110000,13.1826018,79.6115027,,2026-09-30,representative_point
way/619577594,substation,,9.8742492,76.3943657,,2026-09-30,representative_point
way/619608538,substation,,9.6922211,76.3412356,,2026-09-30,representative_point
way/619613794,substation,,9.6919024,76.3414179,,2026-09-30,representative_point
way/619951475,substation,,9.7456782,76.3958902,,2026-09-30,representative_point
way/620230062,substation,,9.6966574,76.3176591,,2026-09-30,representative_point
way/620382497,substation,,11.9460731,79.8015541,,2026-09-30,representative_point
way/620585412,substation,110000,9.8846969,76.2965444,,2026-09-30,representative_point
way/623124967,substation,,15.0233156,77.8408432,,2026-09-30,representative_point
way/623124968,substation,220000,15.1427265,77.6476926,,2026-09-30,representative_point
way/623124971,substation,,16.1681255,76.1444731,,2026-09-30,representative_point
way/623124972,substation,110000,16.2249612,76.1602848,,2026-09-30,representative_point
way/630428028,substation,,9.9428048,76.2693413,,2026-09-30,representative_point
way/633311511,substation,,10.166414,76.4977008,,2026-09-30,representative_point
way/640204673,substation,,11.0289145,77.038247,,2026-09-30,representative_point
way/645003364,substation,66000,9.318149,76.4192003,,2026-09-30,representative_point
way/649451846,substation,,10.484567,76.2127641,,2026-09-30,representative_point
way/650912396,substation,230000;110000,8.2508204,77.485747,,2026-09-30,representative_point
way/653356104,substation,,11.918211,75.5548182,,2026-09-30,representative_point
way/653356116,substation,,11.9117617,75.5378776,,2026-09-30,representative_point
way/655368585,substation,,12.947886,77.6987123,,2026-09-30,representative_point
way/657434998,substation,110000,11.2651054,77.7394657,,2026-09-30,representative_point
way/657435006,substation,400000;320000,10.8277934,77.533468,,2026-09-30,representative_point
way/660323546,substation,,12.9187183,79.8922304,,2026-09-30,representative_point
way/660334019,substation,,12.9114245,79.8817817,,2026-09-30,representative_point
way/661176378,substation,,17.5330545,78.1702205,,2026-09-30,representative_point
way/661184523,substation,,17.5333378,78.179154,,2026-09-30,representative_point
way/661268097,substation,,15.9518664,77.3005166,,2026-09-30,representative_point
way/661288642,substation,,16.3111873,80.3768239,,2026-09-30,representative_point
way/661512632,substation,,12.9873511,79.2932403,,2026-09-30,representative_point
way/661546321,substation,,12.8442254,79.9325605,,2026-09-30,representative_point
way/661546340,substation,,12.7776355,79.8684663,,2026-09-30,representative_point
way/661546343,substation,,12.7765976,79.8626402,,2026-09-30,representative_point
way/661546367,substation,,14.484123,78.7897045,,2026-09-30,representative_point
way/661568610,substation,110000,11.9323608,79.4989142,,2026-09-30,representative_point
way/661590307,substation,110000,8.879329,77.8910797,,2026-09-30,representative_point
way/661618465,substation,,10.074428,76.3258195,,2026-09-30,representative_point
way/661620938,substation,,14.7034536,76.8588983,,2026-09-30,representative_point
way/661901422,substation,,17.6514066,83.0823251,,2026-09-30,representative_point
way/661901429,substation,,17.6573027,83.1028704,,2026-09-30,representative_point
way/663862377,substation,110000,8.8380877,77.738318,,2026-09-30,representative_point
way/663867037,substation,220000,14.0318859,78.4273388,,2026-09-30,representative_point
way/663867040,substation,220000,14.0290403,78.4305367,,2026-09-30,representative_point
way/663867047,substation,400000;220000,14.0457417,78.4273893,,2026-09-30,representative_point
way/663874608,substation,220000,13.9968859,78.4249362,,2026-09-30,representative_point
way/665342438,substation,220000,17.228662,81.6336507,,2026-09-30,representative_point
way/665342446,substation,132000,18.3223315,83.9499557,,2026-09-30,representative_point
way/665461349,substation,400000;220000,12.3740238,76.5626972,,2026-09-30,representative_point
way/666114496,substation,,9.631996,76.5247907,,2026-09-30,representative_point
way/666907692,substation,132000,18.9673342,79.4399922,,2026-09-30,representative_point
way/666907695,substation,132000,18.978199,79.4477525,,2026-09-30,representative_point
way/666907702,substation,400000;220000,19.0441403,78.3975792,,2026-09-30,representative_point
way/666907709,substation,132000,19.1033885,78.1026954,,2026-09-30,representative_point
way/667122716,substation,132000,18.5655664,78.7549487,,2026-09-30,representative_point
way/668270178,substation,132000,13.8353401,77.6115498,,2026-09-30,representative_point
way/669459218,substation,110000,9.327505,76.9711449,,2026-09-30,representative_point
way/669945295,substation,220000,13.1153302,77.5817966,,2026-09-30,representative_point
way/670923873,substation,110000,10.5405395,78.775894,,2026-09-30,representative_point
way/671260467,substation,110000,9.6009049,76.4832283,,2026-09-30,representative_point
way/676183795,substation,,17.0596365,81.6623028,,2026-09-30,representative_point
way/676213912,substation,,17.1348023,81.6618062,,2026-09-30,representative_point
way/676595411,substation,132000,18.1367807,83.6475094,,2026-09-30,representative_point
way/676595413,substation,132000,18.1369752,83.6213691,,2026-09-30,representative_point
way/678618633,substation,,8.6028049,77.0061774,,2026-09-30,representative_point
way/680977077,substation,110000;11000,12.7270269,80.0259086,,2026-09-30,representative_point
way/688411131,substation,110000,10.1242491,76.4548713,,2026-09-30,representative_point
way/689946911,substation,22000,11.949447,79.801325,,2026-09-30,representative_point
way/689953775,substation,22000,11.9512998,79.8029063,,2026-09-30,representative_point
way/689971151,substation,,11.9485197,79.8006382,,2026-09-30,representative_point
way/689988477,substation,,11.9482462,79.7975456,,2026-09-30,representative_point
way/690422229,substation,,11.9559543,79.7963993,,2026-09-30,representative_point
way/690497818,substation,110000,10.3216282,77.9537933,,2026-09-30,representative_point
way/690497820,substation,230000,10.7563085,77.3120409,,2026-09-30,representative_point
way/690505444,substation,110000,8.7827142,78.1986226,,2026-09-30,representative_point
way/690505451,substation,400000;230000;110000,8.9594529,77.7239826,,2026-09-30,representative_point
way/690511391,substation,220000;110000,8.6052402,76.8797962,,2026-09-30,representative_point
way/690511392,substation,110000,8.8890334,77.7656561,,2026-09-30,representative_point
way/690728026,substation,66000,8.8894495,76.8511905,,2026-09-30,representative_point
way/690728031,substation,66000,8.9569113,77.0677404,,2026-09-30,representative_point
way/690728032,substation,110000,9.0347285,76.9094539,,2026-09-30,representative_point
way/690728035,substation,110000,9.0134692,76.9274725,,2026-09-30,representative_point
way/690728040,substation,110000,8.7521226,76.7325652,,2026-09-30,representative_point
way/690728041,substation,110000,8.8130396,76.7745933,,2026-09-30,representative_point
way/690728045,substation,,8.6170043,76.8688622,,2026-09-30,representative_point
way/690728047,substation,110000,8.4926349,76.992618,,2026-09-30,representative_point
way/690728048,substation,110000,8.4988583,77.0713422,,2026-09-30,representative_point
way/690728062,substation,220000,8.5102928,77.0721428,,2026-09-30,representative_point
way/690728063,substation,,8.5589947,76.8724948,,2026-09-30,representative_point
way/690728065,substation,,8.5359963,76.8763499,,2026-09-30,representative_point
way/690728066,substation,,8.5356211,76.8777832,,2026-09-30,representative_point
way/690728072,substation,,8.5427814,76.8827252,,2026-09-30,representative_point
way/690728075,substation,110000,8.5204875,76.9269973,,2026-09-30,representative_point
way/690740413,substation,,11.9515577,79.7997099,,2026-09-30,representative_point
way/690983983,substation,,10.8158868,79.6169007,,2026-09-30,representative_point
way/690983990,substation,,10.813542,79.6083364,,2026-09-30,representative_point
way/692614893,substation,,13.6377286,79.5153947,,2026-09-30,representative_point
way/692614904,substation,,13.6896736,79.3524984,,2026-09-30,representative_point
way/693300851,substation,,13.5472003,80.0099953,,2026-09-30,representative_point
way/693950406,substation,,17.4372179,78.5788295,,2026-09-30,representative_point
way/693950410,substation,,17.428166,78.562847,,2026-09-30,representative_point
way/696479766,substation,110000,12.0315364,79.8443362,,2026-09-30,representative_point
way/696479769,substation,,12.0314662,79.8460311,,2026-09-30,representative_point
way/696479774,substation,,12.029605,79.8478017,,2026-09-30,representative_point
way/696535771,substation,,13.0930564,77.9755,,2026-09-30,representative_point
way/696785357,substation,,17.4818331,78.4432151,,2026-09-30,representative_point
way/696785359,substation,,17.4707387,78.4336966,,2026-09-30,representative_point
way/696785360,substation,,17.4705983,78.4335593,,2026-09-30,representative_point
way/696789969,substation,,17.5869995,78.1488202,,2026-09-30,representative_point
way/704116884,substation,33000,9.6592119,76.7228808,,2026-09-30,representative_point
way/707933814,substation,,12.8163665,77.6764757,,2026-09-30,representative_point
way/707933816,substation,,12.8158735,77.6695687,,2026-09-30,representative_point
way/707933819,substation,,12.7816357,77.6461624,,2026-09-30,representative_point
way/707951548,substation,,12.9892588,80.013143,,2026-09-30,representative_point
way/707951554,substation,110000,12.9565682,79.9825796,,2026-09-30,representative_point
way/714756190,substation,230000;110000,12.8840239,79.6451282,,2026-09-30,representative_point
way/715704396,substation,110000,10.6837267,76.9707017,,2026-09-30,representative_point
way/718221073,substation,220000;66000,14.244015,77.4774072,,2026-09-30,representative_point
way/719448883,substation,,11.1347032,76.1184057,,2026-09-30,representative_point
way/719469793,substation,110000,9.3686814,78.1025472,,2026-09-30,representative_point
way/719469795,substation,110000,9.4975163,78.2618581,,2026-09-30,representative_point
way/719469798,substation,110000,9.3865203,78.3479462,,2026-09-30,representative_point
way/719469802,substation,110000,9.3604357,78.2203674,,2026-09-30,representative_point
way/722597613,substation,,9.9353308,76.2537351,,2026-09-30,representative_point
way/727888731,substation,,13.5255856,79.9712902,,2026-09-30,representative_point
way/728876749,substation,110000,9.8388287,78.2413056,,2026-09-30,representative_point
way/731529555,substation,,17.9887286,79.5318559,,2026-09-30,representative_point
way/733184173,substation,,18.6154616,79.3682513,,2026-09-30,representative_point
way/733604743,substation,220000,16.5359742,77.9311625,,2026-09-30,representative_point
way/733604746,substation,220000,16.5277012,77.9058684,,2026-09-30,representative_point
way/733604748,substation,220000,16.4564594,77.8811774,,2026-09-30,representative_point
way/733604749,substation,220000,16.4463797,77.8663698,,2026-09-30,representative_point
way/733604750,substation,220000,16.4709448,77.9145937,,2026-09-30,representative_point
way/733604753,substation,,16.5321352,77.8532705,,2026-09-30,representative_point
way/733631558,substation,132000,17.3452314,77.6152608,,2026-09-30,representative_point
way/733631560,substation,132000,17.2510924,77.5965258,,2026-09-30,representative_point
way/733631561,substation,132000,17.1164037,77.6377094,,2026-09-30,representative_point
way/733631562,substation,220000;132000,16.9831228,77.6331282,,2026-09-30,representative_point
way/733631564,substation,132000,18.1472929,78.2907101,,2026-09-30,representative_point
way/733631566,substation,132000,16.9877274,78.339268,,2026-09-30,representative_point
way/733631568,substation,220000,16.7015856,78.176592,,2026-09-30,representative_point
way/733631571,substation,132000,16.4418978,78.0041101,,2026-09-30,representative_point
way/733631572,substation,132000,16.4215439,78.0715068,,2026-09-30,representative_point
way/733631576,substation,132000,17.6620258,78.1752335,,2026-09-30,representative_point
way/733631577,substation,132000,17.6729566,78.1773618,,2026-09-30,representative_point
way/733631579,substation,,17.6742929,78.2358421,,2026-09-30,representative_point
way/733764034,substation,400000,8.9148382,78.1430536,,2026-09-30,representative_point
way/735151750,substation,110000,10.2345297,76.2767032,,2026-09-30,representative_point
way/736454963,substation,400000,17.6087905,80.6942237,,2026-09-30,representative_point
way/736454967,substation,400000;220000,17.434256,80.5235322,,2026-09-30,representative_point
way/736704290,substation,,9.5860581,76.9822673,,2026-09-30,representative_point
way/740100693,substation,,18.1115579,83.3828603,,2026-09-30,representative_point
way/740314396,substation,,12.0140326,79.8533329,,2026-09-30,representative_point
way/747852692,substation,220000,18.7219192,79.5144549,,2026-09-30,representative_point
way/747852703,substation,132000,18.2337851,78.6787573,,2026-09-30,representative_point
way/747852705,substation,400000;220000;132000,17.7546386,78.38909,,2026-09-30,representative_point
way/747852707,substation,132000,17.9588425,78.5966608,,2026-09-30,representative_point
way/747852708,substation,,17.7739072,78.5624707,,2026-09-30,representative_point
way/747852715,substation,400000,18.0181862,78.7480822,,2026-09-30,representative_point
way/747852716,substation,132000,18.0189488,78.7371871,,2026-09-30,representative_point
way/747852726,substation,132000,18.2997701,78.6745796,,2026-09-30,representative_point
way/747852728,substation,132000,18.281778,78.6473948,,2026-09-30,representative_point
way/747852729,substation,132000,18.5133374,79.0838875,,2026-09-30,representative_point
way/747852732,substation,110000,17.4033099,77.3847327,,2026-09-30,representative_point
way/747852738,substation,110000,16.8628512,77.4248604,,2026-09-30,representative_point
way/747852739,substation,110000,16.8647613,77.4090403,,2026-09-30,representative_point
way/748664628,substation,220000,16.3148971,77.7793662,,2026-09-30,representative_point
way/749986012,substation,,12.9370242,79.921865,,2026-09-30,representative_point
way/749986032,substation,,12.9002867,79.9021473,,2026-09-30,representative_point
way/749986033,substation,,12.90017,79.8990272,,2026-09-30,representative_point
way/750523829,substation,400000;220000,13.9646199,77.5526056,,2026-09-30,representative_point
way/750523831,substation,132000,14.0614911,78.117798,,2026-09-30,representative_point
way/750523832,substation,220000,14.0998104,78.1220519,,2026-09-30,representative_point
way/750523834,substation,132000,14.1835549,78.1193885,,2026-09-30,representative_point
way/750523853,substation,220000,14.1048999,78.4622216,,2026-09-30,representative_point
way/750523854,substation,220000,14.0872183,78.4611599,,2026-09-30,representative_point
way/750523877,substation,220000,14.0333809,78.4414704,,2026-09-30,representative_point
way/750523885,substation,400000,14.213431,80.088611,,2026-09-30,representative_point
way/750742615,substation,220000,14.1447655,77.311168,,2026-09-30,representative_point
way/750742616,substation,66000,13.8441682,77.2596024,,2026-09-30,representative_point
way/750742625,substation,400000;220000,14.3156059,77.3831812,,2026-09-30,representative_point
way/750742654,substation,220000;33000,14.3043523,77.3918232,,2026-09-30,representative_point
way/750742655,substation,220000;33000,14.2855064,77.4061615,,2026-09-30,representative_point
way/750742661,substation,220000;33000,14.2776298,77.4110171,,2026-09-30,representative_point
way/750742662,substation,220000;66000,14.2278102,77.4319437,,2026-09-30,representative_point
way/750742669,substation,220000;33000,14.2586381,77.4212122,,2026-09-30,representative_point
way/750742671,substation,220000;66000,14.2665381,77.4548686,,2026-09-30,representative_point
way/750742672,substation,,14.2618926,77.4655617,,2026-09-30,representative_point
way/750742673,substation,,14.2606148,77.4709654,,2026-09-30,representative_point
way/750742674,substation,,14.2565247,77.482913,,2026-09-30,representative_point
way/750742675,substation,,14.2434978,77.478374,,2026-09-30,representative_point
way/750742676,substation,,14.2448006,77.4758779,,2026-09-30,representative_point
way/750742677,substation,,14.2475454,77.4673757,,2026-09-30,representative_point
way/750742678,substation,,14.2417655,77.4581371,,2026-09-30,representative_point
way/750742679,substation,,14.2417978,77.4594882,,2026-09-30,representative_point
way/750742681,substation,,14.2355441,77.4570508,,2026-09-30,representative_point
way/750742682,substation,,14.2350335,77.4602964,,2026-09-30,representative_point
way/750742683,substation,,14.2343338,77.4601067,,2026-09-30,representative_point
way/750742684,substation,220000;66000,14.2347419,77.4583274,,2026-09-30,representative_point
way/750742685,substation,220000,14.2276828,77.5431615,,2026-09-30,representative_point
way/750742686,substation,220000,14.0881272,77.5380948,,2026-09-30,representative_point
way/750742691,substation,220000,14.180658,77.6121265,,2026-09-30,representative_point
way/750742692,substation,220000,14.1703784,77.6249605,,2026-09-30,representative_point
way/750805176,substation,66000,13.691858,77.3062286,,2026-09-30,representative_point
way/750805181,substation,220000,14.1510015,77.5202849,,2026-09-30,representative_point
way/751550636,substation,66000,13.1813169,77.5643,,2026-09-30,representative_point
way/751611200,substation,110000;22000,11.3659594,77.6286153,,2026-09-30,representative_point
way/751731775,substation,,9.5962963,78.0364627,,2026-09-30,representative_point
way/751756843,substation,,9.9939997,76.2760122,,2026-09-30,representative_point
way/751947937,substation,230000;110000,11.5968946,79.4452286,,2026-09-30,representative_point
way/751947947,substation,765000;400000,11.908149,78.9943036,,2026-09-30,representative_point
way/751947959,substation,110000,12.8821466,78.9891109,,2026-09-30,representative_point
way/751947963,substation,110000,12.8902494,78.8387078,,2026-09-30,representative_point
way/751947964,substation,110000,12.8789122,78.8672233,,2026-09-30,representative_point
way/751947971,substation,110000,12.3461078,78.9452982,,2026-09-30,representative_point
way/752184945,substation,,9.5009826,76.328784,,2026-09-30,representative_point
way/752689567,substation,220000,14.7217573,77.1476968,,2026-09-30,representative_point
way/752689572,substation,220000,14.6062461,77.2329292,,2026-09-30,representative_point
way/752689573,substation,400000,15.1843333,76.6650724,,2026-09-30,representative_point
way/752689574,substation,400000,15.1905802,76.7153674,,2026-09-30,representative_point
way/754237119,substation,,10.6068281,76.7166882,,2026-09-30,representative_point
way/757755869,substation,110000,10.4827289,76.1123782,,2026-09-30,representative_point
way/758051370,substation,,9.0757886,76.5333552,,2026-09-30,representative_point
way/762430563,substation,110000,8.3655243,77.1541992,,2026-09-30,representative_point
way/763451166,substation,,10.0197941,76.226835,,2026-09-30,representative_point
way/763451167,substation,,10.0196154,76.2264231,,2026-09-30,representative_point
way/764499344,substation,110000,9.3618655,76.4682813,,2026-09-30,representative_point
way/766409549,substation,,12.9326232,77.7317078,,2026-09-30,representative_point
way/775147264,substation,,12.8735053,79.9693543,,2026-09-30,representative_point
way/775147268,substation,,12.8704103,79.9580116,,2026-09-30,representative_point
way/775147269,substation,,12.8704833,79.9580156,,2026-09-30,representative_point
way/775147270,substation,,12.8689159,79.9597165,,2026-09-30,representative_point
way/775147271,substation,,12.8715385,79.96124,,2026-09-30,representative_point
way/775147272,substation,,12.8719066,79.9591896,,2026-09-30,representative_point
way/775147273,substation,,12.8720589,79.9555671,,2026-09-30,representative_point
way/775147274,substation,,12.8706495,79.9516484,,2026-09-30,representative_point
way/775147275,substation,,12.8695304,79.9527025,,2026-09-30,representative_point
way/775147276,substation,,12.8700714,79.9536022,,2026-09-30,representative_point
way/775147277,substation,,12.8719619,79.9533079,,2026-09-30,representative_point
way/775147278,substation,,12.8658348,79.9524233,,2026-09-30,representative_point
way/775148758,substation,,11.9278665,79.6517571,,2026-09-30,representative_point
way/775148759,substation,,11.9277822,79.6529281,,2026-09-30,representative_point
way/775148760,substation,,11.9296873,79.6528691,,2026-09-30,representative_point
way/775148761,substation,,11.9338288,79.6490667,,2026-09-30,representative_point
way/775148765,substation,,11.9298383,79.6550808,,2026-09-30,representative_point
way/776410448,substation,,17.9873071,79.5903086,,2026-09-30,representative_point
way/776715521,substation,,18.2780172,80.4676029,,2026-09-30,representative_point
way/777518480,substation,66000,12.9921259,77.5996826,,2026-09-30,representative_point
way/777690244,substation,66000,13.0151421,77.563776,,2026-09-30,representative_point
way/779438169,substation,230000,8.9616355,77.8919567,,2026-09-30,representative_point
way/779538273,substation,110000,8.3145062,77.271612,,2026-09-30,representative_point
way/779538276,substation,110000,8.3186093,77.2238995,,2026-09-30,representative_point
way/779538278,substation,110000,8.3373354,77.1933894,,2026-09-30,representative_point
way/779884919,substation,220000,17.4313259,81.7869955,,2026-09-30,representative_point
way/779915659,substation,132000,14.8208089,78.6726719,,2026-09-30,representative_point
way/779915673,substation,400000;220000,13.6511737,78.7548333,,2026-09-30,representative_point
way/780004809,substation,220000,17.2611697,80.2646622,,2026-09-30,representative_point
way/780004812,substation,132000,17.2824665,80.4269828,,2026-09-30,representative_point
way/780040665,substation,220000,17.2128116,81.8394059,,2026-09-30,representative_point
way/780040680,substation,132000,17.6578062,79.4153233,,2026-09-30,representative_point
way/780040694,substation,400000;220000,18.6077967,79.1001677,,2026-09-30,representative_point
way/780040706,substation,400000,18.2903617,78.915861,,2026-09-30,representative_point
way/780040707,substation,400000,18.1699823,78.8717428,,2026-09-30,representative_point
way/780040712,substation,132000,18.1792482,78.8492364,,2026-09-30,representative_point
way/780040730,substation,400000;220000,16.6131357,78.6714507,,2026-09-30,representative_point
way/780175599,substation,132000,17.4265199,79.5865971,,2026-09-30,representative_point
way/780175606,substation,132000,17.5231983,79.5239438,,2026-09-30,representative_point
way/780175609,substation,132000,17.5080928,79.5611574,,2026-09-30,representative_point
way/780175616,substation,220000;132000,17.5281659,79.5536917,,2026-09-30,representative_point
way/780186485,substation,132000,17.4255436,80.1504631,,2026-09-30,representative_point
way/780186488,substation,132000,17.231779,79.9017754,,2026-09-30,representative_point
way/780359526,substation,220000,18.7842844,79.9202575,,2026-09-30,representative_point
way/780359527,substation,220000,18.7170115,79.611201,,2026-09-30,representative_point
way/780359529,substation,400000;220000,18.834904,79.4006664,,2026-09-30,representative_point
way/780359532,substation,400000,18.7141726,79.2322572,,2026-09-30,representative_point
way/780359536,substation,132000,18.3252099,79.3721585,,2026-09-30,representative_point
way/780359537,substation,132000,18.0789211,79.1429423,,2026-09-30,representative_point
way/780359544,substation,132000,17.8925325,79.1582939,,2026-09-30,representative_point
way/780359545,substation,132000,17.847709,79.1391214,,2026-09-30,representative_point
way/780359547,substation,400000;220000,17.7580948,79.109078,,2026-09-30,representative_point
way/780359550,substation,132000,17.8588697,79.5579685,,2026-09-30,representative_point
way/780359554,substation,132000,17.4500455,79.8129313,,2026-09-30,representative_point
way/780359555,substation,132000,17.5884965,79.7692233,,2026-09-30,representative_point
way/781680963,substation,220000;66000,12.8742135,77.5653809,,2026-09-30,representative_point
way/781691024,substation,,12.8131522,77.5097063,,2026-09-30,representative_point
way/781700156,substation,,12.904298,77.6643139,,2026-09-30,representative_point
way/781773648,substation,,13.0772398,77.6351489,,2026-09-30,representative_point
way/783629017,substation,,9.9145306,76.3821525,,2026-09-30,representative_point
way/791256527,substation,,11.2369463,75.8054999,,2026-09-30,representative_point
way/792790112,substation,,13.0227281,77.5761702,,2026-09-30,representative_point
way/792790150,substation,,13.0190608,77.5722329,,2026-09-30,representative_point
way/793420338,substation,,17.4680494,78.3302021,,2026-09-30,representative_point
way/795856771,substation,,11.8333467,75.9705646,,2026-09-30,representative_point
way/797847887,substation,,9.7902354,76.8592919,,2026-09-30,representative_point
way/797847888,substation,,9.7887916,76.8603797,,2026-09-30,representative_point
way/797914099,substation,,10.3809437,76.2666429,,2026-09-30,representative_point
way/797937499,substation,,9.938254,76.3271825,,2026-09-30,representative_point
way/798016241,substation,,8.6568558,77.0751324,,2026-09-30,representative_point
way/798235903,substation,,8.6820232,77.1334351,,2026-09-30,representative_point
way/798282610,transformer,,10.1721085,76.3728614,,2026-09-30,representative_point
way/798623099,substation,,11.0538215,76.0912791,,2026-09-30,representative_point
way/798626148,substation,,9.4845984,76.7674259,,2026-09-30,representative_point
way/798630503,substation,,11.9603869,75.4962633,,2026-09-30,representative_point
way/798710052,substation,,8.1626924,77.6314586,,2026-09-30,representative_point
way/798788006,substation,,9.2526548,76.521389,,2026-09-30,representative_point
way/798822550,substation,110000,10.014249,76.940061,,2026-09-30,representative_point
way/798852265,substation,,8.1615174,77.6300479,,2026-09-30,representative_point
way/798852269,substation,,8.1655658,77.6397099,,2026-09-30,representative_point
way/798863309,substation,66000,8.5077465,76.9473534,,2026-09-30,representative_point
way/799108465,substation,66000,9.5518024,76.324709,,2026-09-30,representative_point
way/799118747,substation,,9.1258398,76.5599605,,2026-09-30,representative_point
way/799119027,substation,,9.6354105,76.5201541,,2026-09-30,representative_point
way/799155393,substation,,9.0122548,76.6596126,,2026-09-30,representative_point
way/799295647,substation,110000,9.7616023,76.4129056,,2026-09-30,representative_point
way/799315468,substation,,9.5280235,76.8211522,,2026-09-30,representative_point
way/799426596,substation,,9.5333565,76.5258822,,2026-09-30,representative_point
way/799578205,substation,,12.0265489,75.2632445,,2026-09-30,representative_point
way/800425340,substation,,12.3089624,75.0925731,,2026-09-30,representative_point
way/800425341,substation,,12.30891,75.0924995,,2026-09-30,representative_point
way/800436267,substation,,10.0261183,76.3347245,,2026-09-30,representative_point
way/800453758,substation,,10.9988106,76.4705098,,2026-09-30,representative_point
way/800590127,substation,,9.976685,76.4537848,,2026-09-30,representative_point
way/800654397,substation,,11.263123,75.769322,,2026-09-30,representative_point
way/800665084,substation,,12.1225986,75.1825842,,2026-09-30,representative_point
way/801307393,substation,220000;66000;11000,13.1510159,77.7007896,,2026-09-30,representative_point
way/801307408,substation,220000;66000;11000,13.1713574,77.7346105,,2026-09-30,representative_point
way/801380953,substation,,17.5253352,82.9741823,,2026-09-30,representative_point
way/801380965,substation,400000,17.5993957,83.0895863,,2026-09-30,representative_point
way/801380991,substation,,17.6195244,83.1667702,,2026-09-30,representative_point
way/801381007,substation,,17.7077116,83.17569,,2026-09-30,representative_point
way/801381010,substation,,17.6993535,83.1707405,,2026-09-30,representative_point
way/801381013,substation,,17.6968533,83.1749941,,2026-09-30,representative_point
way/801381018,substation,,17.7093964,83.1590034,,2026-09-30,representative_point
way/801381019,substation,,17.7063751,83.1542674,,2026-09-30,representative_point
way/801381020,substation,132000,17.7067804,83.1537182,,2026-09-30,representative_point
way/801649557,substation,,17.6053247,82.8750524,,2026-09-30,representative_point
way/801664289,substation,,18.067285,83.5314753,,2026-09-30,representative_point
way/801695684,substation,220000;33000,12.3443367,75.1449381,,2026-09-30,representative_point
way/801697168,substation,,17.2095224,78.6715618,,2026-09-30,representative_point
way/801697175,substation,,17.2633831,78.6713115,,2026-09-30,representative_point
way/801697188,substation,,17.2391546,78.9295279,,2026-09-30,representative_point
way/801704852,substation,,17.1948249,78.4945528,,2026-09-30,representative_point
way/801704856,substation,,17.1704072,78.4711946,,2026-09-30,representative_point
way/801704861,substation,,17.1665717,78.4756382,,2026-09-30,representative_point
way/801704865,substation,400000;220000,17.0591027,78.5325238,,2026-09-30,representative_point
way/801790615,substation,,16.7113456,78.4718006,,2026-09-30,representative_point
way/801790617,substation,,16.8258079,78.5366812,,2026-09-30,representative_point
way/801790618,substation,,16.8193084,78.518504,,2026-09-30,representative_point
way/801790620,substation,,16.8708015,78.532342,,2026-09-30,representative_point
way/801790624,substation,,17.0960876,78.5738835,,2026-09-30,representative_point
way/801793555,substation,,17.6670391,79.0306213,,2026-09-30,representative_point
way/801793558,substation,,17.3844311,78.5785988,,2026-09-30,representative_point
way/802000180,substation,110000,10.4017855,76.1191797,,2026-09-30,representative_point
way/802167472,substation,,19.1312331,78.2511998,,2026-09-30,representative_point
way/802184339,substation,,9.7566382,76.4815156,,2026-09-30,representative_point
way/802647903,substation,110000,12.0432889,75.5042527,,2026-09-30,representative_point
way/803427262,substation,400000;320000,10.5517134,76.2657632,,2026-09-30,representative_point
way/803435122,substation,33000,11.5272623,75.6350793,,2026-09-30,representative_point
way/803457953,substation,,14.276996,79.6140568,,2026-09-30,representative_point
way/803806080,substation,,11.5276671,75.7053394,,2026-09-30,representative_point
way/804329541,substation,220000,9.8910816,76.4892777,,2026-09-30,representative_point
way/804900884,substation,,8.5673346,77.0221003,,2026-09-30,representative_point
way/804900887,substation,,8.5746413,77.0187548,,2026-09-30,representative_point
way/804900888,substation,,8.5327964,76.9955151,,2026-09-30,representative_point
way/804911227,substation,,11.8114138,75.9961503,,2026-09-30,representative_point
way/805234034,substation,,10.7537354,76.5250759,,2026-09-30,representative_point
way/806129699,substation,110000,8.5065804,76.8943794,,2026-09-30,representative_point
way/806401102,substation,,11.0981059,76.6231206,,2026-09-30,representative_point
way/810059134,substation,132000,16.104451,79.8219762,,2026-09-30,representative_point
way/815452312,substation,,16.1287943,80.9607781,,2026-09-30,representative_point
way/817276425,substation,,8.339802,77.0556447,,2026-09-30,representative_point
way/817356432,substation,220000,18.7050053,79.216935,,2026-09-30,representative_point
way/818850690,substation,,9.9276718,78.0994031,,2026-09-30,representative_point
way/819240869,substation,400000,18.7509143,79.4764441,,2026-09-30,representative_point
way/825287981,substation,,15.7789512,79.4041896,,2026-09-30,representative_point
way/826405377,substation,,8.9755167,76.7277654,,2026-09-30,representative_point
way/827901538,substation,220000;132000,17.2546226,81.6604409,,2026-09-30,representative_point
way/827910890,substation,220000,17.1922139,82.0694375,,2026-09-30,representative_point
way/828968192,substation,,10.6403977,78.5775742,,2026-09-30,representative_point
way/829120346,substation,,10.5945952,78.4280404,,2026-09-30,representative_point
way/829788742,substation,33000,12.0768096,75.2894048,,2026-09-30,representative_point
way/834024661,substation,110000,10.8969201,76.0446931,,2026-09-30,representative_point
way/834348624,substation,220000,8.766641,78.1749205,,2026-09-30,representative_point
way/835765768,substation,,9.1314419,76.716816,,2026-09-30,representative_point
way/836180486,substation,,9.3602188,76.793572,,2026-09-30,representative_point
way/837017354,substation,,16.7195595,81.6731426,,2026-09-30,representative_point
way/840910470,substation,,10.4850149,77.164995,,2026-09-30,representative_point
way/840910503,substation,,10.0830899,76.5548292,,2026-09-30,representative_point
way/840971195,substation,,12.6569756,79.9973875,,2026-09-30,representative_point
way/840971225,substation,,12.7820712,80.028256,,2026-09-30,representative_point
way/840971234,substation,,12.7871629,80.0219979,,2026-09-30,representative_point
way/840971238,substation,,12.7681499,80.0229154,,2026-09-30,representative_point
way/840971242,substation,,12.7371122,79.9973957,,2026-09-30,representative_point
way/840971248,substation,,12.732517,80.016181,,2026-09-30,representative_point
way/840971251,substation,,12.7273702,80.0146414,,2026-09-30,representative_point
way/840971256,substation,,12.7280334,80.0251378,,2026-09-30,representative_point
way/841027985,substation,,12.9429428,77.6673442,,2026-09-30,representative_point
way/841058214,substation,,12.8368297,77.6637562,,2026-09-30,representative_point
way/842774668,substation,132000,18.3776789,83.4662354,,2026-09-30,representative_point
way/842774672,substation,220000;132000,18.1624221,83.6251616,,2026-09-30,representative_point
way/842774673,substation,132000,18.3790589,83.3399549,,2026-09-30,representative_point
way/842774674,substation,132000,18.5397047,83.3417136,,2026-09-30,representative_point
way/844928330,substation,400000;220000,13.1459449,77.6737529,,2026-09-30,representative_point
way/845714172,substation,,17.5205324,78.3928357,,2026-09-30,representative_point
way/848334501,substation,,8.5830997,77.0836781,,2026-09-30,representative_point
way/852373492,substation,220000,17.5534877,78.4018037,,2026-09-30,representative_point
way/852706608,substation,,13.2572193,77.5458572,,2026-09-30,representative_point
way/852788381,substation,220000;66000,13.6979781,77.8573957,,2026-09-30,representative_point
way/852788386,substation,,13.4085039,77.72839,,2026-09-30,representative_point
way/863280025,substation,,12.9800975,80.2202918,,2026-09-30,representative_point
way/863780720,substation,,10.8055946,76.726963,,2026-09-30,representative_point
way/864902008,substation,,9.1761944,76.5760526,,2026-09-30,representative_point
way/866253079,substation,,9.9490208,76.5749377,,2026-09-30,representative_point
way/866303074,substation,220000,17.8913469,83.2384783,,2026-09-30,representative_point
way/866303075,substation,,16.4279177,81.0250538,,2026-09-30,representative_point
way/866303076,substation,132000,16.47691,81.1810677,,2026-09-30,representative_point
way/866952620,substation,,11.8945271,75.6754468,,2026-09-30,representative_point
way/872846585,substation,,17.5290026,78.396758,,2026-09-30,representative_point
way/876239833,substation,,11.8139005,77.8960182,,2026-09-30,representative_point
way/880582893,substation,,11.7652353,75.5039845,,2026-09-30,representative_point
way/883090304,substation,,17.4842914,78.3994487,,2026-09-30,representative_point
way/884121278,substation,66000,9.6977766,76.3172483,,2026-09-30,representative_point
way/890228234,substation,220000,10.0535144,76.6123733,,2026-09-30,representative_point
way/891434809,substation,,11.8427378,75.4226125,,2026-09-30,representative_point
way/891811970,substation,,11.0482313,75.9463786,,2026-09-30,representative_point
way/892117511,substation,,13.0805955,80.2717839,,2026-09-30,representative_point
way/892244316,substation,,11.0068642,76.3545285,,2026-09-30,representative_point
way/893976480,substation,110000,11.6083395,75.6030511,,2026-09-30,representative_point
way/895819018,substation,,10.0920353,76.3590848,,2026-09-30,representative_point
way/896409182,substation,,17.4899935,78.3877043,,2026-09-30,representative_point
way/900586253,substation,220000,11.6653076,75.5977664,,2026-09-30,representative_point
way/904381511,substation,,8.7791701,76.8811096,,2026-09-30,representative_point
way/906231796,substation,,9.592569,76.5258554,,2026-09-30,representative_point
way/906338502,substation,,12.4133808,77.2032551,,2026-09-30,representative_point
way/906369757,substation,,11.0061157,77.1870536,,2026-09-30,representative_point
way/906369773,substation,,11.1076502,77.1370896,,2026-09-30,representative_point
way/906390047,substation,,10.0005443,78.2601321,,2026-09-30,representative_point
way/906600528,substation,,10.4819626,77.9369331,,2026-09-30,representative_point
way/906642777,substation,110000,10.5591942,77.9421707,,2026-09-30,representative_point
way/906657542,substation,,10.6652919,77.2776519,,2026-09-30,representative_point
way/906795402,substation,,10.1681725,77.8275213,,2026-09-30,representative_point
way/906795412,substation,,10.4222112,77.8849785,,2026-09-30,representative_point
way/906807480,substation,,9.3259671,77.7682283,,2026-09-30,representative_point
way/906807485,substation,,9.4631558,77.7568665,,2026-09-30,representative_point
way/906837200,substation,,9.502368,78.1615467,,2026-09-30,representative_point
way/906854726,substation,,10.0032209,76.3420244,,2026-09-30,representative_point
way/906854727,substation,220000,9.9983853,76.3421873,,2026-09-30,representative_point
way/906886630,substation,,10.0618047,76.3250538,,2026-09-30,representative_point
way/906886631,substation,,10.045514,76.3379014,,2026-09-30,representative_point
way/906892159,substation,,11.1498459,75.8898791,,2026-09-30,representative_point
way/906892166,substation,,10.126908,76.2008353,,2026-09-30,representative_point
way/906897580,substation,,11.9254359,75.3426209,,2026-09-30,representative_point
way/906897581,substation,,11.9274793,75.3437606,,2026-09-30,representative_point
way/906897585,substation,110000,11.3119696,75.7591586,,2026-09-30,representative_point
way/906897592,substation,,11.2067661,75.8082283,,2026-09-30,representative_point
way/906897594,substation,,11.2022738,75.8115482,,2026-09-30,representative_point
way/906978897,substation,,9.1755025,76.5026736,,2026-09-30,representative_point
way/908100141,substation,110000,8.8595044,76.6753313,,2026-09-30,representative_point
way/910137992,substation,110000,17.2508464,75.6606294,,2026-09-30,representative_point
way/910151268,substation,765000;400000,13.2063761,80.2972717,,2026-09-30,representative_point
way/922005179,substation,220000,9.4266175,76.346632,,2026-09-30,representative_point
way/923332478,substation,110000,11.200045,77.7565768,,2026-09-30,representative_point
way/923365745,substation,765000;400000,16.2175759,79.9470833,,2026-09-30,representative_point
way/923966209,substation,,13.2899537,79.6207994,,2026-09-30,representative_point
way/929227996,substation,110000,10.6850519,75.9935835,,2026-09-30,representative_point
way/937944142,substation,110000,10.1154396,76.4592807,,2026-09-30,representative_point
way/940739948,substation,,8.922102,76.7716031,,2026-09-30,representative_point
way/943581646,substation,,10.4396188,76.1265651,,2026-09-30,representative_point
way/947806083,substation,,12.2122838,75.1549673,,2026-09-30,representative_point
way/948713954,substation,,12.1166959,75.2196556,,2026-09-30,representative_point
way/954930585,substation,,9.2311515,76.842913,,2026-09-30,representative_point
way/955282081,substation,,10.1799922,76.2673334,,2026-09-30,representative_point
way/955851710,substation,33000,10.4252352,76.1585205,,2026-09-30,representative_point
way/957534138,substation,,10.6998084,76.7521445,,2026-09-30,representative_point
way/958872453,substation,230000;110000,12.5452299,79.5795161,,2026-09-30,representative_point
way/958872464,substation,110000,12.0247764,79.0676379,,2026-09-30,representative_point
way/958872469,substation,230000;110000,11.8739918,78.9076093,,2026-09-30,representative_point
way/958872470,substation,110000,11.9639543,78.8815637,,2026-09-30,representative_point
way/958872477,substation,110000,11.637103,78.8498156,,2026-09-30,representative_point
way/958874759,substation,110000,13.1321751,80.0977466,,2026-09-30,representative_point
way/959123779,substation,110000,12.8804933,80.2053577,,2026-09-30,representative_point
way/959123795,substation,110000,12.8727518,79.8230472,,2026-09-30,representative_point
way/959794812,substation,132000,17.2479267,78.9071721,,2026-09-30,representative_point
way/959794813,substation,132000,17.280687,79.0891537,,2026-09-30,representative_point
way/959794816,substation,132000,17.0584667,79.8262511,,2026-09-30,representative_point
way/960080905,substation,66000,13.0688133,78.0432768,,2026-09-30,representative_point
way/960080907,substation,66000,13.1259159,77.9895334,,2026-09-30,representative_point
way/960080908,substation,66000,13.0645517,78.0029363,,2026-09-30,representative_point
way/963561305,substation,,10.0916663,76.2643741,,2026-09-30,representative_point
way/964517521,substation,230000,8.936119,77.9167689,,2026-09-30,representative_point
way/964570417,substation,,10.8127761,76.822845,,2026-09-30,representative_point
way/965216886,substation,66000;11000,13.0022117,77.6191082,,2026-09-30,representative_point
way/965348469,substation,,10.8478487,76.8344077,,2026-09-30,representative_point
way/966264092,substation,,8.5449012,76.9070363,,2026-09-30,representative_point
way/970517594,substation,220000;66000,12.339897,77.1329552,,2026-09-30,representative_point
way/971722842,substation,220000;66000,12.650116,77.2049725,,2026-09-30,representative_point
way/971915555,substation,,17.4902307,78.3535085,,2026-09-30,representative_point
way/972088925,substation,,9.4544348,76.3339107,,2026-09-30,representative_point
way/975046231,substation,,10.7903792,76.7428077,,2026-09-30,representative_point
way/976714830,substation,,10.3321155,76.2149104,,2026-09-30,representative_point
way/976716073,substation,110000,10.3319094,76.2147643,,2026-09-30,representative_point
way/976716074,substation,,10.3321742,76.2147029,,2026-09-30,representative_point
way/976874610,substation,,17.6543328,83.1554026,,2026-09-30,representative_point
way/976874611,substation,,17.6543169,83.1554705,,2026-09-30,representative_point
way/976874615,substation,,17.6510213,83.1530807,,2026-09-30,representative_point
way/978157415,substation,110000,15.8589206,74.4402488,,2026-09-30,representative_point
way/978157554,substation,110000,15.8208624,74.4837186,,2026-09-30,representative_point
way/981298064,substation,110000,10.7035485,76.3407024,,2026-09-30,representative_point
way/982784301,substation,,11.2959678,75.9189751,,2026-09-30,representative_point
way/983169570,substation,,9.0889565,76.7663644,,2026-09-30,representative_point
way/98716274,substation,,10.8301109,76.0230596,,2026-09-30,representative_point
way/988501388,substation,,10.5740863,76.0761781,,2026-09-30,representative_point
way/992479892,substation,110000,15.9587499,74.5231238,,2026-09-30,representative_point
way/992975207,substation,110000,15.972053,74.6660299,,2026-09-30,representative_point
way/993370471,substation,,16.0340757,74.695333,,2026-09-30,representative_point
way/993379134,substation,110000,15.8177315,74.568421,,2026-09-30,representative_point
way/993381903,substation,110000,15.8276303,74.5267242,,2026-09-30,representative_point
way/995868194,substation,,12.1822448,78.8516302,,2026-09-30,representative_point
way/997337801,substation,220000;66000,13.7585588,76.8770457,,2026-09-30,representative_point
