state,cea_state_name,report_month,span,span_start,pcs_kwh,heavy_duty_pcs_kwh,other_kwh,total_kwh,source_url,source_sha256,notes
ANDHRA PRADESH,Andhra Pradesh,2024-04,month,2024-04-01,100000,1780000,,1880000,https://cea.nic.in/wp-content/uploads/ev_charging_rep/2024/10/EV_report_April_2024.pdf,d39fa56360b13fc38ed55ff0953a48c3376a91a951df7284972454090c3c3db9,
ASSAM,Assam,2024-04,month,2024-04-01,200000,800000,,1000000,https://cea.nic.in/wp-content/uploads/ev_charging_rep/2024/10/EV_report_April_2024.pdf,d39fa56360b13fc38ed55ff0953a48c3376a91a951df7284972454090c3c3db9,
BIHAR,Bihar,2024-04,month,2024-04-01,460000,230000,,700000,https://cea.nic.in/wp-content/uploads/ev_charging_rep/2024/10/EV_report_April_2024.pdf,d39fa56360b13fc38ed55ff0953a48c3376a91a951df7284972454090c3c3db9,
CHANDIGARH,Chandigarh,2024-04,month,2024-04-01,20000,460000,,480000,https://cea.nic.in/wp-content/uploads/ev_charging_rep/2024/10/EV_report_April_2024.pdf,d39fa56360b13fc38ed55ff0953a48c3376a91a951df7284972454090c3c3db9,
DELHI,Delhi,2024-04,month,2024-04-01,11320000,12660000,,23980000,https://cea.nic.in/wp-content/uploads/ev_charging_rep/2024/10/EV_report_April_2024.pdf,d39fa56360b13fc38ed55ff0953a48c3376a91a951df7284972454090c3c3db9,
GUJARAT,Gujarat,2024-04,month,2024-04-01,170000,4180000,,4340000,https://cea.nic.in/wp-content/uploads/ev_charging_rep/2024/10/EV_report_April_2024.pdf,d39fa56360b13fc38ed55ff0953a48c3376a91a951df7284972454090c3c3db9,
HARYANA,Haryana,2024-04,month,2024-04-01,1410000,0,,1410000,https://cea.nic.in/wp-content/uploads/ev_charging_rep/2024/10/EV_report_April_2024.pdf,d39fa56360b13fc38ed55ff0953a48c3376a91a951df7284972454090c3c3db9,
India,India,2024-04,month,2024-04-01,18820000,34040000,,52860000,https://cea.nic.in/wp-content/uploads/ev_charging_rep/2024/10/EV_report_April_2024.pdf,d39fa56360b13fc38ed55ff0953a48c3376a91a951df7284972454090c3c3db9,
KARNATAKA,Karnataka,2024-04,month,2024-04-01,400000,290000,,690000,https://cea.nic.in/wp-content/uploads/ev_charging_rep/2024/10/EV_report_April_2024.pdf,d39fa56360b13fc38ed55ff0953a48c3376a91a951df7284972454090c3c3db9,
KERALA,Kerala,2024-04,month,2024-04-01,960000,0,,960000,https://cea.nic.in/wp-content/uploads/ev_charging_rep/2024/10/EV_report_April_2024.pdf,d39fa56360b13fc38ed55ff0953a48c3376a91a951df7284972454090c3c3db9,
MADHYA PRADESH,Madhya Pradesh,2024-04,month,2024-04-01,50000,260000,,310000,https://cea.nic.in/wp-content/uploads/ev_charging_rep/2024/10/EV_report_April_2024.pdf,d39fa56360b13fc38ed55ff0953a48c3376a91a951df7284972454090c3c3db9,
MAHARASHTRA,Maharashtra,2024-04,month,2024-04-01,1690000,12250000,,13940000,https://cea.nic.in/wp-content/uploads/ev_charging_rep/2024/10/EV_report_April_2024.pdf,d39fa56360b13fc38ed55ff0953a48c3376a91a951df7284972454090c3c3db9,
ODISHA,Odisha,2024-04,month,2024-04-01,10000,60000,,70000,https://cea.nic.in/wp-content/uploads/ev_charging_rep/2024/10/EV_report_April_2024.pdf,d39fa56360b13fc38ed55ff0953a48c3376a91a951df7284972454090c3c3db9,
RAJASTHAN,Rajasthan,2024-04,month,2024-04-01,520000,170000,,680000,https://cea.nic.in/wp-content/uploads/ev_charging_rep/2024/10/EV_report_April_2024.pdf,d39fa56360b13fc38ed55ff0953a48c3376a91a951df7284972454090c3c3db9,
TAMIL NADU,Tamil Naidu,2024-04,month,2024-04-01,1030000,0,,1030000,https://cea.nic.in/wp-content/uploads/ev_charging_rep/2024/10/EV_report_April_2024.pdf,d39fa56360b13fc38ed55ff0953a48c3376a91a951df7284972454090c3c3db9,
TELANGANA,Telangana,2024-04,month,2024-04-01,360000,650000,,1010000,https://cea.nic.in/wp-content/uploads/ev_charging_rep/2024/10/EV_report_April_2024.pdf,d39fa56360b13fc38ed55ff0953a48c3376a91a951df7284972454090c3c3db9,
UTTAR PRADESH,Uttar Pradesh,2024-04,month,2024-04-01,10000,0,,10000,https://cea.nic.in/wp-content/uploads/ev_charging_rep/2024/10/EV_report_April_2024.pdf,d39fa56360b13fc38ed55ff0953a48c3376a91a951df7284972454090c3c3db9,
WEST BENGAL,West Bengal,2024-04,month,2024-04-01,110000,250000,,360000,https://cea.nic.in/wp-content/uploads/ev_charging_rep/2024/10/EV_report_April_2024.pdf,d39fa56360b13fc38ed55ff0953a48c3376a91a951df7284972454090c3c3db9,
ANDHRA PRADESH,Andhra Pradesh,2024-05,fy_to_date,2024-04-01,200000,3630000,,3820000,https://cea.nic.in/wp-content/uploads/ev_charging_rep/2024/10/EV_report_May_2024-1.pdf,5eaebbb4525223be14c90fe0f44896ec27e626df41d0a0b837d4fc8c383f4530,
ASSAM,Assam,2024-05,fy_to_date,2024-04-01,540000,1600000,,2140000,https://cea.nic.in/wp-content/uploads/ev_charging_rep/2024/10/EV_report_May_2024-1.pdf,5eaebbb4525223be14c90fe0f44896ec27e626df41d0a0b837d4fc8c383f4530,
BIHAR,Bihar,2024-05,fy_to_date,2024-04-01,990000,470000,,1460000,https://cea.nic.in/wp-content/uploads/ev_charging_rep/2024/10/EV_report_May_2024-1.pdf,5eaebbb4525223be14c90fe0f44896ec27e626df41d0a0b837d4fc8c383f4530,
CHANDIGARH,Chandigarh,2024-05,fy_to_date,2024-04-01,60000,1040000,,1100000,https://cea.nic.in/wp-content/uploads/ev_charging_rep/2024/10/EV_report_May_2024-1.pdf,5eaebbb4525223be14c90fe0f44896ec27e626df41d0a0b837d4fc8c383f4530,
DELHI,Delhi,2024-05,fy_to_date,2024-04-01,23070000,29980000,,53050000,https://cea.nic.in/wp-content/uploads/ev_charging_rep/2024/10/EV_report_May_2024-1.pdf,5eaebbb4525223be14c90fe0f44896ec27e626df41d0a0b837d4fc8c383f4530,
GUJARAT,Gujarat,2024-05,fy_to_date,2024-04-01,360000,8420000,,8780000,https://cea.nic.in/wp-content/uploads/ev_charging_rep/2024/10/EV_report_May_2024-1.pdf,5eaebbb4525223be14c90fe0f44896ec27e626df41d0a0b837d4fc8c383f4530,
HARYANA,Haryana,2024-05,fy_to_date,2024-04-01,3170000,70000,,3240000,https://cea.nic.in/wp-content/uploads/ev_charging_rep/2024/10/EV_report_May_2024-1.pdf,5eaebbb4525223be14c90fe0f44896ec27e626df41d0a0b837d4fc8c383f4530,
India,India,2024-05,fy_to_date,2024-04-01,38720000,73820000,,112540000,https://cea.nic.in/wp-content/uploads/ev_charging_rep/2024/10/EV_report_May_2024-1.pdf,5eaebbb4525223be14c90fe0f44896ec27e626df41d0a0b837d4fc8c383f4530,
KARNATAKA,Karnataka,2024-05,fy_to_date,2024-04-01,750000,580000,,1330000,https://cea.nic.in/wp-content/uploads/ev_charging_rep/2024/10/EV_report_May_2024-1.pdf,5eaebbb4525223be14c90fe0f44896ec27e626df41d0a0b837d4fc8c383f4530,
KERALA,Kerala,2024-05,fy_to_date,2024-04-01,2090000,0,,2090000,https://cea.nic.in/wp-content/uploads/ev_charging_rep/2024/10/EV_report_May_2024-1.pdf,5eaebbb4525223be14c90fe0f44896ec27e626df41d0a0b837d4fc8c383f4530,
MADHYA PRADESH,Madhya Pradesh,2024-05,fy_to_date,2024-04-01,90000,520000,,610000,https://cea.nic.in/wp-content/uploads/ev_charging_rep/2024/10/EV_report_May_2024-1.pdf,5eaebbb4525223be14c90fe0f44896ec27e626df41d0a0b837d4fc8c383f4530,
MAHARASHTRA,Maharashtra,2024-05,fy_to_date,2024-04-01,3560000,25240000,,28800000,https://cea.nic.in/wp-content/uploads/ev_charging_rep/2024/10/EV_report_May_2024-1.pdf,5eaebbb4525223be14c90fe0f44896ec27e626df41d0a0b837d4fc8c383f4530,
ODISHA,Odisha,2024-05,fy_to_date,2024-04-01,20000,130000,,140000,https://cea.nic.in/wp-content/uploads/ev_charging_rep/2024/10/EV_report_May_2024-1.pdf,5eaebbb4525223be14c90fe0f44896ec27e626df41d0a0b837d4fc8c383f4530,
RAJASTHAN,Rajasthan,2024-05,fy_to_date,2024-04-01,1050000,320000,,1360000,https://cea.nic.in/wp-content/uploads/ev_charging_rep/2024/10/EV_report_May_2024-1.pdf,5eaebbb4525223be14c90fe0f44896ec27e626df41d0a0b837d4fc8c383f4530,
TAMIL NADU,Tamil Naidu,2024-05,fy_to_date,2024-04-01,1730000,0,,1730000,https://cea.nic.in/wp-content/uploads/ev_charging_rep/2024/10/EV_report_May_2024-1.pdf,5eaebbb4525223be14c90fe0f44896ec27e626df41d0a0b837d4fc8c383f4530,
TELANGANA,Telangana,2024-05,fy_to_date,2024-04-01,780000,1350000,,2130000,https://cea.nic.in/wp-content/uploads/ev_charging_rep/2024/10/EV_report_May_2024-1.pdf,5eaebbb4525223be14c90fe0f44896ec27e626df41d0a0b837d4fc8c383f4530,
UTTAR PRADESH,Uttar Pradesh,2024-05,fy_to_date,2024-04-01,30000,0,,30000,https://cea.nic.in/wp-content/uploads/ev_charging_rep/2024/10/EV_report_May_2024-1.pdf,5eaebbb4525223be14c90fe0f44896ec27e626df41d0a0b837d4fc8c383f4530,
WEST BENGAL,West Bengal,2024-05,fy_to_date,2024-04-01,230000,480000,,710000,https://cea.nic.in/wp-content/uploads/ev_charging_rep/2024/10/EV_report_May_2024-1.pdf,5eaebbb4525223be14c90fe0f44896ec27e626df41d0a0b837d4fc8c383f4530,
ANDHRA PRADESH,Andhra Pradesh,2024-05,month,2024-05-01,100000,1840000,,1940000,https://cea.nic.in/wp-content/uploads/ev_charging_rep/2024/10/EV_report_May_2024-1.pdf,5eaebbb4525223be14c90fe0f44896ec27e626df41d0a0b837d4fc8c383f4530,
ASSAM,Assam,2024-05,month,2024-05-01,340000,800000,,1140000,https://cea.nic.in/wp-content/uploads/ev_charging_rep/2024/10/EV_report_May_2024-1.pdf,5eaebbb4525223be14c90fe0f44896ec27e626df41d0a0b837d4fc8c383f4530,
BIHAR,Bihar,2024-05,month,2024-05-01,530000,240000,,770000,https://cea.nic.in/wp-content/uploads/ev_charging_rep/2024/10/EV_report_May_2024-1.pdf,5eaebbb4525223be14c90fe0f44896ec27e626df41d0a0b837d4fc8c383f4530,
CHANDIGARH,Chandigarh,2024-05,month,2024-05-01,40000,580000,,620000,https://cea.nic.in/wp-content/uploads/ev_charging_rep/2024/10/EV_report_May_2024-1.pdf,5eaebbb4525223be14c90fe0f44896ec27e626df41d0a0b837d4fc8c383f4530,
DELHI,Delhi,2024-05,month,2024-05-01,11750000,17320000,,29070000,https://cea.nic.in/wp-content/uploads/ev_charging_rep/2024/10/EV_report_May_2024-1.pdf,5eaebbb4525223be14c90fe0f44896ec27e626df41d0a0b837d4fc8c383f4530,
GUJARAT,Gujarat,2024-05,month,2024-05-01,190000,4250000,,4440000,https://cea.nic.in/wp-content/uploads/ev_charging_rep/2024/10/EV_report_May_2024-1.pdf,5eaebbb4525223be14c90fe0f44896ec27e626df41d0a0b837d4fc8c383f4530,
HARYANA,Haryana,2024-05,month,2024-05-01,1760000,70000,,1830000,https://cea.nic.in/wp-content/uploads/ev_charging_rep/2024/10/EV_report_May_2024-1.pdf,5eaebbb4525223be14c90fe0f44896ec27e626df41d0a0b837d4fc8c383f4530,
India,India,2024-05,month,2024-05-01,19900000,39780000,,59680000,https://cea.nic.in/wp-content/uploads/ev_charging_rep/2024/10/EV_report_May_2024-1.pdf,5eaebbb4525223be14c90fe0f44896ec27e626df41d0a0b837d4fc8c383f4530,
KARNATAKA,Karnataka,2024-05,month,2024-05-01,350000,290000,,630000,https://cea.nic.in/wp-content/uploads/ev_charging_rep/2024/10/EV_report_May_2024-1.pdf,5eaebbb4525223be14c90fe0f44896ec27e626df41d0a0b837d4fc8c383f4530,
KERALA,Kerala,2024-05,month,2024-05-01,1130000,0,,1130000,https://cea.nic.in/wp-content/uploads/ev_charging_rep/2024/10/EV_report_May_2024-1.pdf,5eaebbb4525223be14c90fe0f44896ec27e626df41d0a0b837d4fc8c383f4530,
MADHYA PRADESH,Madhya Pradesh,2024-05,month,2024-05-01,40000,260000,,310000,https://cea.nic.in/wp-content/uploads/ev_charging_rep/2024/10/EV_report_May_2024-1.pdf,5eaebbb4525223be14c90fe0f44896ec27e626df41d0a0b837d4fc8c383f4530,
MAHARASHTRA,Maharashtra,2024-05,month,2024-05-01,1870000,13000000,,14860000,https://cea.nic.in/wp-content/uploads/ev_charging_rep/2024/10/EV_report_May_2024-1.pdf,5eaebbb4525223be14c90fe0f44896ec27e626df41d0a0b837d4fc8c383f4530,
ODISHA,Odisha,2024-05,month,2024-05-01,10000,60000,,70000,https://cea.nic.in/wp-content/uploads/ev_charging_rep/2024/10/EV_report_May_2024-1.pdf,5eaebbb4525223be14c90fe0f44896ec27e626df41d0a0b837d4fc8c383f4530,
RAJASTHAN,Rajasthan,2024-05,month,2024-05-01,530000,150000,,680000,https://cea.nic.in/wp-content/uploads/ev_charging_rep/2024/10/EV_report_May_2024-1.pdf,5eaebbb4525223be14c90fe0f44896ec27e626df41d0a0b837d4fc8c383f4530,
TAMIL NADU,Tamil Naidu,2024-05,month,2024-05-01,700000,0,,700000,https://cea.nic.in/wp-content/uploads/ev_charging_rep/2024/10/EV_report_May_2024-1.pdf,5eaebbb4525223be14c90fe0f44896ec27e626df41d0a0b837d4fc8c383f4530,
TELANGANA,Telangana,2024-05,month,2024-05-01,420000,700000,,1120000,https://cea.nic.in/wp-content/uploads/ev_charging_rep/2024/10/EV_report_May_2024-1.pdf,5eaebbb4525223be14c90fe0f44896ec27e626df41d0a0b837d4fc8c383f4530,
UTTAR PRADESH,Uttar Pradesh,2024-05,month,2024-05-01,30000,0,,30000,https://cea.nic.in/wp-content/uploads/ev_charging_rep/2024/10/EV_report_May_2024-1.pdf,5eaebbb4525223be14c90fe0f44896ec27e626df41d0a0b837d4fc8c383f4530,
WEST BENGAL,West Bengal,2024-05,month,2024-05-01,120000,230000,,350000,https://cea.nic.in/wp-content/uploads/ev_charging_rep/2024/10/EV_report_May_2024-1.pdf,5eaebbb4525223be14c90fe0f44896ec27e626df41d0a0b837d4fc8c383f4530,
ANDHRA PRADESH,Andhra Pradesh,2024-06,fy_to_date,2024-04-01,310000,5430000,,5740000,https://cea.nic.in/wp-content/uploads/ev_charging_rep/2024/10/EV_Report_June_2024.pdf,6ede083291c0a7bdba5342ea31d7f04db1f04af6b0043e2c06a3922f5db3b374,
ASSAM,Assam,2024-06,fy_to_date,2024-04-01,860000,2510000,,3370000,https://cea.nic.in/wp-content/uploads/ev_charging_rep/2024/10/EV_Report_June_2024.pdf,6ede083291c0a7bdba5342ea31d7f04db1f04af6b0043e2c06a3922f5db3b374,
BIHAR,Bihar,2024-06,fy_to_date,2024-04-01,1560000,710000,,2260000,https://cea.nic.in/wp-content/uploads/ev_charging_rep/2024/10/EV_Report_June_2024.pdf,6ede083291c0a7bdba5342ea31d7f04db1f04af6b0043e2c06a3922f5db3b374,
CHANDIGARH,Chandigarh,2024-06,fy_to_date,2024-04-01,80000,1640000,,1720000,https://cea.nic.in/wp-content/uploads/ev_charging_rep/2024/10/EV_Report_June_2024.pdf,6ede083291c0a7bdba5342ea31d7f04db1f04af6b0043e2c06a3922f5db3b374,
DELHI,Delhi,2024-06,fy_to_date,2024-04-01,35470000,48390000,,83860000,https://cea.nic.in/wp-content/uploads/ev_charging_rep/2024/10/EV_Report_June_2024.pdf,6ede083291c0a7bdba5342ea31d7f04db1f04af6b0043e2c06a3922f5db3b374,
GUJARAT,Gujarat,2024-06,fy_to_date,2024-04-01,660000,13720000,,14380000,https://cea.nic.in/wp-content/uploads/ev_charging_rep/2024/10/EV_Report_June_2024.pdf,6ede083291c0a7bdba5342ea31d7f04db1f04af6b0043e2c06a3922f5db3b374,
HARYANA,Haryana,2024-06,fy_to_date,2024-04-01,5300000,110000,,5410000,https://cea.nic.in/wp-content/uploads/ev_charging_rep/2024/10/EV_Report_June_2024.pdf,6ede083291c0a7bdba5342ea31d7f04db1f04af6b0043e2c06a3922f5db3b374,
India,India,2024-06,fy_to_date,2024-04-01,60110000,115560000,,175670000,https://cea.nic.in/wp-content/uploads/ev_charging_rep/2024/10/EV_Report_June_2024.pdf,6ede083291c0a7bdba5342ea31d7f04db1f04af6b0043e2c06a3922f5db3b374,
KARNATAKA,Karnataka,2024-06,fy_to_date,2024-04-01,1110000,870000,,1980000,https://cea.nic.in/wp-content/uploads/ev_charging_rep/2024/10/EV_Report_June_2024.pdf,6ede083291c0a7bdba5342ea31d7f04db1f04af6b0043e2c06a3922f5db3b374,
KERALA,Kerala,2024-06,fy_to_date,2024-04-01,3210000,0,,3210000,https://cea.nic.in/wp-content/uploads/ev_charging_rep/2024/10/EV_Report_June_2024.pdf,6ede083291c0a7bdba5342ea31d7f04db1f04af6b0043e2c06a3922f5db3b374,
MADHYA PRADESH,Madhya Pradesh,2024-06,fy_to_date,2024-04-01,150000,790000,,940000,https://cea.nic.in/wp-content/uploads/ev_charging_rep/2024/10/EV_Report_June_2024.pdf,6ede083291c0a7bdba5342ea31d7f04db1f04af6b0043e2c06a3922f5db3b374,
MAHARASHTRA,Maharashtra,2024-06,fy_to_date,2024-04-01,5320000,37970000,,43280000,https://cea.nic.in/wp-content/uploads/ev_charging_rep/2024/10/EV_Report_June_2024.pdf,6ede083291c0a7bdba5342ea31d7f04db1f04af6b0043e2c06a3922f5db3b374,
ODISHA,Odisha,2024-06,fy_to_date,2024-04-01,20000,190000,,210000,https://cea.nic.in/wp-content/uploads/ev_charging_rep/2024/10/EV_Report_June_2024.pdf,6ede083291c0a7bdba5342ea31d7f04db1f04af6b0043e2c06a3922f5db3b374,
RAJASTHAN,Rajasthan,2024-06,fy_to_date,2024-04-01,1650000,480000,,2130000,https://cea.nic.in/wp-content/uploads/ev_charging_rep/2024/10/EV_Report_June_2024.pdf,6ede083291c0a7bdba5342ea31d7f04db1f04af6b0043e2c06a3922f5db3b374,
TAMIL NADU,Tamil Naidu,2024-06,fy_to_date,2024-04-01,2810000,0,,2810000,https://cea.nic.in/wp-content/uploads/ev_charging_rep/2024/10/EV_Report_June_2024.pdf,6ede083291c0a7bdba5342ea31d7f04db1f04af6b0043e2c06a3922f5db3b374,
TELANGANA,Telangana,2024-06,fy_to_date,2024-04-01,1170000,2040000,,3200000,https://cea.nic.in/wp-content/uploads/ev_charging_rep/2024/10/EV_Report_June_2024.pdf,6ede083291c0a7bdba5342ea31d7f04db1f04af6b0043e2c06a3922f5db3b374,
UTTAR PRADESH,Uttar Pradesh,2024-06,fy_to_date,2024-04-01,40000,0,,40000,https://cea.nic.in/wp-content/uploads/ev_charging_rep/2024/10/EV_Report_June_2024.pdf,6ede083291c0a7bdba5342ea31d7f04db1f04af6b0043e2c06a3922f5db3b374,
WEST BENGAL,West Bengal,2024-06,fy_to_date,2024-04-01,390000,720000,,1110000,https://cea.nic.in/wp-content/uploads/ev_charging_rep/2024/10/EV_Report_June_2024.pdf,6ede083291c0a7bdba5342ea31d7f04db1f04af6b0043e2c06a3922f5db3b374,
ANDHRA PRADESH,Andhra Pradesh,2024-06,month,2024-06-01,110000,1810000,,1920000,https://cea.nic.in/wp-content/uploads/ev_charging_rep/2024/10/EV_Report_June_2024.pdf,6ede083291c0a7bdba5342ea31d7f04db1f04af6b0043e2c06a3922f5db3b374,
ASSAM,Assam,2024-06,month,2024-06-01,320000,910000,,1230000,https://cea.nic.in/wp-content/uploads/ev_charging_rep/2024/10/EV_Report_June_2024.pdf,6ede083291c0a7bdba5342ea31d7f04db1f04af6b0043e2c06a3922f5db3b374,
BIHAR,Bihar,2024-06,month,2024-06-01,560000,230000,,800000,https://cea.nic.in/wp-content/uploads/ev_charging_rep/2024/10/EV_Report_June_2024.pdf,6ede083291c0a7bdba5342ea31d7f04db1f04af6b0043e2c06a3922f5db3b374,
CHANDIGARH,Chandigarh,2024-06,month,2024-06-01,20000,600000,,620000,https://cea.nic.in/wp-content/uploads/ev_charging_rep/2024/10/EV_Report_June_2024.pdf,6ede083291c0a7bdba5342ea31d7f04db1f04af6b0043e2c06a3922f5db3b374,
DELHI,Delhi,2024-06,month,2024-06-01,12400000,18410000,,30820000,https://cea.nic.in/wp-content/uploads/ev_charging_rep/2024/10/EV_Report_June_2024.pdf,6ede083291c0a7bdba5342ea31d7f04db1f04af6b0043e2c06a3922f5db3b374,
GUJARAT,Gujarat,2024-06,month,2024-06-01,300000,5290000,,5590000,https://cea.nic.in/wp-content/uploads/ev_charging_rep/2024/10/EV_Report_June_2024.pdf,6ede083291c0a7bdba5342ea31d7f04db1f04af6b0043e2c06a3922f5db3b374,
HARYANA,Haryana,2024-06,month,2024-06-01,2130000,40000,,2170000,https://cea.nic.in/wp-content/uploads/ev_charging_rep/2024/10/EV_Report_June_2024.pdf,6ede083291c0a7bdba5342ea31d7f04db1f04af6b0043e2c06a3922f5db3b374,
India,India,2024-06,month,2024-06-01,21390000,41740000,,63130000,https://cea.nic.in/wp-content/uploads/ev_charging_rep/2024/10/EV_Report_June_2024.pdf,6ede083291c0a7bdba5342ea31d7f04db1f04af6b0043e2c06a3922f5db3b374,
KARNATAKA,Karnataka,2024-06,month,2024-06-01,360000,290000,,650000,https://cea.nic.in/wp-content/uploads/ev_charging_rep/2024/10/EV_Report_June_2024.pdf,6ede083291c0a7bdba5342ea31d7f04db1f04af6b0043e2c06a3922f5db3b374,
KERALA,Kerala,2024-06,month,2024-06-01,1120000,0,,1120000,https://cea.nic.in/wp-content/uploads/ev_charging_rep/2024/10/EV_Report_June_2024.pdf,6ede083291c0a7bdba5342ea31d7f04db1f04af6b0043e2c06a3922f5db3b374,
MADHYA PRADESH,Madhya Pradesh,2024-06,month,2024-06-01,50000,270000,,330000,https://cea.nic.in/wp-content/uploads/ev_charging_rep/2024/10/EV_Report_June_2024.pdf,6ede083291c0a7bdba5342ea31d7f04db1f04af6b0043e2c06a3922f5db3b374,
MAHARASHTRA,Maharashtra,2024-06,month,2024-06-01,1760000,12720000,,14480000,https://cea.nic.in/wp-content/uploads/ev_charging_rep/2024/10/EV_Report_June_2024.pdf,6ede083291c0a7bdba5342ea31d7f04db1f04af6b0043e2c06a3922f5db3b374,
ODISHA,Odisha,2024-06,month,2024-06-01,10000,60000,,70000,https://cea.nic.in/wp-content/uploads/ev_charging_rep/2024/10/EV_Report_June_2024.pdf,6ede083291c0a7bdba5342ea31d7f04db1f04af6b0043e2c06a3922f5db3b374,
RAJASTHAN,Rajasthan,2024-06,month,2024-06-01,610000,160000,,770000,https://cea.nic.in/wp-content/uploads/ev_charging_rep/2024/10/EV_Report_June_2024.pdf,6ede083291c0a7bdba5342ea31d7f04db1f04af6b0043e2c06a3922f5db3b374,
TAMIL NADU,Tamil Naidu,2024-06,month,2024-06-01,1080000,0,,1080000,https://cea.nic.in/wp-content/uploads/ev_charging_rep/2024/10/EV_Report_June_2024.pdf,6ede083291c0a7bdba5342ea31d7f04db1f04af6b0043e2c06a3922f5db3b374,
TELANGANA,Telangana,2024-06,month,2024-06-01,390000,680000,,1070000,https://cea.nic.in/wp-content/uploads/ev_charging_rep/2024/10/EV_Report_June_2024.pdf,6ede083291c0a7bdba5342ea31d7f04db1f04af6b0043e2c06a3922f5db3b374,
UTTAR PRADESH,Uttar Pradesh,2024-06,month,2024-06-01,10000,0,,10000,https://cea.nic.in/wp-content/uploads/ev_charging_rep/2024/10/EV_Report_June_2024.pdf,6ede083291c0a7bdba5342ea31d7f04db1f04af6b0043e2c06a3922f5db3b374,
WEST BENGAL,West Bengal,2024-06,month,2024-06-01,160000,250000,,400000,https://cea.nic.in/wp-content/uploads/ev_charging_rep/2024/10/EV_Report_June_2024.pdf,6ede083291c0a7bdba5342ea31d7f04db1f04af6b0043e2c06a3922f5db3b374,
ANDHRA PRADESH,Andhra Pradesh,2024-07,fy_to_date,2024-04-01,420000,7260000,,7680000,https://cea.nic.in/wp-content/uploads/ev_charging_rep/2024/10/EV_report_July_2024.pdf,5a1b1f9fdc8554444362bfb2d8ef174da468c466973bcd221bffdd24bd3a8088,
ASSAM,Assam,2024-07,fy_to_date,2024-04-01,1420000,3530000,,4950000,https://cea.nic.in/wp-content/uploads/ev_charging_rep/2024/10/EV_report_July_2024.pdf,5a1b1f9fdc8554444362bfb2d8ef174da468c466973bcd221bffdd24bd3a8088,
BIHAR,Bihar,2024-07,fy_to_date,2024-04-01,2170000,930000,,3100000,https://cea.nic.in/wp-content/uploads/ev_charging_rep/2024/10/EV_report_July_2024.pdf,5a1b1f9fdc8554444362bfb2d8ef174da468c466973bcd221bffdd24bd3a8088,
CHANDIGARH,Chandigarh,2024-07,fy_to_date,2024-04-01,150000,2260000,,2410000,https://cea.nic.in/wp-content/uploads/ev_charging_rep/2024/10/EV_report_July_2024.pdf,5a1b1f9fdc8554444362bfb2d8ef174da468c466973bcd221bffdd24bd3a8088,
DELHI,Delhi,2024-07,fy_to_date,2024-04-01,48050000,66870000,,114920000,https://cea.nic.in/wp-content/uploads/ev_charging_rep/2024/10/EV_report_July_2024.pdf,5a1b1f9fdc8554444362bfb2d8ef174da468c466973bcd221bffdd24bd3a8088,
GUJARAT,Gujarat,2024-07,fy_to_date,2024-04-01,1020000,18800000,,19820000,https://cea.nic.in/wp-content/uploads/ev_charging_rep/2024/10/EV_report_July_2024.pdf,5a1b1f9fdc8554444362bfb2d8ef174da468c466973bcd221bffdd24bd3a8088,
HARYANA,Haryana,2024-07,fy_to_date,2024-04-01,7220000,160000,,7370000,https://cea.nic.in/wp-content/uploads/ev_charging_rep/2024/10/EV_report_July_2024.pdf,5a1b1f9fdc8554444362bfb2d8ef174da468c466973bcd221bffdd24bd3a8088,
India,India,2024-07,fy_to_date,2024-04-01,82800000,157010000,,239810000,https://cea.nic.in/wp-content/uploads/ev_charging_rep/2024/10/EV_report_July_2024.pdf,5a1b1f9fdc8554444362bfb2d8ef174da468c466973bcd221bffdd24bd3a8088,
KARNATAKA,Karnataka,2024-07,fy_to_date,2024-04-01,2550000,1160000,,3710000,https://cea.nic.in/wp-content/uploads/ev_charging_rep/2024/10/EV_report_July_2024.pdf,5a1b1f9fdc8554444362bfb2d8ef174da468c466973bcd221bffdd24bd3a8088,
KERALA,Kerala,2024-07,fy_to_date,2024-04-01,4270000,0,,4270000,https://cea.nic.in/wp-content/uploads/ev_charging_rep/2024/10/EV_report_July_2024.pdf,5a1b1f9fdc8554444362bfb2d8ef174da468c466973bcd221bffdd24bd3a8088,
MADHYA PRADESH,Madhya Pradesh,2024-07,fy_to_date,2024-04-01,190000,1040000,,1230000,https://cea.nic.in/wp-content/uploads/ev_charging_rep/2024/10/EV_report_July_2024.pdf,5a1b1f9fdc8554444362bfb2d8ef174da468c466973bcd221bffdd24bd3a8088,
MAHARASHTRA,Maharashtra,2024-07,fy_to_date,2024-04-01,7120000,50330000,,57450000,https://cea.nic.in/wp-content/uploads/ev_charging_rep/2024/10/EV_report_July_2024.pdf,5a1b1f9fdc8554444362bfb2d8ef174da468c466973bcd221bffdd24bd3a8088,
ODISHA,Odisha,2024-07,fy_to_date,2024-04-01,30000,230000,,270000,https://cea.nic.in/wp-content/uploads/ev_charging_rep/2024/10/EV_report_July_2024.pdf,5a1b1f9fdc8554444362bfb2d8ef174da468c466973bcd221bffdd24bd3a8088,
RAJASTHAN,Rajasthan,2024-07,fy_to_date,2024-04-01,2260000,660000,,2920000,https://cea.nic.in/wp-content/uploads/ev_charging_rep/2024/10/EV_report_July_2024.pdf,5a1b1f9fdc8554444362bfb2d8ef174da468c466973bcd221bffdd24bd3a8088,
TAMIL NADU,Tamil Naidu,2024-07,fy_to_date,2024-04-01,3700000,0,,3700000,https://cea.nic.in/wp-content/uploads/ev_charging_rep/2024/10/EV_report_July_2024.pdf,5a1b1f9fdc8554444362bfb2d8ef174da468c466973bcd221bffdd24bd3a8088,
TELANGANA,Telangana,2024-07,fy_to_date,2024-04-01,1600000,2840000,,4440000,https://cea.nic.in/wp-content/uploads/ev_charging_rep/2024/10/EV_report_July_2024.pdf,5a1b1f9fdc8554444362bfb2d8ef174da468c466973bcd221bffdd24bd3a8088,
UTTAR PRADESH,Uttar Pradesh,2024-07,fy_to_date,2024-04-01,50000,0,,50000,https://cea.nic.in/wp-content/uploads/ev_charging_rep/2024/10/EV_report_July_2024.pdf,5a1b1f9fdc8554444362bfb2d8ef174da468c466973bcd221bffdd24bd3a8088,
WEST BENGAL,West Bengal,2024-07,fy_to_date,2024-04-01,560000,940000,,1500000,https://cea.nic.in/wp-content/uploads/ev_charging_rep/2024/10/EV_report_July_2024.pdf,5a1b1f9fdc8554444362bfb2d8ef174da468c466973bcd221bffdd24bd3a8088,
ANDHRA PRADESH,Andhra Pradesh,2024-07,month,2024-07-01,110000,1830000,,1940000,https://cea.nic.in/wp-content/uploads/ev_charging_rep/2024/10/EV_report_July_2024.pdf,5a1b1f9fdc8554444362bfb2d8ef174da468c466973bcd221bffdd24bd3a8088,
ASSAM,Assam,2024-07,month,2024-07-01,560000,1020000,,1580000,https://cea.nic.in/wp-content/uploads/ev_charging_rep/2024/10/EV_report_July_2024.pdf,5a1b1f9fdc8554444362bfb2d8ef174da468c466973bcd221bffdd24bd3a8088,
BIHAR,Bihar,2024-07,month,2024-07-01,620000,230000,,840000,https://cea.nic.in/wp-content/uploads/ev_charging_rep/2024/10/EV_report_July_2024.pdf,5a1b1f9fdc8554444362bfb2d8ef174da468c466973bcd221bffdd24bd3a8088,
CHANDIGARH,Chandigarh,2024-07,month,2024-07-01,70000,620000,,680000,https://cea.nic.in/wp-content/uploads/ev_charging_rep/2024/10/EV_report_July_2024.pdf,5a1b1f9fdc8554444362bfb2d8ef174da468c466973bcd221bffdd24bd3a8088,
DELHI,Delhi,2024-07,month,2024-07-01,12580000,18480000,,31060000,https://cea.nic.in/wp-content/uploads/ev_charging_rep/2024/10/EV_report_July_2024.pdf,5a1b1f9fdc8554444362bfb2d8ef174da468c466973bcd221bffdd24bd3a8088,
GUJARAT,Gujarat,2024-07,month,2024-07-01,350000,5080000,,5440000,https://cea.nic.in/wp-content/uploads/ev_charging_rep/2024/10/EV_report_July_2024.pdf,5a1b1f9fdc8554444362bfb2d8ef174da468c466973bcd221bffdd24bd3a8088,
HARYANA,Haryana,2024-07,month,2024-07-01,1920000,50000,,1960000,https://cea.nic.in/wp-content/uploads/ev_charging_rep/2024/10/EV_report_July_2024.pdf,5a1b1f9fdc8554444362bfb2d8ef174da468c466973bcd221bffdd24bd3a8088,
India,India,2024-07,month,2024-07-01,22690000,41450000,,64140000,https://cea.nic.in/wp-content/uploads/ev_charging_rep/2024/10/EV_report_July_2024.pdf,5a1b1f9fdc8554444362bfb2d8ef174da468c466973bcd221bffdd24bd3a8088,
KARNATAKA,Karnataka,2024-07,month,2024-07-01,1440000,290000,,1730000,https://cea.nic.in/wp-content/uploads/ev_charging_rep/2024/10/EV_report_July_2024.pdf,5a1b1f9fdc8554444362bfb2d8ef174da468c466973bcd221bffdd24bd3a8088,
KERALA,Kerala,2024-07,month,2024-07-01,1060000,0,,1060000,https://cea.nic.in/wp-content/uploads/ev_charging_rep/2024/10/EV_report_July_2024.pdf,5a1b1f9fdc8554444362bfb2d8ef174da468c466973bcd221bffdd24bd3a8088,
MADHYA PRADESH,Madhya Pradesh,2024-07,month,2024-07-01,50000,250000,,290000,https://cea.nic.in/wp-content/uploads/ev_charging_rep/2024/10/EV_report_July_2024.pdf,5a1b1f9fdc8554444362bfb2d8ef174da468c466973bcd221bffdd24bd3a8088,
MAHARASHTRA,Maharashtra,2024-07,month,2024-07-01,1810000,12360000,,14170000,https://cea.nic.in/wp-content/uploads/ev_charging_rep/2024/10/EV_report_July_2024.pdf,5a1b1f9fdc8554444362bfb2d8ef174da468c466973bcd221bffdd24bd3a8088,
ODISHA,Odisha,2024-07,month,2024-07-01,10000,40000,,50000,https://cea.nic.in/wp-content/uploads/ev_charging_rep/2024/10/EV_report_July_2024.pdf,5a1b1f9fdc8554444362bfb2d8ef174da468c466973bcd221bffdd24bd3a8088,
RAJASTHAN,Rajasthan,2024-07,month,2024-07-01,610000,180000,,790000,https://cea.nic.in/wp-content/uploads/ev_charging_rep/2024/10/EV_report_July_2024.pdf,5a1b1f9fdc8554444362bfb2d8ef174da468c466973bcd221bffdd24bd3a8088,
TAMIL NADU,Tamil Naidu,2024-07,month,2024-07-01,900000,0,,900000,https://cea.nic.in/wp-content/uploads/ev_charging_rep/2024/10/EV_report_July_2024.pdf,5a1b1f9fdc8554444362bfb2d8ef174da468c466973bcd221bffdd24bd3a8088,
TELANGANA,Telangana,2024-07,month,2024-07-01,440000,800000,,1240000,https://cea.nic.in/wp-content/uploads/ev_charging_rep/2024/10/EV_report_July_2024.pdf,5a1b1f9fdc8554444362bfb2d8ef174da468c466973bcd221bffdd24bd3a8088,
UTTAR PRADESH,Uttar Pradesh,2024-07,month,2024-07-01,10000,0,,10000,https://cea.nic.in/wp-content/uploads/ev_charging_rep/2024/10/EV_report_July_2024.pdf,5a1b1f9fdc8554444362bfb2d8ef174da468c466973bcd221bffdd24bd3a8088,
WEST BENGAL,West Bengal,2024-07,month,2024-07-01,170000,220000,,390000,https://cea.nic.in/wp-content/uploads/ev_charging_rep/2024/10/EV_report_July_2024.pdf,5a1b1f9fdc8554444362bfb2d8ef174da468c466973bcd221bffdd24bd3a8088,
ANDHRA PRADESH,Andhra Pradesh,2024-08,fy_to_date,2024-04-01,540000,9100000,,9630000,https://cea.nic.in/wp-content/uploads/ev_charging_rep/2024/11/EV_Report_Aug_2024.pdf,59cc6f7c650afe48f3d69b38bea47b2901298da1ca714244d14cb910a37709e1,
ASSAM,Assam,2024-08,fy_to_date,2024-04-01,1990000,4490000,,6480000,https://cea.nic.in/wp-content/uploads/ev_charging_rep/2024/11/EV_Report_Aug_2024.pdf,59cc6f7c650afe48f3d69b38bea47b2901298da1ca714244d14cb910a37709e1,
BIHAR,Bihar,2024-08,fy_to_date,2024-04-01,2930000,1140000,,4070000,https://cea.nic.in/wp-content/uploads/ev_charging_rep/2024/11/EV_Report_Aug_2024.pdf,59cc6f7c650afe48f3d69b38bea47b2901298da1ca714244d14cb910a37709e1,
CHANDIGARH,Chandigarh,2024-08,fy_to_date,2024-04-01,170000,2880000,,3050000,https://cea.nic.in/wp-content/uploads/ev_charging_rep/2024/11/EV_Report_Aug_2024.pdf,59cc6f7c650afe48f3d69b38bea47b2901298da1ca714244d14cb910a37709e1,
DELHI,Delhi,2024-08,fy_to_date,2024-04-01,61390000,84300000,,145680000,https://cea.nic.in/wp-content/uploads/ev_charging_rep/2024/11/EV_Report_Aug_2024.pdf,59cc6f7c650afe48f3d69b38bea47b2901298da1ca714244d14cb910a37709e1,
GUJARAT,Gujarat,2024-08,fy_to_date,2024-04-01,1210000,23960000,,25170000,https://cea.nic.in/wp-content/uploads/ev_charging_rep/2024/11/EV_Report_Aug_2024.pdf,59cc6f7c650afe48f3d69b38bea47b2901298da1ca714244d14cb910a37709e1,
HARYANA,Haryana,2024-08,fy_to_date,2024-04-01,9160000,200000,,9350000,https://cea.nic.in/wp-content/uploads/ev_charging_rep/2024/11/EV_Report_Aug_2024.pdf,59cc6f7c650afe48f3d69b38bea47b2901298da1ca714244d14cb910a37709e1,
India,India,2024-08,fy_to_date,2024-04-01,105680000,197850000,,303530000,https://cea.nic.in/wp-content/uploads/ev_charging_rep/2024/11/EV_Report_Aug_2024.pdf,59cc6f7c650afe48f3d69b38bea47b2901298da1ca714244d14cb910a37709e1,
KARNATAKA,Karnataka,2024-08,fy_to_date,2024-04-01,2880000,1480000,,4360000,https://cea.nic.in/wp-content/uploads/ev_charging_rep/2024/11/EV_Report_Aug_2024.pdf,59cc6f7c650afe48f3d69b38bea47b2901298da1ca714244d14cb910a37709e1,
KERALA,Kerala,2024-08,fy_to_date,2024-04-01,5370000,0,,5370000,https://cea.nic.in/wp-content/uploads/ev_charging_rep/2024/11/EV_Report_Aug_2024.pdf,59cc6f7c650afe48f3d69b38bea47b2901298da1ca714244d14cb910a37709e1,
MADHYA PRADESH,Madhya Pradesh,2024-08,fy_to_date,2024-04-01,240000,1290000,,1540000,https://cea.nic.in/wp-content/uploads/ev_charging_rep/2024/11/EV_Report_Aug_2024.pdf,59cc6f7c650afe48f3d69b38bea47b2901298da1ca714244d14cb910a37709e1,
MAHARASHTRA,Maharashtra,2024-08,fy_to_date,2024-04-01,9070000,63260000,,72330000,https://cea.nic.in/wp-content/uploads/ev_charging_rep/2024/11/EV_Report_Aug_2024.pdf,59cc6f7c650afe48f3d69b38bea47b2901298da1ca714244d14cb910a37709e1,
ODISHA,Odisha,2024-08,fy_to_date,2024-04-01,40000,280000,,310000,https://cea.nic.in/wp-content/uploads/ev_charging_rep/2024/11/EV_Report_Aug_2024.pdf,59cc6f7c650afe48f3d69b38bea47b2901298da1ca714244d14cb910a37709e1,
RAJASTHAN,Rajasthan,2024-08,fy_to_date,2024-04-01,2960000,730000,,3690000,https://cea.nic.in/wp-content/uploads/ev_charging_rep/2024/11/EV_Report_Aug_2024.pdf,59cc6f7c650afe48f3d69b38bea47b2901298da1ca714244d14cb910a37709e1,
TAMIL NADU,Tamil Naidu,2024-08,fy_to_date,2024-04-01,4840000,,,4840000,https://cea.nic.in/wp-content/uploads/ev_charging_rep/2024/11/EV_Report_Aug_2024.pdf,59cc6f7c650afe48f3d69b38bea47b2901298da1ca714244d14cb910a37709e1,
TELANGANA,Telangana,2024-08,fy_to_date,2024-04-01,2070000,3670000,,5730000,https://cea.nic.in/wp-content/uploads/ev_charging_rep/2024/11/EV_Report_Aug_2024.pdf,59cc6f7c650afe48f3d69b38bea47b2901298da1ca714244d14cb910a37709e1,
UTTAR PRADESH,Uttar Pradesh,2024-08,fy_to_date,2024-04-01,100000,0,,100000,https://cea.nic.in/wp-content/uploads/ev_charging_rep/2024/11/EV_Report_Aug_2024.pdf,59cc6f7c650afe48f3d69b38bea47b2901298da1ca714244d14cb910a37709e1,
WEST BENGAL,West Bengal,2024-08,fy_to_date,2024-04-01,730000,1100000,,1830000,https://cea.nic.in/wp-content/uploads/ev_charging_rep/2024/11/EV_Report_Aug_2024.pdf,59cc6f7c650afe48f3d69b38bea47b2901298da1ca714244d14cb910a37709e1,
ANDHRA PRADESH,Andhra Pradesh,2024-08,month,2024-08-01,110000,1830000,,1950000,https://cea.nic.in/wp-content/uploads/ev_charging_rep/2024/11/EV_Report_Aug_2024.pdf,59cc6f7c650afe48f3d69b38bea47b2901298da1ca714244d14cb910a37709e1,
ASSAM,Assam,2024-08,month,2024-08-01,570000,960000,,1530000,https://cea.nic.in/wp-content/uploads/ev_charging_rep/2024/11/EV_Report_Aug_2024.pdf,59cc6f7c650afe48f3d69b38bea47b2901298da1ca714244d14cb910a37709e1,
BIHAR,Bihar,2024-08,month,2024-08-01,760000,210000,,970000,https://cea.nic.in/wp-content/uploads/ev_charging_rep/2024/11/EV_Report_Aug_2024.pdf,59cc6f7c650afe48f3d69b38bea47b2901298da1ca714244d14cb910a37709e1,
CHANDIGARH,Chandigarh,2024-08,month,2024-08-01,20000,620000,,650000,https://cea.nic.in/wp-content/uploads/ev_charging_rep/2024/11/EV_Report_Aug_2024.pdf,59cc6f7c650afe48f3d69b38bea47b2901298da1ca714244d14cb910a37709e1,
DELHI,Delhi,2024-08,month,2024-08-01,13220000,17430000,,30640000,https://cea.nic.in/wp-content/uploads/ev_charging_rep/2024/11/EV_Report_Aug_2024.pdf,59cc6f7c650afe48f3d69b38bea47b2901298da1ca714244d14cb910a37709e1,
GUJARAT,Gujarat,2024-08,month,2024-08-01,190000,5160000,,5350000,https://cea.nic.in/wp-content/uploads/ev_charging_rep/2024/11/EV_Report_Aug_2024.pdf,59cc6f7c650afe48f3d69b38bea47b2901298da1ca714244d14cb910a37709e1,
HARYANA,Haryana,2024-08,month,2024-08-01,1940000,40000,,1980000,https://cea.nic.in/wp-content/uploads/ev_charging_rep/2024/11/EV_Report_Aug_2024.pdf,59cc6f7c650afe48f3d69b38bea47b2901298da1ca714244d14cb910a37709e1,
India,India,2024-08,month,2024-08-01,22770000,40840000,,63610000,https://cea.nic.in/wp-content/uploads/ev_charging_rep/2024/11/EV_Report_Aug_2024.pdf,59cc6f7c650afe48f3d69b38bea47b2901298da1ca714244d14cb910a37709e1,
KARNATAKA,Karnataka,2024-08,month,2024-08-01,330000,310000,,650000,https://cea.nic.in/wp-content/uploads/ev_charging_rep/2024/11/EV_Report_Aug_2024.pdf,59cc6f7c650afe48f3d69b38bea47b2901298da1ca714244d14cb910a37709e1,
KERALA,Kerala,2024-08,month,2024-08-01,1100000,0,,1100000,https://cea.nic.in/wp-content/uploads/ev_charging_rep/2024/11/EV_Report_Aug_2024.pdf,59cc6f7c650afe48f3d69b38bea47b2901298da1ca714244d14cb910a37709e1,
MADHYA PRADESH,Madhya Pradesh,2024-08,month,2024-08-01,50000,250000,,300000,https://cea.nic.in/wp-content/uploads/ev_charging_rep/2024/11/EV_Report_Aug_2024.pdf,59cc6f7c650afe48f3d69b38bea47b2901298da1ca714244d14cb910a37709e1,
MAHARASHTRA,Maharashtra,2024-08,month,2024-08-01,1940000,12930000,,14870000,https://cea.nic.in/wp-content/uploads/ev_charging_rep/2024/11/EV_Report_Aug_2024.pdf,59cc6f7c650afe48f3d69b38bea47b2901298da1ca714244d14cb910a37709e1,
ODISHA,Odisha,2024-08,month,2024-08-01,10000,40000,,50000,https://cea.nic.in/wp-content/uploads/ev_charging_rep/2024/11/EV_Report_Aug_2024.pdf,59cc6f7c650afe48f3d69b38bea47b2901298da1ca714244d14cb910a37709e1,
RAJASTHAN,Rajasthan,2024-08,month,2024-08-01,700000,70000,,770000,https://cea.nic.in/wp-content/uploads/ev_charging_rep/2024/11/EV_Report_Aug_2024.pdf,59cc6f7c650afe48f3d69b38bea47b2901298da1ca714244d14cb910a37709e1,
TAMIL NADU,Tamil Naidu,2024-08,month,2024-08-01,1130000,,,1130000,https://cea.nic.in/wp-content/uploads/ev_charging_rep/2024/11/EV_Report_Aug_2024.pdf,59cc6f7c650afe48f3d69b38bea47b2901298da1ca714244d14cb910a37709e1,
TELANGANA,Telangana,2024-08,month,2024-08-01,460000,830000,,1290000,https://cea.nic.in/wp-content/uploads/ev_charging_rep/2024/11/EV_Report_Aug_2024.pdf,59cc6f7c650afe48f3d69b38bea47b2901298da1ca714244d14cb910a37709e1,
UTTAR PRADESH,Uttar Pradesh,2024-08,month,2024-08-01,50000,0,,50000,https://cea.nic.in/wp-content/uploads/ev_charging_rep/2024/11/EV_Report_Aug_2024.pdf,59cc6f7c650afe48f3d69b38bea47b2901298da1ca714244d14cb910a37709e1,
WEST BENGAL,West Bengal,2024-08,month,2024-08-01,180000,150000,,330000,https://cea.nic.in/wp-content/uploads/ev_charging_rep/2024/11/EV_Report_Aug_2024.pdf,59cc6f7c650afe48f3d69b38bea47b2901298da1ca714244d14cb910a37709e1,
ANDHRA PRADESH,Andhra Pradesh,2024-09,fy_to_date,2024-04-01,730000,10940000,,11670000,https://cea.nic.in/wp-content/uploads/ev_charging_rep/2024/11/EV_Report_Sep_2024_revised.pdf,ca2f1eb856c0553d9e3e0ab80281da84a7c58fe8afed5b52cda171f7de0f8b8c,
ASSAM,Assam,2024-09,fy_to_date,2024-04-01,2680000,5480000,,8160000,https://cea.nic.in/wp-content/uploads/ev_charging_rep/2024/11/EV_Report_Sep_2024_revised.pdf,ca2f1eb856c0553d9e3e0ab80281da84a7c58fe8afed5b52cda171f7de0f8b8c,
BIHAR,Bihar,2024-09,fy_to_date,2024-04-01,4060000,1340000,,5400000,https://cea.nic.in/wp-content/uploads/ev_charging_rep/2024/11/EV_Report_Sep_2024_revised.pdf,ca2f1eb856c0553d9e3e0ab80281da84a7c58fe8afed5b52cda171f7de0f8b8c,
CHANDIGARH,Chandigarh,2024-09,fy_to_date,2024-04-01,220000,3440000,,3660000,https://cea.nic.in/wp-content/uploads/ev_charging_rep/2024/11/EV_Report_Sep_2024_revised.pdf,ca2f1eb856c0553d9e3e0ab80281da84a7c58fe8afed5b52cda171f7de0f8b8c,
DELHI,Delhi,2024-09,fy_to_date,2024-04-01,73020000,102370000,,175390000,https://cea.nic.in/wp-content/uploads/ev_charging_rep/2024/11/EV_Report_Sep_2024_revised.pdf,ca2f1eb856c0553d9e3e0ab80281da84a7c58fe8afed5b52cda171f7de0f8b8c,
GUJARAT,Gujarat,2024-09,fy_to_date,2024-04-01,1390000,29210000,,30600000,https://cea.nic.in/wp-content/uploads/ev_charging_rep/2024/11/EV_Report_Sep_2024_revised.pdf,ca2f1eb856c0553d9e3e0ab80281da84a7c58fe8afed5b52cda171f7de0f8b8c,
HARYANA,Haryana,2024-09,fy_to_date,2024-04-01,10830000,240000,,11070000,https://cea.nic.in/wp-content/uploads/ev_charging_rep/2024/11/EV_Report_Sep_2024_revised.pdf,ca2f1eb856c0553d9e3e0ab80281da84a7c58fe8afed5b52cda171f7de0f8b8c,
India,India,2024-09,fy_to_date,2024-04-01,129940000,241520000,,371460000,https://cea.nic.in/wp-content/uploads/ev_charging_rep/2024/11/EV_Report_Sep_2024_revised.pdf,ca2f1eb856c0553d9e3e0ab80281da84a7c58fe8afed5b52cda171f7de0f8b8c,
KARNATAKA,Karnataka,2024-09,fy_to_date,2024-04-01,3240000,1780000,,5020000,https://cea.nic.in/wp-content/uploads/ev_charging_rep/2024/11/EV_Report_Sep_2024_revised.pdf,ca2f1eb856c0553d9e3e0ab80281da84a7c58fe8afed5b52cda171f7de0f8b8c,
KERALA,Kerala,2024-09,fy_to_date,2024-04-01,6500000,0,,6500000,https://cea.nic.in/wp-content/uploads/ev_charging_rep/2024/11/EV_Report_Sep_2024_revised.pdf,ca2f1eb856c0553d9e3e0ab80281da84a7c58fe8afed5b52cda171f7de0f8b8c,
MADHYA PRADESH,Madhya Pradesh,2024-09,fy_to_date,2024-04-01,290000,1550000,,1840000,https://cea.nic.in/wp-content/uploads/ev_charging_rep/2024/11/EV_Report_Sep_2024_revised.pdf,ca2f1eb856c0553d9e3e0ab80281da84a7c58fe8afed5b52cda171f7de0f8b8c,
MAHARASHTRA,Maharashtra,2024-09,fy_to_date,2024-04-01,12400000,78040000,,90450000,https://cea.nic.in/wp-content/uploads/ev_charging_rep/2024/11/EV_Report_Sep_2024_revised.pdf,ca2f1eb856c0553d9e3e0ab80281da84a7c58fe8afed5b52cda171f7de0f8b8c,
ODISHA,Odisha,2024-09,fy_to_date,2024-04-01,50000,290000,,340000,https://cea.nic.in/wp-content/uploads/ev_charging_rep/2024/11/EV_Report_Sep_2024_revised.pdf,ca2f1eb856c0553d9e3e0ab80281da84a7c58fe8afed5b52cda171f7de0f8b8c,
RAJASTHAN,Rajasthan,2024-09,fy_to_date,2024-04-01,3610000,880000,,4490000,https://cea.nic.in/wp-content/uploads/ev_charging_rep/2024/11/EV_Report_Sep_2024_revised.pdf,ca2f1eb856c0553d9e3e0ab80281da84a7c58fe8afed5b52cda171f7de0f8b8c,
TAMIL NADU,Tamil Naidu,2024-09,fy_to_date,2024-04-01,7430000,,,7430000,https://cea.nic.in/wp-content/uploads/ev_charging_rep/2024/11/EV_Report_Sep_2024_revised.pdf,ca2f1eb856c0553d9e3e0ab80281da84a7c58fe8afed5b52cda171f7de0f8b8c,
TELANGANA,Telangana,2024-09,fy_to_date,2024-04-01,2470000,4650000,,7120000,https://cea.nic.in/wp-content/uploads/ev_charging_rep/2024/11/EV_Report_Sep_2024_revised.pdf,ca2f1eb856c0553d9e3e0ab80281da84a7c58fe8afed5b52cda171f7de0f8b8c,
UTTAR PRADESH,Uttar Pradesh,2024-09,fy_to_date,2024-04-01,120000,0,,120000,https://cea.nic.in/wp-content/uploads/ev_charging_rep/2024/11/EV_Report_Sep_2024_revised.pdf,ca2f1eb856c0553d9e3e0ab80281da84a7c58fe8afed5b52cda171f7de0f8b8c,
WEST BENGAL,West Bengal,2024-09,fy_to_date,2024-04-01,900000,1300000,,2200000,https://cea.nic.in/wp-content/uploads/ev_charging_rep/2024/11/EV_Report_Sep_2024_revised.pdf,ca2f1eb856c0553d9e3e0ab80281da84a7c58fe8afed5b52cda171f7de0f8b8c,
ANDHRA PRADESH,Andhra Pradesh,2024-09,month,2024-09-01,190000,1840000,,2030000,https://cea.nic.in/wp-content/uploads/ev_charging_rep/2024/11/EV_Report_Sep_2024_revised.pdf,ca2f1eb856c0553d9e3e0ab80281da84a7c58fe8afed5b52cda171f7de0f8b8c,
ASSAM,Assam,2024-09,month,2024-09-01,680000,990000,,1670000,https://cea.nic.in/wp-content/uploads/ev_charging_rep/2024/11/EV_Report_Sep_2024_revised.pdf,ca2f1eb856c0553d9e3e0ab80281da84a7c58fe8afed5b52cda171f7de0f8b8c,
BIHAR,Bihar,2024-09,month,2024-09-01,1130000,200000,,1340000,https://cea.nic.in/wp-content/uploads/ev_charging_rep/2024/11/EV_Report_Sep_2024_revised.pdf,ca2f1eb856c0553d9e3e0ab80281da84a7c58fe8afed5b52cda171f7de0f8b8c,
CHANDIGARH,Chandigarh,2024-09,month,2024-09-01,50000,550000,,610000,https://cea.nic.in/wp-content/uploads/ev_charging_rep/2024/11/EV_Report_Sep_2024_revised.pdf,ca2f1eb856c0553d9e3e0ab80281da84a7c58fe8afed5b52cda171f7de0f8b8c,
DELHI,Delhi,2024-09,month,2024-09-01,11630000,18080000,,29710000,https://cea.nic.in/wp-content/uploads/ev_charging_rep/2024/11/EV_Report_Sep_2024_revised.pdf,ca2f1eb856c0553d9e3e0ab80281da84a7c58fe8afed5b52cda171f7de0f8b8c,
GUJARAT,Gujarat,2024-09,month,2024-09-01,180000,5260000,,5440000,https://cea.nic.in/wp-content/uploads/ev_charging_rep/2024/11/EV_Report_Sep_2024_revised.pdf,ca2f1eb856c0553d9e3e0ab80281da84a7c58fe8afed5b52cda171f7de0f8b8c,
HARYANA,Haryana,2024-09,month,2024-09-01,1670000,40000,,1720000,https://cea.nic.in/wp-content/uploads/ev_charging_rep/2024/11/EV_Report_Sep_2024_revised.pdf,ca2f1eb856c0553d9e3e0ab80281da84a7c58fe8afed5b52cda171f7de0f8b8c,
India,India,2024-09,month,2024-09-01,24260000,43670000,,67930000,https://cea.nic.in/wp-content/uploads/ev_charging_rep/2024/11/EV_Report_Sep_2024_revised.pdf,ca2f1eb856c0553d9e3e0ab80281da84a7c58fe8afed5b52cda171f7de0f8b8c,
KARNATAKA,Karnataka,2024-09,month,2024-09-01,360000,310000,,660000,https://cea.nic.in/wp-content/uploads/ev_charging_rep/2024/11/EV_Report_Sep_2024_revised.pdf,ca2f1eb856c0553d9e3e0ab80281da84a7c58fe8afed5b52cda171f7de0f8b8c,
KERALA,Kerala,2024-09,month,2024-09-01,1130000,0,,1130000,https://cea.nic.in/wp-content/uploads/ev_charging_rep/2024/11/EV_Report_Sep_2024_revised.pdf,ca2f1eb856c0553d9e3e0ab80281da84a7c58fe8afed5b52cda171f7de0f8b8c,
MADHYA PRADESH,Madhya Pradesh,2024-09,month,2024-09-01,50000,260000,,310000,https://cea.nic.in/wp-content/uploads/ev_charging_rep/2024/11/EV_Report_Sep_2024_revised.pdf,ca2f1eb856c0553d9e3e0ab80281da84a7c58fe8afed5b52cda171f7de0f8b8c,
MAHARASHTRA,Maharashtra,2024-09,month,2024-09-01,3330000,14790000,,18120000,https://cea.nic.in/wp-content/uploads/ev_charging_rep/2024/11/EV_Report_Sep_2024_revised.pdf,ca2f1eb856c0553d9e3e0ab80281da84a7c58fe8afed5b52cda171f7de0f8b8c,
ODISHA,Odisha,2024-09,month,2024-09-01,10000,20000,,30000,https://cea.nic.in/wp-content/uploads/ev_charging_rep/2024/11/EV_Report_Sep_2024_revised.pdf,ca2f1eb856c0553d9e3e0ab80281da84a7c58fe8afed5b52cda171f7de0f8b8c,
RAJASTHAN,Rajasthan,2024-09,month,2024-09-01,650000,150000,,800000,https://cea.nic.in/wp-content/uploads/ev_charging_rep/2024/11/EV_Report_Sep_2024_revised.pdf,ca2f1eb856c0553d9e3e0ab80281da84a7c58fe8afed5b52cda171f7de0f8b8c,
TAMIL NADU,Tamil Naidu,2024-09,month,2024-09-01,2600000,,,2600000,https://cea.nic.in/wp-content/uploads/ev_charging_rep/2024/11/EV_Report_Sep_2024_revised.pdf,ca2f1eb856c0553d9e3e0ab80281da84a7c58fe8afed5b52cda171f7de0f8b8c,
TELANGANA,Telangana,2024-09,month,2024-09-01,400000,980000,,1390000,https://cea.nic.in/wp-content/uploads/ev_charging_rep/2024/11/EV_Report_Sep_2024_revised.pdf,ca2f1eb856c0553d9e3e0ab80281da84a7c58fe8afed5b52cda171f7de0f8b8c,
UTTAR PRADESH,Uttar Pradesh,2024-09,month,2024-09-01,20000,0,,20000,https://cea.nic.in/wp-content/uploads/ev_charging_rep/2024/11/EV_Report_Sep_2024_revised.pdf,ca2f1eb856c0553d9e3e0ab80281da84a7c58fe8afed5b52cda171f7de0f8b8c,
WEST BENGAL,West Bengal,2024-09,month,2024-09-01,170000,200000,,370000,https://cea.nic.in/wp-content/uploads/ev_charging_rep/2024/11/EV_Report_Sep_2024_revised.pdf,ca2f1eb856c0553d9e3e0ab80281da84a7c58fe8afed5b52cda171f7de0f8b8c,
ANDHRA PRADESH,Andhra Pradesh,2024-10,fy_to_date,2024-04-01,870000,12650000,,13530000,https://cea.nic.in/wp-content/uploads/ev_charging_rep/2024/12/EV_Report_Oct_2024_final1.pdf,700270573f96cd82910d89d3dddee2bcf180dbb343d5fcda7317b6e320d555dd,
ARUNACHAL PRADESH,Arunachal Pradesh,2024-10,fy_to_date,2024-04-01,,,,,https://cea.nic.in/wp-content/uploads/ev_charging_rep/2024/12/EV_Report_Oct_2024_final1.pdf,700270573f96cd82910d89d3dddee2bcf180dbb343d5fcda7317b6e320d555dd,
ASSAM,Assam,2024-10,fy_to_date,2024-04-01,3200000,6390000,,9580000,https://cea.nic.in/wp-content/uploads/ev_charging_rep/2024/12/EV_Report_Oct_2024_final1.pdf,700270573f96cd82910d89d3dddee2bcf180dbb343d5fcda7317b6e320d555dd,
BIHAR,Bihar,2024-10,fy_to_date,2024-04-01,4810000,1540000,,6350000,https://cea.nic.in/wp-content/uploads/ev_charging_rep/2024/12/EV_Report_Oct_2024_final1.pdf,700270573f96cd82910d89d3dddee2bcf180dbb343d5fcda7317b6e320d555dd,
CHANDIGARH,Chandigarh,2024-10,fy_to_date,2024-04-01,240000,3990000,,4230000,https://cea.nic.in/wp-content/uploads/ev_charging_rep/2024/12/EV_Report_Oct_2024_final1.pdf,700270573f96cd82910d89d3dddee2bcf180dbb343d5fcda7317b6e320d555dd,
CHHATTISGARH,Chhattisgarh,2024-10,fy_to_date,2024-04-01,,,,,https://cea.nic.in/wp-content/uploads/ev_charging_rep/2024/12/EV_Report_Oct_2024_final1.pdf,700270573f96cd82910d89d3dddee2bcf180dbb343d5fcda7317b6e320d555dd,
"DADRA,NAGAR HAVELI,DAMAN & DIU",Dadra & Nagar Haveli and Daman & Diu,2024-10,fy_to_date,2024-04-01,,,,,https://cea.nic.in/wp-content/uploads/ev_charging_rep/2024/12/EV_Report_Oct_2024_final1.pdf,700270573f96cd82910d89d3dddee2bcf180dbb343d5fcda7317b6e320d555dd,
DELHI,Delhi,2024-10,fy_to_date,2024-04-01,83940000,122290000,,206230000,https://cea.nic.in/wp-content/uploads/ev_charging_rep/2024/12/EV_Report_Oct_2024_final1.pdf,700270573f96cd82910d89d3dddee2bcf180dbb343d5fcda7317b6e320d555dd,
GUJARAT,Gujarat,2024-10,fy_to_date,2024-04-01,1570000,34760000,,36340000,https://cea.nic.in/wp-content/uploads/ev_charging_rep/2024/12/EV_Report_Oct_2024_final1.pdf,700270573f96cd82910d89d3dddee2bcf180dbb343d5fcda7317b6e320d555dd,
HARYANA,Haryana,2024-10,fy_to_date,2024-04-01,12610000,280000,,12890000,https://cea.nic.in/wp-content/uploads/ev_charging_rep/2024/12/EV_Report_Oct_2024_final1.pdf,700270573f96cd82910d89d3dddee2bcf180dbb343d5fcda7317b6e320d555dd,
HIMACHAL PRADESH,Himachal Pradesh,2024-10,fy_to_date,2024-04-01,,,,,https://cea.nic.in/wp-content/uploads/ev_charging_rep/2024/12/EV_Report_Oct_2024_final1.pdf,700270573f96cd82910d89d3dddee2bcf180dbb343d5fcda7317b6e320d555dd,
India,India,2024-10,fy_to_date,2024-04-01,151300000,288160000,,439460000,https://cea.nic.in/wp-content/uploads/ev_charging_rep/2024/12/EV_Report_Oct_2024_final1.pdf,700270573f96cd82910d89d3dddee2bcf180dbb343d5fcda7317b6e320d555dd,
JHARKHAND,Jharkhand,2024-10,fy_to_date,2024-04-01,,,,,https://cea.nic.in/wp-content/uploads/ev_charging_rep/2024/12/EV_Report_Oct_2024_final1.pdf,700270573f96cd82910d89d3dddee2bcf180dbb343d5fcda7317b6e320d555dd,
KARNATAKA,Karnataka,2024-10,fy_to_date,2024-04-01,3610000,2090000,,5710000,https://cea.nic.in/wp-content/uploads/ev_charging_rep/2024/12/EV_Report_Oct_2024_final1.pdf,700270573f96cd82910d89d3dddee2bcf180dbb343d5fcda7317b6e320d555dd,
KERALA,Kerala,2024-10,fy_to_date,2024-04-01,7710000,0,,7710000,https://cea.nic.in/wp-content/uploads/ev_charging_rep/2024/12/EV_Report_Oct_2024_final1.pdf,700270573f96cd82910d89d3dddee2bcf180dbb343d5fcda7317b6e320d555dd,
MADHYA PRADESH,Madhya Pradesh,2024-10,fy_to_date,2024-04-01,350000,1810000,,2150000,https://cea.nic.in/wp-content/uploads/ev_charging_rep/2024/12/EV_Report_Oct_2024_final1.pdf,700270573f96cd82910d89d3dddee2bcf180dbb343d5fcda7317b6e320d555dd,
MAHARASHTRA,Maharashtra,2024-10,fy_to_date,2024-04-01,15180000,92950000,,108130000,https://cea.nic.in/wp-content/uploads/ev_charging_rep/2024/12/EV_Report_Oct_2024_final1.pdf,700270573f96cd82910d89d3dddee2bcf180dbb343d5fcda7317b6e320d555dd,
MANIPUR,Manipur,2024-10,fy_to_date,2024-04-01,,,,,https://cea.nic.in/wp-content/uploads/ev_charging_rep/2024/12/EV_Report_Oct_2024_final1.pdf,700270573f96cd82910d89d3dddee2bcf180dbb343d5fcda7317b6e320d555dd,
MEGHALAYA,Meghalaya,2024-10,fy_to_date,2024-04-01,,,,,https://cea.nic.in/wp-content/uploads/ev_charging_rep/2024/12/EV_Report_Oct_2024_final1.pdf,700270573f96cd82910d89d3dddee2bcf180dbb343d5fcda7317b6e320d555dd,
MIZORAM,Mizoram,2024-10,fy_to_date,2024-04-01,,,,,https://cea.nic.in/wp-content/uploads/ev_charging_rep/2024/12/EV_Report_Oct_2024_final1.pdf,700270573f96cd82910d89d3dddee2bcf180dbb343d5fcda7317b6e320d555dd,
NAGALAND,Nagaland,2024-10,fy_to_date,2024-04-01,,,,,https://cea.nic.in/wp-content/uploads/ev_charging_rep/2024/12/EV_Report_Oct_2024_final1.pdf,700270573f96cd82910d89d3dddee2bcf180dbb343d5fcda7317b6e320d555dd,
ODISHA,Odisha,2024-10,fy_to_date,2024-04-01,60000,290000,,350000,https://cea.nic.in/wp-content/uploads/ev_charging_rep/2024/12/EV_Report_Oct_2024_final1.pdf,700270573f96cd82910d89d3dddee2bcf180dbb343d5fcda7317b6e320d555dd,
PUDUCHERRY,Puducherry,2024-10,fy_to_date,2024-04-01,,,,,https://cea.nic.in/wp-content/uploads/ev_charging_rep/2024/12/EV_Report_Oct_2024_final1.pdf,700270573f96cd82910d89d3dddee2bcf180dbb343d5fcda7317b6e320d555dd,
RAJASTHAN,Rajasthan,2024-10,fy_to_date,2024-04-01,4300000,1030000,,5320000,https://cea.nic.in/wp-content/uploads/ev_charging_rep/2024/12/EV_Report_Oct_2024_final1.pdf,700270573f96cd82910d89d3dddee2bcf180dbb343d5fcda7317b6e320d555dd,
SIKKIM,Sikkim,2024-10,fy_to_date,2024-04-01,,,,,https://cea.nic.in/wp-content/uploads/ev_charging_rep/2024/12/EV_Report_Oct_2024_final1.pdf,700270573f96cd82910d89d3dddee2bcf180dbb343d5fcda7317b6e320d555dd,
TAMIL NADU,Tamil Naidu,2024-10,fy_to_date,2024-04-01,8770000,,,8770000,https://cea.nic.in/wp-content/uploads/ev_charging_rep/2024/12/EV_Report_Oct_2024_final1.pdf,700270573f96cd82910d89d3dddee2bcf180dbb343d5fcda7317b6e320d555dd,
TELANGANA,Telangana,2024-10,fy_to_date,2024-04-01,2890000,6600000,,9490000,https://cea.nic.in/wp-content/uploads/ev_charging_rep/2024/12/EV_Report_Oct_2024_final1.pdf,700270573f96cd82910d89d3dddee2bcf180dbb343d5fcda7317b6e320d555dd,
TRIPURA,Tripura,2024-10,fy_to_date,2024-04-01,,,,,https://cea.nic.in/wp-content/uploads/ev_charging_rep/2024/12/EV_Report_Oct_2024_final1.pdf,700270573f96cd82910d89d3dddee2bcf180dbb343d5fcda7317b6e320d555dd,
UTTAR PRADESH,Uttar Pradesh,2024-10,fy_to_date,2024-04-01,140000,0,,140000,https://cea.nic.in/wp-content/uploads/ev_charging_rep/2024/12/EV_Report_Oct_2024_final1.pdf,700270573f96cd82910d89d3dddee2bcf180dbb343d5fcda7317b6e320d555dd,
UTTARAKHAND,Uttarakhand,2024-10,fy_to_date,2024-04-01,,,,,https://cea.nic.in/wp-content/uploads/ev_charging_rep/2024/12/EV_Report_Oct_2024_final1.pdf,700270573f96cd82910d89d3dddee2bcf180dbb343d5fcda7317b6e320d555dd,
WEST BENGAL,West Bengal,2024-10,fy_to_date,2024-04-01,1060000,1490000,,2550000,https://cea.nic.in/wp-content/uploads/ev_charging_rep/2024/12/EV_Report_Oct_2024_final1.pdf,700270573f96cd82910d89d3dddee2bcf180dbb343d5fcda7317b6e320d555dd,
ANDHRA PRADESH,Andhra Pradesh,2024-10,month,2024-10-01,140000,1720000,,1860000,https://cea.nic.in/wp-content/uploads/ev_charging_rep/2024/12/EV_Report_Oct_2024_final1.pdf,700270573f96cd82910d89d3dddee2bcf180dbb343d5fcda7317b6e320d555dd,
ARUNACHAL PRADESH,Arunachal Pradesh,2024-10,month,2024-10-01,,,,,https://cea.nic.in/wp-content/uploads/ev_charging_rep/2024/12/EV_Report_Oct_2024_final1.pdf,700270573f96cd82910d89d3dddee2bcf180dbb343d5fcda7317b6e320d555dd,
ASSAM,Assam,2024-10,month,2024-10-01,520000,910000,,1430000,https://cea.nic.in/wp-content/uploads/ev_charging_rep/2024/12/EV_Report_Oct_2024_final1.pdf,700270573f96cd82910d89d3dddee2bcf180dbb343d5fcda7317b6e320d555dd,
BIHAR,Bihar,2024-10,month,2024-10-01,750000,190000,,940000,https://cea.nic.in/wp-content/uploads/ev_charging_rep/2024/12/EV_Report_Oct_2024_final1.pdf,700270573f96cd82910d89d3dddee2bcf180dbb343d5fcda7317b6e320d555dd,
CHANDIGARH,Chandigarh,2024-10,month,2024-10-01,20000,550000,,570000,https://cea.nic.in/wp-content/uploads/ev_charging_rep/2024/12/EV_Report_Oct_2024_final1.pdf,700270573f96cd82910d89d3dddee2bcf180dbb343d5fcda7317b6e320d555dd,
CHHATTISGARH,Chhattisgarh,2024-10,month,2024-10-01,,,,,https://cea.nic.in/wp-content/uploads/ev_charging_rep/2024/12/EV_Report_Oct_2024_final1.pdf,700270573f96cd82910d89d3dddee2bcf180dbb343d5fcda7317b6e320d555dd,
"DADRA,NAGAR HAVELI,DAMAN & DIU",Dadra & Nagar Haveli and Daman & Diu,2024-10,month,2024-10-01,,,,,https://cea.nic.in/wp-content/uploads/ev_charging_rep/2024/12/EV_Report_Oct_2024_final1.pdf,700270573f96cd82910d89d3dddee2bcf180dbb343d5fcda7317b6e320d555dd,
DELHI,Delhi,2024-10,month,2024-10-01,10920000,19920000,,30840000,https://cea.nic.in/wp-content/uploads/ev_charging_rep/2024/12/EV_Report_Oct_2024_final1.pdf,700270573f96cd82910d89d3dddee2bcf180dbb343d5fcda7317b6e320d555dd,
GUJARAT,Gujarat,2024-10,month,2024-10-01,180000,5550000,,5730000,https://cea.nic.in/wp-content/uploads/ev_charging_rep/2024/12/EV_Report_Oct_2024_final1.pdf,700270573f96cd82910d89d3dddee2bcf180dbb343d5fcda7317b6e320d555dd,
HARYANA,Haryana,2024-10,month,2024-10-01,1780000,40000,,1820000,https://cea.nic.in/wp-content/uploads/ev_charging_rep/2024/12/EV_Report_Oct_2024_final1.pdf,700270573f96cd82910d89d3dddee2bcf180dbb343d5fcda7317b6e320d555dd,
HIMACHAL PRADESH,Himachal Pradesh,2024-10,month,2024-10-01,,,,,https://cea.nic.in/wp-content/uploads/ev_charging_rep/2024/12/EV_Report_Oct_2024_final1.pdf,700270573f96cd82910d89d3dddee2bcf180dbb343d5fcda7317b6e320d555dd,
India,India,2024-10,month,2024-10-01,21360000,46640000,,68000000,https://cea.nic.in/wp-content/uploads/ev_charging_rep/2024/12/EV_Report_Oct_2024_final1.pdf,700270573f96cd82910d89d3dddee2bcf180dbb343d5fcda7317b6e320d555dd,
JHARKHAND,Jharkhand,2024-10,month,2024-10-01,,,,,https://cea.nic.in/wp-content/uploads/ev_charging_rep/2024/12/EV_Report_Oct_2024_final1.pdf,700270573f96cd82910d89d3dddee2bcf180dbb343d5fcda7317b6e320d555dd,
KARNATAKA,Karnataka,2024-10,month,2024-10-01,380000,310000,,690000,https://cea.nic.in/wp-content/uploads/ev_charging_rep/2024/12/EV_Report_Oct_2024_final1.pdf,700270573f96cd82910d89d3dddee2bcf180dbb343d5fcda7317b6e320d555dd,
KERALA,Kerala,2024-10,month,2024-10-01,1210000,0,,1210000,https://cea.nic.in/wp-content/uploads/ev_charging_rep/2024/12/EV_Report_Oct_2024_final1.pdf,700270573f96cd82910d89d3dddee2bcf180dbb343d5fcda7317b6e320d555dd,
MADHYA PRADESH,Madhya Pradesh,2024-10,month,2024-10-01,50000,260000,,310000,https://cea.nic.in/wp-content/uploads/ev_charging_rep/2024/12/EV_Report_Oct_2024_final1.pdf,700270573f96cd82910d89d3dddee2bcf180dbb343d5fcda7317b6e320d555dd,
MAHARASHTRA,Maharashtra,2024-10,month,2024-10-01,2780000,14910000,,17690000,https://cea.nic.in/wp-content/uploads/ev_charging_rep/2024/12/EV_Report_Oct_2024_final1.pdf,700270573f96cd82910d89d3dddee2bcf180dbb343d5fcda7317b6e320d555dd,
MANIPUR,Manipur,2024-10,month,2024-10-01,,,,,https://cea.nic.in/wp-content/uploads/ev_charging_rep/2024/12/EV_Report_Oct_2024_final1.pdf,700270573f96cd82910d89d3dddee2bcf180dbb343d5fcda7317b6e320d555dd,
MEGHALAYA,Meghalaya,2024-10,month,2024-10-01,,,,,https://cea.nic.in/wp-content/uploads/ev_charging_rep/2024/12/EV_Report_Oct_2024_final1.pdf,700270573f96cd82910d89d3dddee2bcf180dbb343d5fcda7317b6e320d555dd,
MIZORAM,Mizoram,2024-10,month,2024-10-01,,,,,https://cea.nic.in/wp-content/uploads/ev_charging_rep/2024/12/EV_Report_Oct_2024_final1.pdf,700270573f96cd82910d89d3dddee2bcf180dbb343d5fcda7317b6e320d555dd,
NAGALAND,Nagaland,2024-10,month,2024-10-01,,,,,https://cea.nic.in/wp-content/uploads/ev_charging_rep/2024/12/EV_Report_Oct_2024_final1.pdf,700270573f96cd82910d89d3dddee2bcf180dbb343d5fcda7317b6e320d555dd,
ODISHA,Odisha,2024-10,month,2024-10-01,10000,0,,10000,https://cea.nic.in/wp-content/uploads/ev_charging_rep/2024/12/EV_Report_Oct_2024_final1.pdf,700270573f96cd82910d89d3dddee2bcf180dbb343d5fcda7317b6e320d555dd,
PUDUCHERRY,Puducherry,2024-10,month,2024-10-01,,,,,https://cea.nic.in/wp-content/uploads/ev_charging_rep/2024/12/EV_Report_Oct_2024_final1.pdf,700270573f96cd82910d89d3dddee2bcf180dbb343d5fcda7317b6e320d555dd,
RAJASTHAN,Rajasthan,2024-10,month,2024-10-01,680000,150000,,830000,https://cea.nic.in/wp-content/uploads/ev_charging_rep/2024/12/EV_Report_Oct_2024_final1.pdf,700270573f96cd82910d89d3dddee2bcf180dbb343d5fcda7317b6e320d555dd,
SIKKIM,Sikkim,2024-10,month,2024-10-01,,,,,https://cea.nic.in/wp-content/uploads/ev_charging_rep/2024/12/EV_Report_Oct_2024_final1.pdf,700270573f96cd82910d89d3dddee2bcf180dbb343d5fcda7317b6e320d555dd,
TAMIL NADU,Tamil Naidu,2024-10,month,2024-10-01,1340000,,,1340000,https://cea.nic.in/wp-content/uploads/ev_charging_rep/2024/12/EV_Report_Oct_2024_final1.pdf,700270573f96cd82910d89d3dddee2bcf180dbb343d5fcda7317b6e320d555dd,
TELANGANA,Telangana,2024-10,month,2024-10-01,420000,1950000,,2370000,https://cea.nic.in/wp-content/uploads/ev_charging_rep/2024/12/EV_Report_Oct_2024_final1.pdf,700270573f96cd82910d89d3dddee2bcf180dbb343d5fcda7317b6e320d555dd,
TRIPURA,Tripura,2024-10,month,2024-10-01,,,,,https://cea.nic.in/wp-content/uploads/ev_charging_rep/2024/12/EV_Report_Oct_2024_final1.pdf,700270573f96cd82910d89d3dddee2bcf180dbb343d5fcda7317b6e320d555dd,
UTTAR PRADESH,Uttar Pradesh,2024-10,month,2024-10-01,20000,0,,20000,https://cea.nic.in/wp-content/uploads/ev_charging_rep/2024/12/EV_Report_Oct_2024_final1.pdf,700270573f96cd82910d89d3dddee2bcf180dbb343d5fcda7317b6e320d555dd,
UTTARAKHAND,Uttarakhand,2024-10,month,2024-10-01,,,,,https://cea.nic.in/wp-content/uploads/ev_charging_rep/2024/12/EV_Report_Oct_2024_final1.pdf,700270573f96cd82910d89d3dddee2bcf180dbb343d5fcda7317b6e320d555dd,
WEST BENGAL,West Bengal,2024-10,month,2024-10-01,160000,190000,,350000,https://cea.nic.in/wp-content/uploads/ev_charging_rep/2024/12/EV_Report_Oct_2024_final1.pdf,700270573f96cd82910d89d3dddee2bcf180dbb343d5fcda7317b6e320d555dd,
ANDHRA PRADESH,Andhra Pradesh,2025-07,fy_to_date,2025-04-01,640000,7810000,,8450000,https://cea.nic.in/wp-content/uploads/ev_charging_rep/2026/01/EV_Report__July_2025.pdf,9fdf08d63fd7920c8dc565e0614b78a92a7330f7a39fc8eb8f7c159f31f76ae0,
ARUNACHAL PRADESH,Arunachal Pradesh,2025-07,fy_to_date,2025-04-01,,,,,https://cea.nic.in/wp-content/uploads/ev_charging_rep/2026/01/EV_Report__July_2025.pdf,9fdf08d63fd7920c8dc565e0614b78a92a7330f7a39fc8eb8f7c159f31f76ae0,
ASSAM,Assam,2025-07,fy_to_date,2025-04-01,1500000,4660000,,6160000,https://cea.nic.in/wp-content/uploads/ev_charging_rep/2026/01/EV_Report__July_2025.pdf,9fdf08d63fd7920c8dc565e0614b78a92a7330f7a39fc8eb8f7c159f31f76ae0,
BIHAR,Bihar,2025-07,fy_to_date,2025-04-01,3840000,800000,,4640000,https://cea.nic.in/wp-content/uploads/ev_charging_rep/2026/01/EV_Report__July_2025.pdf,9fdf08d63fd7920c8dc565e0614b78a92a7330f7a39fc8eb8f7c159f31f76ae0,
CHANDIGARH,Chandigarh,2025-07,fy_to_date,2025-04-01,,,,,https://cea.nic.in/wp-content/uploads/ev_charging_rep/2026/01/EV_Report__July_2025.pdf,9fdf08d63fd7920c8dc565e0614b78a92a7330f7a39fc8eb8f7c159f31f76ae0,
CHHATTISGARH,Chhattisgarh,2025-07,fy_to_date,2025-04-01,,,,,https://cea.nic.in/wp-content/uploads/ev_charging_rep/2026/01/EV_Report__July_2025.pdf,9fdf08d63fd7920c8dc565e0614b78a92a7330f7a39fc8eb8f7c159f31f76ae0,
"DADRA,NAGAR HAVELI,DAMAN & DIU",Dadra & Nagar Haveli and Daman & Diu,2025-07,fy_to_date,2025-04-01,,,,,https://cea.nic.in/wp-content/uploads/ev_charging_rep/2026/01/EV_Report__July_2025.pdf,9fdf08d63fd7920c8dc565e0614b78a92a7330f7a39fc8eb8f7c159f31f76ae0,
DELHI,Delhi,2025-07,fy_to_date,2025-04-01,20020000,90630000,,110650000,https://cea.nic.in/wp-content/uploads/ev_charging_rep/2026/01/EV_Report__July_2025.pdf,9fdf08d63fd7920c8dc565e0614b78a92a7330f7a39fc8eb8f7c159f31f76ae0,
GUJARAT,Gujarat,2025-07,fy_to_date,2025-04-01,2010000,24410000,,26430000,https://cea.nic.in/wp-content/uploads/ev_charging_rep/2026/01/EV_Report__July_2025.pdf,9fdf08d63fd7920c8dc565e0614b78a92a7330f7a39fc8eb8f7c159f31f76ae0,
HARYANA,Haryana,2025-07,fy_to_date,2025-04-01,5850000,610000,,6470000,https://cea.nic.in/wp-content/uploads/ev_charging_rep/2026/01/EV_Report__July_2025.pdf,9fdf08d63fd7920c8dc565e0614b78a92a7330f7a39fc8eb8f7c159f31f76ae0,
HIMACHAL PRADESH,Himachal Pradesh,2025-07,fy_to_date,2025-04-01,,,,,https://cea.nic.in/wp-content/uploads/ev_charging_rep/2026/01/EV_Report__July_2025.pdf,9fdf08d63fd7920c8dc565e0614b78a92a7330f7a39fc8eb8f7c159f31f76ae0,
India,India,2025-07,fy_to_date,2025-04-01,108010000,322190000,,430200000,https://cea.nic.in/wp-content/uploads/ev_charging_rep/2026/01/EV_Report__July_2025.pdf,9fdf08d63fd7920c8dc565e0614b78a92a7330f7a39fc8eb8f7c159f31f76ae0,
JHARKHAND,Jharkhand,2025-07,fy_to_date,2025-04-01,,,,,https://cea.nic.in/wp-content/uploads/ev_charging_rep/2026/01/EV_Report__July_2025.pdf,9fdf08d63fd7920c8dc565e0614b78a92a7330f7a39fc8eb8f7c159f31f76ae0,
KARNATAKA,Karnataka,2025-07,fy_to_date,2025-04-01,8970000,55280000,,64250000,https://cea.nic.in/wp-content/uploads/ev_charging_rep/2026/01/EV_Report__July_2025.pdf,9fdf08d63fd7920c8dc565e0614b78a92a7330f7a39fc8eb8f7c159f31f76ae0,
KERALA,Kerala,2025-07,fy_to_date,2025-04-01,5130000,1300000,,6440000,https://cea.nic.in/wp-content/uploads/ev_charging_rep/2026/01/EV_Report__July_2025.pdf,9fdf08d63fd7920c8dc565e0614b78a92a7330f7a39fc8eb8f7c159f31f76ae0,
LADAKH,UT of Ladakh,2025-07,fy_to_date,2025-04-01,,500000,,500000,https://cea.nic.in/wp-content/uploads/ev_charging_rep/2026/01/EV_Report__July_2025.pdf,9fdf08d63fd7920c8dc565e0614b78a92a7330f7a39fc8eb8f7c159f31f76ae0,
MADHYA PRADESH,Madhya Pradesh,2025-07,fy_to_date,2025-04-01,1280000,3920000,,5200000,https://cea.nic.in/wp-content/uploads/ev_charging_rep/2026/01/EV_Report__July_2025.pdf,9fdf08d63fd7920c8dc565e0614b78a92a7330f7a39fc8eb8f7c159f31f76ae0,
MAHARASHTRA,Maharashtra,2025-07,fy_to_date,2025-04-01,18090000,84680000,,102760000,https://cea.nic.in/wp-content/uploads/ev_charging_rep/2026/01/EV_Report__July_2025.pdf,9fdf08d63fd7920c8dc565e0614b78a92a7330f7a39fc8eb8f7c159f31f76ae0,
MANIPUR,Manipur,2025-07,fy_to_date,2025-04-01,,,,,https://cea.nic.in/wp-content/uploads/ev_charging_rep/2026/01/EV_Report__July_2025.pdf,9fdf08d63fd7920c8dc565e0614b78a92a7330f7a39fc8eb8f7c159f31f76ae0,
MEGHALAYA,Meghalaya,2025-07,fy_to_date,2025-04-01,,,,,https://cea.nic.in/wp-content/uploads/ev_charging_rep/2026/01/EV_Report__July_2025.pdf,9fdf08d63fd7920c8dc565e0614b78a92a7330f7a39fc8eb8f7c159f31f76ae0,
MIZORAM,Mizoram,2025-07,fy_to_date,2025-04-01,,,,,https://cea.nic.in/wp-content/uploads/ev_charging_rep/2026/01/EV_Report__July_2025.pdf,9fdf08d63fd7920c8dc565e0614b78a92a7330f7a39fc8eb8f7c159f31f76ae0,
NAGALAND,Nagaland,2025-07,fy_to_date,2025-04-01,,,,,https://cea.nic.in/wp-content/uploads/ev_charging_rep/2026/01/EV_Report__July_2025.pdf,9fdf08d63fd7920c8dc565e0614b78a92a7330f7a39fc8eb8f7c159f31f76ae0,
ODISHA,Odisha,2025-07,fy_to_date,2025-04-01,150000,940000,,1090000,https://cea.nic.in/wp-content/uploads/ev_charging_rep/2026/01/EV_Report__July_2025.pdf,9fdf08d63fd7920c8dc565e0614b78a92a7330f7a39fc8eb8f7c159f31f76ae0,
PUDUCHERRY,Puducherry,2025-07,fy_to_date,2025-04-01,,,,,https://cea.nic.in/wp-content/uploads/ev_charging_rep/2026/01/EV_Report__July_2025.pdf,9fdf08d63fd7920c8dc565e0614b78a92a7330f7a39fc8eb8f7c159f31f76ae0,
RAJASTHAN,Rajasthan,2025-07,fy_to_date,2025-04-01,4200000,660000,,4860000,https://cea.nic.in/wp-content/uploads/ev_charging_rep/2026/01/EV_Report__July_2025.pdf,9fdf08d63fd7920c8dc565e0614b78a92a7330f7a39fc8eb8f7c159f31f76ae0,
SIKKIM,Sikkim,2025-07,fy_to_date,2025-04-01,,,,,https://cea.nic.in/wp-content/uploads/ev_charging_rep/2026/01/EV_Report__July_2025.pdf,9fdf08d63fd7920c8dc565e0614b78a92a7330f7a39fc8eb8f7c159f31f76ae0,
TAMIL NADU,Tamil Nadu,2025-07,fy_to_date,2025-04-01,3380000,4720000,,8100000,https://cea.nic.in/wp-content/uploads/ev_charging_rep/2026/01/EV_Report__July_2025.pdf,9fdf08d63fd7920c8dc565e0614b78a92a7330f7a39fc8eb8f7c159f31f76ae0,
TELANGANA,Telangana,2025-07,fy_to_date,2025-04-01,3560000,24300000,,27860000,https://cea.nic.in/wp-content/uploads/ev_charging_rep/2026/01/EV_Report__July_2025.pdf,9fdf08d63fd7920c8dc565e0614b78a92a7330f7a39fc8eb8f7c159f31f76ae0,
TRIPURA,Tripura,2025-07,fy_to_date,2025-04-01,,,,,https://cea.nic.in/wp-content/uploads/ev_charging_rep/2026/01/EV_Report__July_2025.pdf,9fdf08d63fd7920c8dc565e0614b78a92a7330f7a39fc8eb8f7c159f31f76ae0,
UTTAR PRADESH,Uttar Pradesh,2025-07,fy_to_date,2025-04-01,28240000,13450000,,41690000,https://cea.nic.in/wp-content/uploads/ev_charging_rep/2026/01/EV_Report__July_2025.pdf,9fdf08d63fd7920c8dc565e0614b78a92a7330f7a39fc8eb8f7c159f31f76ae0,
UTTARAKHAND,Uttarakhand,2025-07,fy_to_date,2025-04-01,,,,,https://cea.nic.in/wp-content/uploads/ev_charging_rep/2026/01/EV_Report__July_2025.pdf,9fdf08d63fd7920c8dc565e0614b78a92a7330f7a39fc8eb8f7c159f31f76ae0,
WEST BENGAL,West Bengal,2025-07,fy_to_date,2025-04-01,1150000,3510000,,4660000,https://cea.nic.in/wp-content/uploads/ev_charging_rep/2026/01/EV_Report__July_2025.pdf,9fdf08d63fd7920c8dc565e0614b78a92a7330f7a39fc8eb8f7c159f31f76ae0,
ANDHRA PRADESH,Andhra Pradesh,2025-07,month,2025-07-01,180000,2040000,,2220000,https://cea.nic.in/wp-content/uploads/ev_charging_rep/2026/01/EV_Report__July_2025.pdf,9fdf08d63fd7920c8dc565e0614b78a92a7330f7a39fc8eb8f7c159f31f76ae0,
ARUNACHAL PRADESH,Arunachal Pradesh,2025-07,month,2025-07-01,,,,,https://cea.nic.in/wp-content/uploads/ev_charging_rep/2026/01/EV_Report__July_2025.pdf,9fdf08d63fd7920c8dc565e0614b78a92a7330f7a39fc8eb8f7c159f31f76ae0,
ASSAM,Assam,2025-07,month,2025-07-01,110000,1400000,,1510000,https://cea.nic.in/wp-content/uploads/ev_charging_rep/2026/01/EV_Report__July_2025.pdf,9fdf08d63fd7920c8dc565e0614b78a92a7330f7a39fc8eb8f7c159f31f76ae0,
BIHAR,Bihar,2025-07,month,2025-07-01,200000,190000,,390000,https://cea.nic.in/wp-content/uploads/ev_charging_rep/2026/01/EV_Report__July_2025.pdf,9fdf08d63fd7920c8dc565e0614b78a92a7330f7a39fc8eb8f7c159f31f76ae0,
CHANDIGARH,Chandigarh,2025-07,month,2025-07-01,,,,,https://cea.nic.in/wp-content/uploads/ev_charging_rep/2026/01/EV_Report__July_2025.pdf,9fdf08d63fd7920c8dc565e0614b78a92a7330f7a39fc8eb8f7c159f31f76ae0,
CHHATTISGARH,Chhattisgarh,2025-07,month,2025-07-01,,,,,https://cea.nic.in/wp-content/uploads/ev_charging_rep/2026/01/EV_Report__July_2025.pdf,9fdf08d63fd7920c8dc565e0614b78a92a7330f7a39fc8eb8f7c159f31f76ae0,
"DADRA,NAGAR HAVELI,DAMAN & DIU",Dadra & Nagar Haveli and Daman & Diu,2025-07,month,2025-07-01,,,,,https://cea.nic.in/wp-content/uploads/ev_charging_rep/2026/01/EV_Report__July_2025.pdf,9fdf08d63fd7920c8dc565e0614b78a92a7330f7a39fc8eb8f7c159f31f76ae0,
DELHI,Delhi,2025-07,month,2025-07-01,4760000,24150000,,28910000,https://cea.nic.in/wp-content/uploads/ev_charging_rep/2026/01/EV_Report__July_2025.pdf,9fdf08d63fd7920c8dc565e0614b78a92a7330f7a39fc8eb8f7c159f31f76ae0,
GUJARAT,Gujarat,2025-07,month,2025-07-01,400000,5790000,,6200000,https://cea.nic.in/wp-content/uploads/ev_charging_rep/2026/01/EV_Report__July_2025.pdf,9fdf08d63fd7920c8dc565e0614b78a92a7330f7a39fc8eb8f7c159f31f76ae0,
HARYANA,Haryana,2025-07,month,2025-07-01,1340000,150000,,1500000,https://cea.nic.in/wp-content/uploads/ev_charging_rep/2026/01/EV_Report__July_2025.pdf,9fdf08d63fd7920c8dc565e0614b78a92a7330f7a39fc8eb8f7c159f31f76ae0,
HIMACHAL PRADESH,Himachal Pradesh,2025-07,month,2025-07-01,,,,,https://cea.nic.in/wp-content/uploads/ev_charging_rep/2026/01/EV_Report__July_2025.pdf,9fdf08d63fd7920c8dc565e0614b78a92a7330f7a39fc8eb8f7c159f31f76ae0,
India,India,2025-07,month,2025-07-01,34370000,81030000,,115390000,https://cea.nic.in/wp-content/uploads/ev_charging_rep/2026/01/EV_Report__July_2025.pdf,9fdf08d63fd7920c8dc565e0614b78a92a7330f7a39fc8eb8f7c159f31f76ae0,
JHARKHAND,Jharkhand,2025-07,month,2025-07-01,,,,,https://cea.nic.in/wp-content/uploads/ev_charging_rep/2026/01/EV_Report__July_2025.pdf,9fdf08d63fd7920c8dc565e0614b78a92a7330f7a39fc8eb8f7c159f31f76ae0,
KARNATAKA,Karnataka,2025-07,month,2025-07-01,2510000,13070000,,15580000,https://cea.nic.in/wp-content/uploads/ev_charging_rep/2026/01/EV_Report__July_2025.pdf,9fdf08d63fd7920c8dc565e0614b78a92a7330f7a39fc8eb8f7c159f31f76ae0,
KERALA,Kerala,2025-07,month,2025-07-01,1240000,660000,,1900000,https://cea.nic.in/wp-content/uploads/ev_charging_rep/2026/01/EV_Report__July_2025.pdf,9fdf08d63fd7920c8dc565e0614b78a92a7330f7a39fc8eb8f7c159f31f76ae0,
LADAKH,UT of Ladakh,2025-07,month,2025-07-01,,160000,,160000,https://cea.nic.in/wp-content/uploads/ev_charging_rep/2026/01/EV_Report__July_2025.pdf,9fdf08d63fd7920c8dc565e0614b78a92a7330f7a39fc8eb8f7c159f31f76ae0,
MADHYA PRADESH,Madhya Pradesh,2025-07,month,2025-07-01,190000,150000,,340000,https://cea.nic.in/wp-content/uploads/ev_charging_rep/2026/01/EV_Report__July_2025.pdf,9fdf08d63fd7920c8dc565e0614b78a92a7330f7a39fc8eb8f7c159f31f76ae0,
MAHARASHTRA,Maharashtra,2025-07,month,2025-07-01,4620000,22500000,,27120000,https://cea.nic.in/wp-content/uploads/ev_charging_rep/2026/01/EV_Report__July_2025.pdf,9fdf08d63fd7920c8dc565e0614b78a92a7330f7a39fc8eb8f7c159f31f76ae0,
MANIPUR,Manipur,2025-07,month,2025-07-01,,,,,https://cea.nic.in/wp-content/uploads/ev_charging_rep/2026/01/EV_Report__July_2025.pdf,9fdf08d63fd7920c8dc565e0614b78a92a7330f7a39fc8eb8f7c159f31f76ae0,
MEGHALAYA,Meghalaya,2025-07,month,2025-07-01,,,,,https://cea.nic.in/wp-content/uploads/ev_charging_rep/2026/01/EV_Report__July_2025.pdf,9fdf08d63fd7920c8dc565e0614b78a92a7330f7a39fc8eb8f7c159f31f76ae0,
MIZORAM,Mizoram,2025-07,month,2025-07-01,,,,,https://cea.nic.in/wp-content/uploads/ev_charging_rep/2026/01/EV_Report__July_2025.pdf,9fdf08d63fd7920c8dc565e0614b78a92a7330f7a39fc8eb8f7c159f31f76ae0,
NAGALAND,Nagaland,2025-07,month,2025-07-01,,,,,https://cea.nic.in/wp-content/uploads/ev_charging_rep/2026/01/EV_Report__July_2025.pdf,9fdf08d63fd7920c8dc565e0614b78a92a7330f7a39fc8eb8f7c159f31f76ae0,
ODISHA,Odisha,2025-07,month,2025-07-01,30000,650000,,690000,https://cea.nic.in/wp-content/uploads/ev_charging_rep/2026/01/EV_Report__July_2025.pdf,9fdf08d63fd7920c8dc565e0614b78a92a7330f7a39fc8eb8f7c159f31f76ae0,
PUDUCHERRY,Puducherry,2025-07,month,2025-07-01,,,,,https://cea.nic.in/wp-content/uploads/ev_charging_rep/2026/01/EV_Report__July_2025.pdf,9fdf08d63fd7920c8dc565e0614b78a92a7330f7a39fc8eb8f7c159f31f76ae0,
RAJASTHAN,Rajasthan,2025-07,month,2025-07-01,1030000,240000,,1270000,https://cea.nic.in/wp-content/uploads/ev_charging_rep/2026/01/EV_Report__July_2025.pdf,9fdf08d63fd7920c8dc565e0614b78a92a7330f7a39fc8eb8f7c159f31f76ae0,
SIKKIM,Sikkim,2025-07,month,2025-07-01,,,,,https://cea.nic.in/wp-content/uploads/ev_charging_rep/2026/01/EV_Report__July_2025.pdf,9fdf08d63fd7920c8dc565e0614b78a92a7330f7a39fc8eb8f7c159f31f76ae0,
TAMIL NADU,Tamil Nadu,2025-07,month,2025-07-01,840000,890000,,1730000,https://cea.nic.in/wp-content/uploads/ev_charging_rep/2026/01/EV_Report__July_2025.pdf,9fdf08d63fd7920c8dc565e0614b78a92a7330f7a39fc8eb8f7c159f31f76ae0,
TELANGANA,Telangana,2025-07,month,2025-07-01,950000,6910000,,7860000,https://cea.nic.in/wp-content/uploads/ev_charging_rep/2026/01/EV_Report__July_2025.pdf,9fdf08d63fd7920c8dc565e0614b78a92a7330f7a39fc8eb8f7c159f31f76ae0,
TRIPURA,Tripura,2025-07,month,2025-07-01,,,,,https://cea.nic.in/wp-content/uploads/ev_charging_rep/2026/01/EV_Report__July_2025.pdf,9fdf08d63fd7920c8dc565e0614b78a92a7330f7a39fc8eb8f7c159f31f76ae0,
UTTAR PRADESH,Uttar Pradesh,2025-07,month,2025-07-01,15550000,1210000,,16760000,https://cea.nic.in/wp-content/uploads/ev_charging_rep/2026/01/EV_Report__July_2025.pdf,9fdf08d63fd7920c8dc565e0614b78a92a7330f7a39fc8eb8f7c159f31f76ae0,
UTTARAKHAND,Uttarakhand,2025-07,month,2025-07-01,,,,,https://cea.nic.in/wp-content/uploads/ev_charging_rep/2026/01/EV_Report__July_2025.pdf,9fdf08d63fd7920c8dc565e0614b78a92a7330f7a39fc8eb8f7c159f31f76ae0,
WEST BENGAL,West Bengal,2025-07,month,2025-07-01,410000,840000,,1250000,https://cea.nic.in/wp-content/uploads/ev_charging_rep/2026/01/EV_Report__July_2025.pdf,9fdf08d63fd7920c8dc565e0614b78a92a7330f7a39fc8eb8f7c159f31f76ae0,
ANDHRA PRADESH,Andhra Pradesh,2025-08,fy_to_date,2025-04-01,1660000,9980000,,11640000,https://cea.nic.in/wp-content/uploads/ev_charging_rep/2026/01/EV_Report__Aug_2025.pdf,5bd23849f542dc2806482f9136347d063aeefd42d468b70ed0990c9a25f953bb,
ARUNACHAL PRADESH,Arunachal Pradesh,2025-08,fy_to_date,2025-04-01,,,,,https://cea.nic.in/wp-content/uploads/ev_charging_rep/2026/01/EV_Report__Aug_2025.pdf,5bd23849f542dc2806482f9136347d063aeefd42d468b70ed0990c9a25f953bb,
ASSAM,Assam,2025-08,fy_to_date,2025-04-01,1820000,6090000,,7910000,https://cea.nic.in/wp-content/uploads/ev_charging_rep/2026/01/EV_Report__Aug_2025.pdf,5bd23849f542dc2806482f9136347d063aeefd42d468b70ed0990c9a25f953bb,
BIHAR,Bihar,2025-08,fy_to_date,2025-04-01,4040000,970000,,5010000,https://cea.nic.in/wp-content/uploads/ev_charging_rep/2026/01/EV_Report__Aug_2025.pdf,5bd23849f542dc2806482f9136347d063aeefd42d468b70ed0990c9a25f953bb,
CHANDIGARH,Chandigarh,2025-08,fy_to_date,2025-04-01,,,,,https://cea.nic.in/wp-content/uploads/ev_charging_rep/2026/01/EV_Report__Aug_2025.pdf,5bd23849f542dc2806482f9136347d063aeefd42d468b70ed0990c9a25f953bb,
CHHATTISGARH,Chhattisgarh,2025-08,fy_to_date,2025-04-01,,,,,https://cea.nic.in/wp-content/uploads/ev_charging_rep/2026/01/EV_Report__Aug_2025.pdf,5bd23849f542dc2806482f9136347d063aeefd42d468b70ed0990c9a25f953bb,
"DADRA,NAGAR HAVELI,DAMAN & DIU",Dadra & Nagar Haveli and Daman & Diu,2025-08,fy_to_date,2025-04-01,,,,,https://cea.nic.in/wp-content/uploads/ev_charging_rep/2026/01/EV_Report__Aug_2025.pdf,5bd23849f542dc2806482f9136347d063aeefd42d468b70ed0990c9a25f953bb,
DELHI,Delhi,2025-08,fy_to_date,2025-04-01,25530000,116840000,,142370000,https://cea.nic.in/wp-content/uploads/ev_charging_rep/2026/01/EV_Report__Aug_2025.pdf,5bd23849f542dc2806482f9136347d063aeefd42d468b70ed0990c9a25f953bb,
GUJARAT,Gujarat,2025-08,fy_to_date,2025-04-01,2450000,30600000,,33060000,https://cea.nic.in/wp-content/uploads/ev_charging_rep/2026/01/EV_Report__Aug_2025.pdf,5bd23849f542dc2806482f9136347d063aeefd42d468b70ed0990c9a25f953bb,
HARYANA,Haryana,2025-08,fy_to_date,2025-04-01,7550000,820000,,8370000,https://cea.nic.in/wp-content/uploads/ev_charging_rep/2026/01/EV_Report__Aug_2025.pdf,5bd23849f542dc2806482f9136347d063aeefd42d468b70ed0990c9a25f953bb,
HIMACHAL PRADESH,Himachal Pradesh,2025-08,fy_to_date,2025-04-01,,,,,https://cea.nic.in/wp-content/uploads/ev_charging_rep/2026/01/EV_Report__Aug_2025.pdf,5bd23849f542dc2806482f9136347d063aeefd42d468b70ed0990c9a25f953bb,
India,India,2025-08,fy_to_date,2025-04-01,151350000,416010000,,567360000,https://cea.nic.in/wp-content/uploads/ev_charging_rep/2026/01/EV_Report__Aug_2025.pdf,5bd23849f542dc2806482f9136347d063aeefd42d468b70ed0990c9a25f953bb,
JHARKHAND,Jharkhand,2025-08,fy_to_date,2025-04-01,,,,,https://cea.nic.in/wp-content/uploads/ev_charging_rep/2026/01/EV_Report__Aug_2025.pdf,5bd23849f542dc2806482f9136347d063aeefd42d468b70ed0990c9a25f953bb,
KARNATAKA,Karnataka,2025-08,fy_to_date,2025-04-01,11840000,70830000,,82660000,https://cea.nic.in/wp-content/uploads/ev_charging_rep/2026/01/EV_Report__Aug_2025.pdf,5bd23849f542dc2806482f9136347d063aeefd42d468b70ed0990c9a25f953bb,
KERALA,Kerala,2025-08,fy_to_date,2025-04-01,6480000,2080000,,8560000,https://cea.nic.in/wp-content/uploads/ev_charging_rep/2026/01/EV_Report__Aug_2025.pdf,5bd23849f542dc2806482f9136347d063aeefd42d468b70ed0990c9a25f953bb,
LADAKH,UT of Ladakh,2025-08,fy_to_date,2025-04-01,,580000,,580000,https://cea.nic.in/wp-content/uploads/ev_charging_rep/2026/01/EV_Report__Aug_2025.pdf,5bd23849f542dc2806482f9136347d063aeefd42d468b70ed0990c9a25f953bb,
MADHYA PRADESH,Madhya Pradesh,2025-08,fy_to_date,2025-04-01,1500000,4110000,,5610000,https://cea.nic.in/wp-content/uploads/ev_charging_rep/2026/01/EV_Report__Aug_2025.pdf,5bd23849f542dc2806482f9136347d063aeefd42d468b70ed0990c9a25f953bb,
MAHARASHTRA,Maharashtra,2025-08,fy_to_date,2025-04-01,23350000,108170000,,131520000,https://cea.nic.in/wp-content/uploads/ev_charging_rep/2026/01/EV_Report__Aug_2025.pdf,5bd23849f542dc2806482f9136347d063aeefd42d468b70ed0990c9a25f953bb,
MANIPUR,Manipur,2025-08,fy_to_date,2025-04-01,,,,,https://cea.nic.in/wp-content/uploads/ev_charging_rep/2026/01/EV_Report__Aug_2025.pdf,5bd23849f542dc2806482f9136347d063aeefd42d468b70ed0990c9a25f953bb,
MEGHALAYA,Meghalaya,2025-08,fy_to_date,2025-04-01,,,,,https://cea.nic.in/wp-content/uploads/ev_charging_rep/2026/01/EV_Report__Aug_2025.pdf,5bd23849f542dc2806482f9136347d063aeefd42d468b70ed0990c9a25f953bb,
MIZORAM,Mizoram,2025-08,fy_to_date,2025-04-01,,,,,https://cea.nic.in/wp-content/uploads/ev_charging_rep/2026/01/EV_Report__Aug_2025.pdf,5bd23849f542dc2806482f9136347d063aeefd42d468b70ed0990c9a25f953bb,
NAGALAND,Nagaland,2025-08,fy_to_date,2025-04-01,,,,,https://cea.nic.in/wp-content/uploads/ev_charging_rep/2026/01/EV_Report__Aug_2025.pdf,5bd23849f542dc2806482f9136347d063aeefd42d468b70ed0990c9a25f953bb,
ODISHA,Odisha,2025-08,fy_to_date,2025-04-01,190000,1780000,,1980000,https://cea.nic.in/wp-content/uploads/ev_charging_rep/2026/01/EV_Report__Aug_2025.pdf,5bd23849f542dc2806482f9136347d063aeefd42d468b70ed0990c9a25f953bb,
PUDUCHERRY,Puducherry,2025-08,fy_to_date,2025-04-01,,,,,https://cea.nic.in/wp-content/uploads/ev_charging_rep/2026/01/EV_Report__Aug_2025.pdf,5bd23849f542dc2806482f9136347d063aeefd42d468b70ed0990c9a25f953bb,
RAJASTHAN,Rajasthan,2025-08,fy_to_date,2025-04-01,5220000,900000,,6120000,https://cea.nic.in/wp-content/uploads/ev_charging_rep/2026/01/EV_Report__Aug_2025.pdf,5bd23849f542dc2806482f9136347d063aeefd42d468b70ed0990c9a25f953bb,
SIKKIM,Sikkim,2025-08,fy_to_date,2025-04-01,,,,,https://cea.nic.in/wp-content/uploads/ev_charging_rep/2026/01/EV_Report__Aug_2025.pdf,5bd23849f542dc2806482f9136347d063aeefd42d468b70ed0990c9a25f953bb,
TAMIL NADU,Tamil Nadu,2025-08,fy_to_date,2025-04-01,4490000,7300000,,11790000,https://cea.nic.in/wp-content/uploads/ev_charging_rep/2026/01/EV_Report__Aug_2025.pdf,5bd23849f542dc2806482f9136347d063aeefd42d468b70ed0990c9a25f953bb,
TELANGANA,Telangana,2025-08,fy_to_date,2025-04-01,4620000,32070000,,36690000,https://cea.nic.in/wp-content/uploads/ev_charging_rep/2026/01/EV_Report__Aug_2025.pdf,5bd23849f542dc2806482f9136347d063aeefd42d468b70ed0990c9a25f953bb,
TRIPURA,Tripura,2025-08,fy_to_date,2025-04-01,,,,,https://cea.nic.in/wp-content/uploads/ev_charging_rep/2026/01/EV_Report__Aug_2025.pdf,5bd23849f542dc2806482f9136347d063aeefd42d468b70ed0990c9a25f953bb,
UTTAR PRADESH,Uttar Pradesh,2025-08,fy_to_date,2025-04-01,48980000,18580000,,67560000,https://cea.nic.in/wp-content/uploads/ev_charging_rep/2026/01/EV_Report__Aug_2025.pdf,5bd23849f542dc2806482f9136347d063aeefd42d468b70ed0990c9a25f953bb,
UTTARAKHAND,Uttarakhand,2025-08,fy_to_date,2025-04-01,,,,,https://cea.nic.in/wp-content/uploads/ev_charging_rep/2026/01/EV_Report__Aug_2025.pdf,5bd23849f542dc2806482f9136347d063aeefd42d468b70ed0990c9a25f953bb,
WEST BENGAL,West Bengal,2025-08,fy_to_date,2025-04-01,1630000,4310000,,5940000,https://cea.nic.in/wp-content/uploads/ev_charging_rep/2026/01/EV_Report__Aug_2025.pdf,5bd23849f542dc2806482f9136347d063aeefd42d468b70ed0990c9a25f953bb,
ANDHRA PRADESH,Andhra Pradesh,2025-08,month,2025-08-01,1020000,2160000,,3190000,https://cea.nic.in/wp-content/uploads/ev_charging_rep/2026/01/EV_Report__Aug_2025.pdf,5bd23849f542dc2806482f9136347d063aeefd42d468b70ed0990c9a25f953bb,
ARUNACHAL PRADESH,Arunachal Pradesh,2025-08,month,2025-08-01,,,,,https://cea.nic.in/wp-content/uploads/ev_charging_rep/2026/01/EV_Report__Aug_2025.pdf,5bd23849f542dc2806482f9136347d063aeefd42d468b70ed0990c9a25f953bb,
ASSAM,Assam,2025-08,month,2025-08-01,320000,1430000,,1750000,https://cea.nic.in/wp-content/uploads/ev_charging_rep/2026/01/EV_Report__Aug_2025.pdf,5bd23849f542dc2806482f9136347d063aeefd42d468b70ed0990c9a25f953bb,
BIHAR,Bihar,2025-08,month,2025-08-01,200000,170000,,370000,https://cea.nic.in/wp-content/uploads/ev_charging_rep/2026/01/EV_Report__Aug_2025.pdf,5bd23849f542dc2806482f9136347d063aeefd42d468b70ed0990c9a25f953bb,
CHANDIGARH,Chandigarh,2025-08,month,2025-08-01,,,,,https://cea.nic.in/wp-content/uploads/ev_charging_rep/2026/01/EV_Report__Aug_2025.pdf,5bd23849f542dc2806482f9136347d063aeefd42d468b70ed0990c9a25f953bb,
CHHATTISGARH,Chhattisgarh,2025-08,month,2025-08-01,,,,,https://cea.nic.in/wp-content/uploads/ev_charging_rep/2026/01/EV_Report__Aug_2025.pdf,5bd23849f542dc2806482f9136347d063aeefd42d468b70ed0990c9a25f953bb,
"DADRA,NAGAR HAVELI,DAMAN & DIU",Dadra & Nagar Haveli and Daman & Diu,2025-08,month,2025-08-01,,,,,https://cea.nic.in/wp-content/uploads/ev_charging_rep/2026/01/EV_Report__Aug_2025.pdf,5bd23849f542dc2806482f9136347d063aeefd42d468b70ed0990c9a25f953bb,
DELHI,Delhi,2025-08,month,2025-08-01,5500000,26220000,,31720000,https://cea.nic.in/wp-content/uploads/ev_charging_rep/2026/01/EV_Report__Aug_2025.pdf,5bd23849f542dc2806482f9136347d063aeefd42d468b70ed0990c9a25f953bb,
GUJARAT,Gujarat,2025-08,month,2025-08-01,440000,6190000,,6630000,https://cea.nic.in/wp-content/uploads/ev_charging_rep/2026/01/EV_Report__Aug_2025.pdf,5bd23849f542dc2806482f9136347d063aeefd42d468b70ed0990c9a25f953bb,
HARYANA,Haryana,2025-08,month,2025-08-01,1700000,210000,,1910000,https://cea.nic.in/wp-content/uploads/ev_charging_rep/2026/01/EV_Report__Aug_2025.pdf,5bd23849f542dc2806482f9136347d063aeefd42d468b70ed0990c9a25f953bb,
HIMACHAL PRADESH,Himachal Pradesh,2025-08,month,2025-08-01,,,,,https://cea.nic.in/wp-content/uploads/ev_charging_rep/2026/01/EV_Report__Aug_2025.pdf,5bd23849f542dc2806482f9136347d063aeefd42d468b70ed0990c9a25f953bb,
India,India,2025-08,month,2025-08-01,43340000,93820000,,137160000,https://cea.nic.in/wp-content/uploads/ev_charging_rep/2026/01/EV_Report__Aug_2025.pdf,5bd23849f542dc2806482f9136347d063aeefd42d468b70ed0990c9a25f953bb,
JHARKHAND,Jharkhand,2025-08,month,2025-08-01,,,,,https://cea.nic.in/wp-content/uploads/ev_charging_rep/2026/01/EV_Report__Aug_2025.pdf,5bd23849f542dc2806482f9136347d063aeefd42d468b70ed0990c9a25f953bb,
KARNATAKA,Karnataka,2025-08,month,2025-08-01,2860000,15550000,,18410000,https://cea.nic.in/wp-content/uploads/ev_charging_rep/2026/01/EV_Report__Aug_2025.pdf,5bd23849f542dc2806482f9136347d063aeefd42d468b70ed0990c9a25f953bb,
KERALA,Kerala,2025-08,month,2025-08-01,1340000,780000,,2120000,https://cea.nic.in/wp-content/uploads/ev_charging_rep/2026/01/EV_Report__Aug_2025.pdf,5bd23849f542dc2806482f9136347d063aeefd42d468b70ed0990c9a25f953bb,
LADAKH,UT of Ladakh,2025-08,month,2025-08-01,,80000,,80000,https://cea.nic.in/wp-content/uploads/ev_charging_rep/2026/01/EV_Report__Aug_2025.pdf,5bd23849f542dc2806482f9136347d063aeefd42d468b70ed0990c9a25f953bb,
MADHYA PRADESH,Madhya Pradesh,2025-08,month,2025-08-01,220000,190000,,410000,https://cea.nic.in/wp-content/uploads/ev_charging_rep/2026/01/EV_Report__Aug_2025.pdf,5bd23849f542dc2806482f9136347d063aeefd42d468b70ed0990c9a25f953bb,
MAHARASHTRA,Maharashtra,2025-08,month,2025-08-01,5260000,23500000,,28750000,https://cea.nic.in/wp-content/uploads/ev_charging_rep/2026/01/EV_Report__Aug_2025.pdf,5bd23849f542dc2806482f9136347d063aeefd42d468b70ed0990c9a25f953bb,
MANIPUR,Manipur,2025-08,month,2025-08-01,,,,,https://cea.nic.in/wp-content/uploads/ev_charging_rep/2026/01/EV_Report__Aug_2025.pdf,5bd23849f542dc2806482f9136347d063aeefd42d468b70ed0990c9a25f953bb,
MEGHALAYA,Meghalaya,2025-08,month,2025-08-01,,,,,https://cea.nic.in/wp-content/uploads/ev_charging_rep/2026/01/EV_Report__Aug_2025.pdf,5bd23849f542dc2806482f9136347d063aeefd42d468b70ed0990c9a25f953bb,
MIZORAM,Mizoram,2025-08,month,2025-08-01,,,,,https://cea.nic.in/wp-content/uploads/ev_charging_rep/2026/01/EV_Report__Aug_2025.pdf,5bd23849f542dc2806482f9136347d063aeefd42d468b70ed0990c9a25f953bb,
NAGALAND,Nagaland,2025-08,month,2025-08-01,,,,,https://cea.nic.in/wp-content/uploads/ev_charging_rep/2026/01/EV_Report__Aug_2025.pdf,5bd23849f542dc2806482f9136347d063aeefd42d468b70ed0990c9a25f953bb,
ODISHA,Odisha,2025-08,month,2025-08-01,50000,850000,,890000,https://cea.nic.in/wp-content/uploads/ev_charging_rep/2026/01/EV_Report__Aug_2025.pdf,5bd23849f542dc2806482f9136347d063aeefd42d468b70ed0990c9a25f953bb,
PUDUCHERRY,Puducherry,2025-08,month,2025-08-01,,,,,https://cea.nic.in/wp-content/uploads/ev_charging_rep/2026/01/EV_Report__Aug_2025.pdf,5bd23849f542dc2806482f9136347d063aeefd42d468b70ed0990c9a25f953bb,
RAJASTHAN,Rajasthan,2025-08,month,2025-08-01,1020000,240000,,1260000,https://cea.nic.in/wp-content/uploads/ev_charging_rep/2026/01/EV_Report__Aug_2025.pdf,5bd23849f542dc2806482f9136347d063aeefd42d468b70ed0990c9a25f953bb,
SIKKIM,Sikkim,2025-08,month,2025-08-01,,,,,https://cea.nic.in/wp-content/uploads/ev_charging_rep/2026/01/EV_Report__Aug_2025.pdf,5bd23849f542dc2806482f9136347d063aeefd42d468b70ed0990c9a25f953bb,
TAMIL NADU,Tamil Nadu,2025-08,month,2025-08-01,1110000,2580000,,3690000,https://cea.nic.in/wp-content/uploads/ev_charging_rep/2026/01/EV_Report__Aug_2025.pdf,5bd23849f542dc2806482f9136347d063aeefd42d468b70ed0990c9a25f953bb,
TELANGANA,Telangana,2025-08,month,2025-08-01,1060000,7770000,,8830000,https://cea.nic.in/wp-content/uploads/ev_charging_rep/2026/01/EV_Report__Aug_2025.pdf,5bd23849f542dc2806482f9136347d063aeefd42d468b70ed0990c9a25f953bb,
TRIPURA,Tripura,2025-08,month,2025-08-01,,,,,https://cea.nic.in/wp-content/uploads/ev_charging_rep/2026/01/EV_Report__Aug_2025.pdf,5bd23849f542dc2806482f9136347d063aeefd42d468b70ed0990c9a25f953bb,
UTTAR PRADESH,Uttar Pradesh,2025-08,month,2025-08-01,20740000,5120000,,25870000,https://cea.nic.in/wp-content/uploads/ev_charging_rep/2026/01/EV_Report__Aug_2025.pdf,5bd23849f542dc2806482f9136347d063aeefd42d468b70ed0990c9a25f953bb,
UTTARAKHAND,Uttarakhand,2025-08,month,2025-08-01,,,,,https://cea.nic.in/wp-content/uploads/ev_charging_rep/2026/01/EV_Report__Aug_2025.pdf,5bd23849f542dc2806482f9136347d063aeefd42d468b70ed0990c9a25f953bb,
WEST BENGAL,West Bengal,2025-08,month,2025-08-01,490000,790000,,1280000,https://cea.nic.in/wp-content/uploads/ev_charging_rep/2026/01/EV_Report__Aug_2025.pdf,5bd23849f542dc2806482f9136347d063aeefd42d468b70ed0990c9a25f953bb,
ANDHRA PRADESH,Andhra Pradesh,2025-09,fy_to_date,2025-04-01,1860000,12030000,,13890000,https://cea.nic.in/wp-content/uploads/ev_charging_rep/2026/01/EV_SEP_2025.pdf,d53418ff897250753f8da818e7b9eee6bf2968b411f302bcc82db51785b15482,
ARUNACHAL PRADESH,Arunachal Pradesh,2025-09,fy_to_date,2025-04-01,,,,,https://cea.nic.in/wp-content/uploads/ev_charging_rep/2026/01/EV_SEP_2025.pdf,d53418ff897250753f8da818e7b9eee6bf2968b411f302bcc82db51785b15482,
ASSAM,Assam,2025-09,fy_to_date,2025-04-01,2130000,7480000,,9610000,https://cea.nic.in/wp-content/uploads/ev_charging_rep/2026/01/EV_SEP_2025.pdf,d53418ff897250753f8da818e7b9eee6bf2968b411f302bcc82db51785b15482,
BIHAR,Bihar,2025-09,fy_to_date,2025-04-01,4250000,1120000,,5360000,https://cea.nic.in/wp-content/uploads/ev_charging_rep/2026/01/EV_SEP_2025.pdf,d53418ff897250753f8da818e7b9eee6bf2968b411f302bcc82db51785b15482,
CHANDIGARH,Chandigarh,2025-09,fy_to_date,2025-04-01,,,,,https://cea.nic.in/wp-content/uploads/ev_charging_rep/2026/01/EV_SEP_2025.pdf,d53418ff897250753f8da818e7b9eee6bf2968b411f302bcc82db51785b15482,
CHHATTISGARH,Chhattisgarh,2025-09,fy_to_date,2025-04-01,140000,,,140000,https://cea.nic.in/wp-content/uploads/ev_charging_rep/2026/01/EV_SEP_2025.pdf,d53418ff897250753f8da818e7b9eee6bf2968b411f302bcc82db51785b15482,
"DADRA,NAGAR HAVELI,DAMAN & DIU",Dadra & Nagar Haveli and Daman & Diu,2025-09,fy_to_date,2025-04-01,,,,,https://cea.nic.in/wp-content/uploads/ev_charging_rep/2026/01/EV_SEP_2025.pdf,d53418ff897250753f8da818e7b9eee6bf2968b411f302bcc82db51785b15482,
DELHI,Delhi,2025-09,fy_to_date,2025-04-01,31080000,143800000,,174880000,https://cea.nic.in/wp-content/uploads/ev_charging_rep/2026/01/EV_SEP_2025.pdf,d53418ff897250753f8da818e7b9eee6bf2968b411f302bcc82db51785b15482,
GUJARAT,Gujarat,2025-09,fy_to_date,2025-04-01,2970000,39760000,,42730000,https://cea.nic.in/wp-content/uploads/ev_charging_rep/2026/01/EV_SEP_2025.pdf,d53418ff897250753f8da818e7b9eee6bf2968b411f302bcc82db51785b15482,
HARYANA,Haryana,2025-09,fy_to_date,2025-04-01,9500000,1110000,,10610000,https://cea.nic.in/wp-content/uploads/ev_charging_rep/2026/01/EV_SEP_2025.pdf,d53418ff897250753f8da818e7b9eee6bf2968b411f302bcc82db51785b15482,
HIMACHAL PRADESH,Himachal Pradesh,2025-09,fy_to_date,2025-04-01,,,,,https://cea.nic.in/wp-content/uploads/ev_charging_rep/2026/01/EV_SEP_2025.pdf,d53418ff897250753f8da818e7b9eee6bf2968b411f302bcc82db51785b15482,
India,India,2025-09,fy_to_date,2025-04-01,189200000,513620000,,702830000,https://cea.nic.in/wp-content/uploads/ev_charging_rep/2026/01/EV_SEP_2025.pdf,d53418ff897250753f8da818e7b9eee6bf2968b411f302bcc82db51785b15482,
JHARKHAND,Jharkhand,2025-09,fy_to_date,2025-04-01,,,,,https://cea.nic.in/wp-content/uploads/ev_charging_rep/2026/01/EV_SEP_2025.pdf,d53418ff897250753f8da818e7b9eee6bf2968b411f302bcc82db51785b15482,
KARNATAKA,Karnataka,2025-09,fy_to_date,2025-04-01,15640000,85660000,,101310000,https://cea.nic.in/wp-content/uploads/ev_charging_rep/2026/01/EV_SEP_2025.pdf,d53418ff897250753f8da818e7b9eee6bf2968b411f302bcc82db51785b15482,
KERALA,Kerala,2025-09,fy_to_date,2025-04-01,7960000,2850000,,10810000,https://cea.nic.in/wp-content/uploads/ev_charging_rep/2026/01/EV_SEP_2025.pdf,d53418ff897250753f8da818e7b9eee6bf2968b411f302bcc82db51785b15482,
LADAKH,UT of Ladakh,2025-09,fy_to_date,2025-04-01,,640000,,640000,https://cea.nic.in/wp-content/uploads/ev_charging_rep/2026/01/EV_SEP_2025.pdf,d53418ff897250753f8da818e7b9eee6bf2968b411f302bcc82db51785b15482,
MADHYA PRADESH,Madhya Pradesh,2025-09,fy_to_date,2025-04-01,1740000,4300000,,6040000,https://cea.nic.in/wp-content/uploads/ev_charging_rep/2026/01/EV_SEP_2025.pdf,d53418ff897250753f8da818e7b9eee6bf2968b411f302bcc82db51785b15482,
MAHARASHTRA,Maharashtra,2025-09,fy_to_date,2025-04-01,28870000,131490000,,160360000,https://cea.nic.in/wp-content/uploads/ev_charging_rep/2026/01/EV_SEP_2025.pdf,d53418ff897250753f8da818e7b9eee6bf2968b411f302bcc82db51785b15482,
MANIPUR,Manipur,2025-09,fy_to_date,2025-04-01,,,,,https://cea.nic.in/wp-content/uploads/ev_charging_rep/2026/01/EV_SEP_2025.pdf,d53418ff897250753f8da818e7b9eee6bf2968b411f302bcc82db51785b15482,
MEGHALAYA,Meghalaya,2025-09,fy_to_date,2025-04-01,,,,,https://cea.nic.in/wp-content/uploads/ev_charging_rep/2026/01/EV_SEP_2025.pdf,d53418ff897250753f8da818e7b9eee6bf2968b411f302bcc82db51785b15482,
MIZORAM,Mizoram,2025-09,fy_to_date,2025-04-01,,,,,https://cea.nic.in/wp-content/uploads/ev_charging_rep/2026/01/EV_SEP_2025.pdf,d53418ff897250753f8da818e7b9eee6bf2968b411f302bcc82db51785b15482,
NAGALAND,Nagaland,2025-09,fy_to_date,2025-04-01,,,,,https://cea.nic.in/wp-content/uploads/ev_charging_rep/2026/01/EV_SEP_2025.pdf,d53418ff897250753f8da818e7b9eee6bf2968b411f302bcc82db51785b15482,
ODISHA,Odisha,2025-09,fy_to_date,2025-04-01,260000,2590000,,2850000,https://cea.nic.in/wp-content/uploads/ev_charging_rep/2026/01/EV_SEP_2025.pdf,d53418ff897250753f8da818e7b9eee6bf2968b411f302bcc82db51785b15482,
PUDUCHERRY,Puducherry,2025-09,fy_to_date,2025-04-01,,,,,https://cea.nic.in/wp-content/uploads/ev_charging_rep/2026/01/EV_SEP_2025.pdf,d53418ff897250753f8da818e7b9eee6bf2968b411f302bcc82db51785b15482,
RAJASTHAN,Rajasthan,2025-09,fy_to_date,2025-04-01,6390000,1170000,,7560000,https://cea.nic.in/wp-content/uploads/ev_charging_rep/2026/01/EV_SEP_2025.pdf,d53418ff897250753f8da818e7b9eee6bf2968b411f302bcc82db51785b15482,
SIKKIM,Sikkim,2025-09,fy_to_date,2025-04-01,,,,,https://cea.nic.in/wp-content/uploads/ev_charging_rep/2026/01/EV_SEP_2025.pdf,d53418ff897250753f8da818e7b9eee6bf2968b411f302bcc82db51785b15482,
TAMIL NADU,Tamil Nadu,2025-09,fy_to_date,2025-04-01,5590000,10330000,,15910000,https://cea.nic.in/wp-content/uploads/ev_charging_rep/2026/01/EV_SEP_2025.pdf,d53418ff897250753f8da818e7b9eee6bf2968b411f302bcc82db51785b15482,
TELANGANA,Telangana,2025-09,fy_to_date,2025-04-01,6190000,39880000,,46070000,https://cea.nic.in/wp-content/uploads/ev_charging_rep/2026/01/EV_SEP_2025.pdf,d53418ff897250753f8da818e7b9eee6bf2968b411f302bcc82db51785b15482,
TRIPURA,Tripura,2025-09,fy_to_date,2025-04-01,,,,,https://cea.nic.in/wp-content/uploads/ev_charging_rep/2026/01/EV_SEP_2025.pdf,d53418ff897250753f8da818e7b9eee6bf2968b411f302bcc82db51785b15482,
UTTAR PRADESH,Uttar Pradesh,2025-09,fy_to_date,2025-04-01,62430000,24330000,,86760000,https://cea.nic.in/wp-content/uploads/ev_charging_rep/2026/01/EV_SEP_2025.pdf,d53418ff897250753f8da818e7b9eee6bf2968b411f302bcc82db51785b15482,
UTTARAKHAND,Uttarakhand,2025-09,fy_to_date,2025-04-01,,,,,https://cea.nic.in/wp-content/uploads/ev_charging_rep/2026/01/EV_SEP_2025.pdf,d53418ff897250753f8da818e7b9eee6bf2968b411f302bcc82db51785b15482,
WEST BENGAL,West Bengal,2025-09,fy_to_date,2025-04-01,2220000,5090000,,7300000,https://cea.nic.in/wp-content/uploads/ev_charging_rep/2026/01/EV_SEP_2025.pdf,d53418ff897250753f8da818e7b9eee6bf2968b411f302bcc82db51785b15482,
ANDHRA PRADESH,Andhra Pradesh,2025-09,month,2025-09-01,200000,2050000,,2250000,https://cea.nic.in/wp-content/uploads/ev_charging_rep/2026/01/EV_SEP_2025.pdf,d53418ff897250753f8da818e7b9eee6bf2968b411f302bcc82db51785b15482,
ARUNACHAL PRADESH,Arunachal Pradesh,2025-09,month,2025-09-01,,,,,https://cea.nic.in/wp-content/uploads/ev_charging_rep/2026/01/EV_SEP_2025.pdf,d53418ff897250753f8da818e7b9eee6bf2968b411f302bcc82db51785b15482,
ASSAM,Assam,2025-09,month,2025-09-01,300000,1390000,,1690000,https://cea.nic.in/wp-content/uploads/ev_charging_rep/2026/01/EV_SEP_2025.pdf,d53418ff897250753f8da818e7b9eee6bf2968b411f302bcc82db51785b15482,
BIHAR,Bihar,2025-09,month,2025-09-01,210000,150000,,350000,https://cea.nic.in/wp-content/uploads/ev_charging_rep/2026/01/EV_SEP_2025.pdf,d53418ff897250753f8da818e7b9eee6bf2968b411f302bcc82db51785b15482,
CHANDIGARH,Chandigarh,2025-09,month,2025-09-01,,,,,https://cea.nic.in/wp-content/uploads/ev_charging_rep/2026/01/EV_SEP_2025.pdf,d53418ff897250753f8da818e7b9eee6bf2968b411f302bcc82db51785b15482,
CHHATTISGARH,Chhattisgarh,2025-09,month,2025-09-01,20000,,,20000,https://cea.nic.in/wp-content/uploads/ev_charging_rep/2026/01/EV_SEP_2025.pdf,d53418ff897250753f8da818e7b9eee6bf2968b411f302bcc82db51785b15482,
"DADRA,NAGAR HAVELI,DAMAN & DIU",Dadra & Nagar Haveli and Daman & Diu,2025-09,month,2025-09-01,,,,,https://cea.nic.in/wp-content/uploads/ev_charging_rep/2026/01/EV_SEP_2025.pdf,d53418ff897250753f8da818e7b9eee6bf2968b411f302bcc82db51785b15482,
DELHI,Delhi,2025-09,month,2025-09-01,5550000,26960000,,32510000,https://cea.nic.in/wp-content/uploads/ev_charging_rep/2026/01/EV_SEP_2025.pdf,d53418ff897250753f8da818e7b9eee6bf2968b411f302bcc82db51785b15482,
GUJARAT,Gujarat,2025-09,month,2025-09-01,520000,9160000,,9680000,https://cea.nic.in/wp-content/uploads/ev_charging_rep/2026/01/EV_SEP_2025.pdf,d53418ff897250753f8da818e7b9eee6bf2968b411f302bcc82db51785b15482,
HARYANA,Haryana,2025-09,month,2025-09-01,1950000,290000,,2230000,https://cea.nic.in/wp-content/uploads/ev_charging_rep/2026/01/EV_SEP_2025.pdf,d53418ff897250753f8da818e7b9eee6bf2968b411f302bcc82db51785b15482,
HIMACHAL PRADESH,Himachal Pradesh,2025-09,month,2025-09-01,,,,,https://cea.nic.in/wp-content/uploads/ev_charging_rep/2026/01/EV_SEP_2025.pdf,d53418ff897250753f8da818e7b9eee6bf2968b411f302bcc82db51785b15482,
India,India,2025-09,month,2025-09-01,37710000,97610000,,135320000,https://cea.nic.in/wp-content/uploads/ev_charging_rep/2026/01/EV_SEP_2025.pdf,d53418ff897250753f8da818e7b9eee6bf2968b411f302bcc82db51785b15482,
JHARKHAND,Jharkhand,2025-09,month,2025-09-01,,,,,https://cea.nic.in/wp-content/uploads/ev_charging_rep/2026/01/EV_SEP_2025.pdf,d53418ff897250753f8da818e7b9eee6bf2968b411f302bcc82db51785b15482,
KARNATAKA,Karnataka,2025-09,month,2025-09-01,3790000,14840000,,18620000,https://cea.nic.in/wp-content/uploads/ev_charging_rep/2026/01/EV_SEP_2025.pdf,d53418ff897250753f8da818e7b9eee6bf2968b411f302bcc82db51785b15482,
KERALA,Kerala,2025-09,month,2025-09-01,1480000,770000,,2240000,https://cea.nic.in/wp-content/uploads/ev_charging_rep/2026/01/EV_SEP_2025.pdf,d53418ff897250753f8da818e7b9eee6bf2968b411f302bcc82db51785b15482,
LADAKH,UT of Ladakh,2025-09,month,2025-09-01,,60000,,60000,https://cea.nic.in/wp-content/uploads/ev_charging_rep/2026/01/EV_SEP_2025.pdf,d53418ff897250753f8da818e7b9eee6bf2968b411f302bcc82db51785b15482,
MADHYA PRADESH,Madhya Pradesh,2025-09,month,2025-09-01,240000,200000,,430000,https://cea.nic.in/wp-content/uploads/ev_charging_rep/2026/01/EV_SEP_2025.pdf,d53418ff897250753f8da818e7b9eee6bf2968b411f302bcc82db51785b15482,
MAHARASHTRA,Maharashtra,2025-09,month,2025-09-01,5520000,23320000,,28840000,https://cea.nic.in/wp-content/uploads/ev_charging_rep/2026/01/EV_SEP_2025.pdf,d53418ff897250753f8da818e7b9eee6bf2968b411f302bcc82db51785b15482,
MANIPUR,Manipur,2025-09,month,2025-09-01,,,,,https://cea.nic.in/wp-content/uploads/ev_charging_rep/2026/01/EV_SEP_2025.pdf,d53418ff897250753f8da818e7b9eee6bf2968b411f302bcc82db51785b15482,
MEGHALAYA,Meghalaya,2025-09,month,2025-09-01,,,,,https://cea.nic.in/wp-content/uploads/ev_charging_rep/2026/01/EV_SEP_2025.pdf,d53418ff897250753f8da818e7b9eee6bf2968b411f302bcc82db51785b15482,
MIZORAM,Mizoram,2025-09,month,2025-09-01,,,,,https://cea.nic.in/wp-content/uploads/ev_charging_rep/2026/01/EV_SEP_2025.pdf,d53418ff897250753f8da818e7b9eee6bf2968b411f302bcc82db51785b15482,
NAGALAND,Nagaland,2025-09,month,2025-09-01,,,,,https://cea.nic.in/wp-content/uploads/ev_charging_rep/2026/01/EV_SEP_2025.pdf,d53418ff897250753f8da818e7b9eee6bf2968b411f302bcc82db51785b15482,
ODISHA,Odisha,2025-09,month,2025-09-01,60000,800000,,870000,https://cea.nic.in/wp-content/uploads/ev_charging_rep/2026/01/EV_SEP_2025.pdf,d53418ff897250753f8da818e7b9eee6bf2968b411f302bcc82db51785b15482,
PUDUCHERRY,Puducherry,2025-09,month,2025-09-01,,,,,https://cea.nic.in/wp-content/uploads/ev_charging_rep/2026/01/EV_SEP_2025.pdf,d53418ff897250753f8da818e7b9eee6bf2968b411f302bcc82db51785b15482,
RAJASTHAN,Rajasthan,2025-09,month,2025-09-01,1170000,270000,,1440000,https://cea.nic.in/wp-content/uploads/ev_charging_rep/2026/01/EV_SEP_2025.pdf,d53418ff897250753f8da818e7b9eee6bf2968b411f302bcc82db51785b15482,
SIKKIM,Sikkim,2025-09,month,2025-09-01,,,,,https://cea.nic.in/wp-content/uploads/ev_charging_rep/2026/01/EV_SEP_2025.pdf,d53418ff897250753f8da818e7b9eee6bf2968b411f302bcc82db51785b15482,
TAMIL NADU,Tamil Nadu,2025-09,month,2025-09-01,1100000,3030000,,4130000,https://cea.nic.in/wp-content/uploads/ev_charging_rep/2026/01/EV_SEP_2025.pdf,d53418ff897250753f8da818e7b9eee6bf2968b411f302bcc82db51785b15482,
TELANGANA,Telangana,2025-09,month,2025-09-01,1570000,7810000,,9380000,https://cea.nic.in/wp-content/uploads/ev_charging_rep/2026/01/EV_SEP_2025.pdf,d53418ff897250753f8da818e7b9eee6bf2968b411f302bcc82db51785b15482,
TRIPURA,Tripura,2025-09,month,2025-09-01,,,,,https://cea.nic.in/wp-content/uploads/ev_charging_rep/2026/01/EV_SEP_2025.pdf,d53418ff897250753f8da818e7b9eee6bf2968b411f302bcc82db51785b15482,
UTTAR PRADESH,Uttar Pradesh,2025-09,month,2025-09-01,13450000,5750000,,19200000,https://cea.nic.in/wp-content/uploads/ev_charging_rep/2026/01/EV_SEP_2025.pdf,d53418ff897250753f8da818e7b9eee6bf2968b411f302bcc82db51785b15482,
UTTARAKHAND,Uttarakhand,2025-09,month,2025-09-01,,,,,https://cea.nic.in/wp-content/uploads/ev_charging_rep/2026/01/EV_SEP_2025.pdf,d53418ff897250753f8da818e7b9eee6bf2968b411f302bcc82db51785b15482,
WEST BENGAL,West Bengal,2025-09,month,2025-09-01,580000,780000,,1360000,https://cea.nic.in/wp-content/uploads/ev_charging_rep/2026/01/EV_SEP_2025.pdf,d53418ff897250753f8da818e7b9eee6bf2968b411f302bcc82db51785b15482,
ANDHRA PRADESH,Andhra Pradesh,2025-10,fy_to_date,2025-04-01,2080000,13930000,,16010000,https://cea.nic.in/wp-content/uploads/ev_charging_rep/2026/01/EV_OCT_2025.pdf,45d59e835e93b74ecd6cb0bdba3f9d04e32e8261a3636514206cd1839b44195a,
ARUNACHAL PRADESH,Arunachal Pradesh,2025-10,fy_to_date,2025-04-01,,,,,https://cea.nic.in/wp-content/uploads/ev_charging_rep/2026/01/EV_OCT_2025.pdf,45d59e835e93b74ecd6cb0bdba3f9d04e32e8261a3636514206cd1839b44195a,
ASSAM,Assam,2025-10,fy_to_date,2025-04-01,2420000,8780000,,11200000,https://cea.nic.in/wp-content/uploads/ev_charging_rep/2026/01/EV_OCT_2025.pdf,45d59e835e93b74ecd6cb0bdba3f9d04e32e8261a3636514206cd1839b44195a,
BIHAR,Bihar,2025-10,fy_to_date,2025-04-01,4540000,1240000,,5780000,https://cea.nic.in/wp-content/uploads/ev_charging_rep/2026/01/EV_OCT_2025.pdf,45d59e835e93b74ecd6cb0bdba3f9d04e32e8261a3636514206cd1839b44195a,
CHANDIGARH,Chandigarh,2025-10,fy_to_date,2025-04-01,,,,,https://cea.nic.in/wp-content/uploads/ev_charging_rep/2026/01/EV_OCT_2025.pdf,45d59e835e93b74ecd6cb0bdba3f9d04e32e8261a3636514206cd1839b44195a,
CHHATTISGARH,Chhattisgarh,2025-10,fy_to_date,2025-04-01,210000,,,210000,https://cea.nic.in/wp-content/uploads/ev_charging_rep/2026/01/EV_OCT_2025.pdf,45d59e835e93b74ecd6cb0bdba3f9d04e32e8261a3636514206cd1839b44195a,
"DADRA,NAGAR HAVELI,DAMAN & DIU",Dadra & Nagar Haveli and Daman & Diu,2025-10,fy_to_date,2025-04-01,,,,,https://cea.nic.in/wp-content/uploads/ev_charging_rep/2026/01/EV_OCT_2025.pdf,45d59e835e93b74ecd6cb0bdba3f9d04e32e8261a3636514206cd1839b44195a,
DELHI,Delhi,2025-10,fy_to_date,2025-04-01,36760000,171590000,,208350000,https://cea.nic.in/wp-content/uploads/ev_charging_rep/2026/01/EV_OCT_2025.pdf,45d59e835e93b74ecd6cb0bdba3f9d04e32e8261a3636514206cd1839b44195a,
GUJARAT,Gujarat,2025-10,fy_to_date,2025-04-01,3550000,48680000,,52230000,https://cea.nic.in/wp-content/uploads/ev_charging_rep/2026/01/EV_OCT_2025.pdf,45d59e835e93b74ecd6cb0bdba3f9d04e32e8261a3636514206cd1839b44195a,
HARYANA,Haryana,2025-10,fy_to_date,2025-04-01,11940000,2440000,,14380000,https://cea.nic.in/wp-content/uploads/ev_charging_rep/2026/01/EV_OCT_2025.pdf,45d59e835e93b74ecd6cb0bdba3f9d04e32e8261a3636514206cd1839b44195a,
HIMACHAL PRADESH,Himachal Pradesh,2025-10,fy_to_date,2025-04-01,,,,,https://cea.nic.in/wp-content/uploads/ev_charging_rep/2026/01/EV_OCT_2025.pdf,45d59e835e93b74ecd6cb0bdba3f9d04e32e8261a3636514206cd1839b44195a,
India,India,2025-10,fy_to_date,2025-04-01,236840000,613180000,,850020000,https://cea.nic.in/wp-content/uploads/ev_charging_rep/2026/01/EV_OCT_2025.pdf,45d59e835e93b74ecd6cb0bdba3f9d04e32e8261a3636514206cd1839b44195a,
JHARKHAND,Jharkhand,2025-10,fy_to_date,2025-04-01,,,,,https://cea.nic.in/wp-content/uploads/ev_charging_rep/2026/01/EV_OCT_2025.pdf,45d59e835e93b74ecd6cb0bdba3f9d04e32e8261a3636514206cd1839b44195a,
KARNATAKA,Karnataka,2025-10,fy_to_date,2025-04-01,18100000,100660000,,118760000,https://cea.nic.in/wp-content/uploads/ev_charging_rep/2026/01/EV_OCT_2025.pdf,45d59e835e93b74ecd6cb0bdba3f9d04e32e8261a3636514206cd1839b44195a,
KERALA,Kerala,2025-10,fy_to_date,2025-04-01,9530000,3600000,,13120000,https://cea.nic.in/wp-content/uploads/ev_charging_rep/2026/01/EV_OCT_2025.pdf,45d59e835e93b74ecd6cb0bdba3f9d04e32e8261a3636514206cd1839b44195a,
LADAKH,UT of Ladakh,2025-10,fy_to_date,2025-04-01,,700000,,700000,https://cea.nic.in/wp-content/uploads/ev_charging_rep/2026/01/EV_OCT_2025.pdf,45d59e835e93b74ecd6cb0bdba3f9d04e32e8261a3636514206cd1839b44195a,
MADHYA PRADESH,Madhya Pradesh,2025-10,fy_to_date,2025-04-01,1970000,4490000,,6460000,https://cea.nic.in/wp-content/uploads/ev_charging_rep/2026/01/EV_OCT_2025.pdf,45d59e835e93b74ecd6cb0bdba3f9d04e32e8261a3636514206cd1839b44195a,
MAHARASHTRA,Maharashtra,2025-10,fy_to_date,2025-04-01,35380000,157310000,,192690000,https://cea.nic.in/wp-content/uploads/ev_charging_rep/2026/01/EV_OCT_2025.pdf,45d59e835e93b74ecd6cb0bdba3f9d04e32e8261a3636514206cd1839b44195a,
MANIPUR,Manipur,2025-10,fy_to_date,2025-04-01,,,,,https://cea.nic.in/wp-content/uploads/ev_charging_rep/2026/01/EV_OCT_2025.pdf,45d59e835e93b74ecd6cb0bdba3f9d04e32e8261a3636514206cd1839b44195a,
MEGHALAYA,Meghalaya,2025-10,fy_to_date,2025-04-01,,,,,https://cea.nic.in/wp-content/uploads/ev_charging_rep/2026/01/EV_OCT_2025.pdf,45d59e835e93b74ecd6cb0bdba3f9d04e32e8261a3636514206cd1839b44195a,
MIZORAM,Mizoram,2025-10,fy_to_date,2025-04-01,,,,,https://cea.nic.in/wp-content/uploads/ev_charging_rep/2026/01/EV_OCT_2025.pdf,45d59e835e93b74ecd6cb0bdba3f9d04e32e8261a3636514206cd1839b44195a,
NAGALAND,Nagaland,2025-10,fy_to_date,2025-04-01,,,,,https://cea.nic.in/wp-content/uploads/ev_charging_rep/2026/01/EV_OCT_2025.pdf,45d59e835e93b74ecd6cb0bdba3f9d04e32e8261a3636514206cd1839b44195a,
ODISHA,Odisha,2025-10,fy_to_date,2025-04-01,340000,3350000,,3680000,https://cea.nic.in/wp-content/uploads/ev_charging_rep/2026/01/EV_OCT_2025.pdf,45d59e835e93b74ecd6cb0bdba3f9d04e32e8261a3636514206cd1839b44195a,
PUDUCHERRY,Puducherry,2025-10,fy_to_date,2025-04-01,,,,,https://cea.nic.in/wp-content/uploads/ev_charging_rep/2026/01/EV_OCT_2025.pdf,45d59e835e93b74ecd6cb0bdba3f9d04e32e8261a3636514206cd1839b44195a,
RAJASTHAN,Rajasthan,2025-10,fy_to_date,2025-04-01,9290000,1450000,,10740000,https://cea.nic.in/wp-content/uploads/ev_charging_rep/2026/01/EV_OCT_2025.pdf,45d59e835e93b74ecd6cb0bdba3f9d04e32e8261a3636514206cd1839b44195a,
SIKKIM,Sikkim,2025-10,fy_to_date,2025-04-01,,,,,https://cea.nic.in/wp-content/uploads/ev_charging_rep/2026/01/EV_OCT_2025.pdf,45d59e835e93b74ecd6cb0bdba3f9d04e32e8261a3636514206cd1839b44195a,
TAMIL NADU,Tamil Nadu,2025-10,fy_to_date,2025-04-01,6760000,13310000,,20070000,https://cea.nic.in/wp-content/uploads/ev_charging_rep/2026/01/EV_OCT_2025.pdf,45d59e835e93b74ecd6cb0bdba3f9d04e32e8261a3636514206cd1839b44195a,
TELANGANA,Telangana,2025-10,fy_to_date,2025-04-01,7350000,48140000,,55490000,https://cea.nic.in/wp-content/uploads/ev_charging_rep/2026/01/EV_OCT_2025.pdf,45d59e835e93b74ecd6cb0bdba3f9d04e32e8261a3636514206cd1839b44195a,
TRIPURA,Tripura,2025-10,fy_to_date,2025-04-01,,,,,https://cea.nic.in/wp-content/uploads/ev_charging_rep/2026/01/EV_OCT_2025.pdf,45d59e835e93b74ecd6cb0bdba3f9d04e32e8261a3636514206cd1839b44195a,
UTTAR PRADESH,Uttar Pradesh,2025-10,fy_to_date,2025-04-01,83890000,27680000,,111570000,https://cea.nic.in/wp-content/uploads/ev_charging_rep/2026/01/EV_OCT_2025.pdf,45d59e835e93b74ecd6cb0bdba3f9d04e32e8261a3636514206cd1839b44195a,
UTTARAKHAND,Uttarakhand,2025-10,fy_to_date,2025-04-01,,,,,https://cea.nic.in/wp-content/uploads/ev_charging_rep/2026/01/EV_OCT_2025.pdf,45d59e835e93b74ecd6cb0bdba3f9d04e32e8261a3636514206cd1839b44195a,
WEST BENGAL,West Bengal,2025-10,fy_to_date,2025-04-01,2740000,5840000,,8580000,https://cea.nic.in/wp-content/uploads/ev_charging_rep/2026/01/EV_OCT_2025.pdf,45d59e835e93b74ecd6cb0bdba3f9d04e32e8261a3636514206cd1839b44195a,
ANDHRA PRADESH,Andhra Pradesh,2025-10,month,2025-10-01,220000,1900000,,2120000,https://cea.nic.in/wp-content/uploads/ev_charging_rep/2026/01/EV_OCT_2025.pdf,45d59e835e93b74ecd6cb0bdba3f9d04e32e8261a3636514206cd1839b44195a,
ARUNACHAL PRADESH,Arunachal Pradesh,2025-10,month,2025-10-01,,,,,https://cea.nic.in/wp-content/uploads/ev_charging_rep/2026/01/EV_OCT_2025.pdf,45d59e835e93b74ecd6cb0bdba3f9d04e32e8261a3636514206cd1839b44195a,
ASSAM,Assam,2025-10,month,2025-10-01,290000,1300000,,1590000,https://cea.nic.in/wp-content/uploads/ev_charging_rep/2026/01/EV_OCT_2025.pdf,45d59e835e93b74ecd6cb0bdba3f9d04e32e8261a3636514206cd1839b44195a,
BIHAR,Bihar,2025-10,month,2025-10-01,290000,120000,,420000,https://cea.nic.in/wp-content/uploads/ev_charging_rep/2026/01/EV_OCT_2025.pdf,45d59e835e93b74ecd6cb0bdba3f9d04e32e8261a3636514206cd1839b44195a,
CHANDIGARH,Chandigarh,2025-10,month,2025-10-01,,,,,https://cea.nic.in/wp-content/uploads/ev_charging_rep/2026/01/EV_OCT_2025.pdf,45d59e835e93b74ecd6cb0bdba3f9d04e32e8261a3636514206cd1839b44195a,
CHHATTISGARH,Chhattisgarh,2025-10,month,2025-10-01,70000,,,70000,https://cea.nic.in/wp-content/uploads/ev_charging_rep/2026/01/EV_OCT_2025.pdf,45d59e835e93b74ecd6cb0bdba3f9d04e32e8261a3636514206cd1839b44195a,
"DADRA,NAGAR HAVELI,DAMAN & DIU",Dadra & Nagar Haveli and Daman & Diu,2025-10,month,2025-10-01,,,,,https://cea.nic.in/wp-content/uploads/ev_charging_rep/2026/01/EV_OCT_2025.pdf,45d59e835e93b74ecd6cb0bdba3f9d04e32e8261a3636514206cd1839b44195a,
DELHI,Delhi,2025-10,month,2025-10-01,5680000,27790000,,33460000,https://cea.nic.in/wp-content/uploads/ev_charging_rep/2026/01/EV_OCT_2025.pdf,45d59e835e93b74ecd6cb0bdba3f9d04e32e8261a3636514206cd1839b44195a,
GUJARAT,Gujarat,2025-10,month,2025-10-01,570000,8920000,,9500000,https://cea.nic.in/wp-content/uploads/ev_charging_rep/2026/01/EV_OCT_2025.pdf,45d59e835e93b74ecd6cb0bdba3f9d04e32e8261a3636514206cd1839b44195a,
HARYANA,Haryana,2025-10,month,2025-10-01,2440000,1330000,,3770000,https://cea.nic.in/wp-content/uploads/ev_charging_rep/2026/01/EV_OCT_2025.pdf,45d59e835e93b74ecd6cb0bdba3f9d04e32e8261a3636514206cd1839b44195a,
HIMACHAL PRADESH,Himachal Pradesh,2025-10,month,2025-10-01,,,,,https://cea.nic.in/wp-content/uploads/ev_charging_rep/2026/01/EV_OCT_2025.pdf,45d59e835e93b74ecd6cb0bdba3f9d04e32e8261a3636514206cd1839b44195a,
India,India,2025-10,month,2025-10-01,47630000,99560000,,147190000,https://cea.nic.in/wp-content/uploads/ev_charging_rep/2026/01/EV_OCT_2025.pdf,45d59e835e93b74ecd6cb0bdba3f9d04e32e8261a3636514206cd1839b44195a,
JHARKHAND,Jharkhand,2025-10,month,2025-10-01,,,,,https://cea.nic.in/wp-content/uploads/ev_charging_rep/2026/01/EV_OCT_2025.pdf,45d59e835e93b74ecd6cb0bdba3f9d04e32e8261a3636514206cd1839b44195a,
KARNATAKA,Karnataka,2025-10,month,2025-10-01,2460000,14990000,,17450000,https://cea.nic.in/wp-content/uploads/ev_charging_rep/2026/01/EV_OCT_2025.pdf,45d59e835e93b74ecd6cb0bdba3f9d04e32e8261a3636514206cd1839b44195a,
KERALA,Kerala,2025-10,month,2025-10-01,1570000,750000,,2320000,https://cea.nic.in/wp-content/uploads/ev_charging_rep/2026/01/EV_OCT_2025.pdf,45d59e835e93b74ecd6cb0bdba3f9d04e32e8261a3636514206cd1839b44195a,
LADAKH,UT of Ladakh,2025-10,month,2025-10-01,,60000,,60000,https://cea.nic.in/wp-content/uploads/ev_charging_rep/2026/01/EV_OCT_2025.pdf,45d59e835e93b74ecd6cb0bdba3f9d04e32e8261a3636514206cd1839b44195a,
MADHYA PRADESH,Madhya Pradesh,2025-10,month,2025-10-01,240000,190000,,420000,https://cea.nic.in/wp-content/uploads/ev_charging_rep/2026/01/EV_OCT_2025.pdf,45d59e835e93b74ecd6cb0bdba3f9d04e32e8261a3636514206cd1839b44195a,
MAHARASHTRA,Maharashtra,2025-10,month,2025-10-01,6510000,25820000,,32330000,https://cea.nic.in/wp-content/uploads/ev_charging_rep/2026/01/EV_OCT_2025.pdf,45d59e835e93b74ecd6cb0bdba3f9d04e32e8261a3636514206cd1839b44195a,
MANIPUR,Manipur,2025-10,month,2025-10-01,,,,,https://cea.nic.in/wp-content/uploads/ev_charging_rep/2026/01/EV_OCT_2025.pdf,45d59e835e93b74ecd6cb0bdba3f9d04e32e8261a3636514206cd1839b44195a,
MEGHALAYA,Meghalaya,2025-10,month,2025-10-01,,,,,https://cea.nic.in/wp-content/uploads/ev_charging_rep/2026/01/EV_OCT_2025.pdf,45d59e835e93b74ecd6cb0bdba3f9d04e32e8261a3636514206cd1839b44195a,
MIZORAM,Mizoram,2025-10,month,2025-10-01,,,,,https://cea.nic.in/wp-content/uploads/ev_charging_rep/2026/01/EV_OCT_2025.pdf,45d59e835e93b74ecd6cb0bdba3f9d04e32e8261a3636514206cd1839b44195a,
NAGALAND,Nagaland,2025-10,month,2025-10-01,,,,,https://cea.nic.in/wp-content/uploads/ev_charging_rep/2026/01/EV_OCT_2025.pdf,45d59e835e93b74ecd6cb0bdba3f9d04e32e8261a3636514206cd1839b44195a,
ODISHA,Odisha,2025-10,month,2025-10-01,80000,760000,,840000,https://cea.nic.in/wp-content/uploads/ev_charging_rep/2026/01/EV_OCT_2025.pdf,45d59e835e93b74ecd6cb0bdba3f9d04e32e8261a3636514206cd1839b44195a,
PUDUCHERRY,Puducherry,2025-10,month,2025-10-01,,,,,https://cea.nic.in/wp-content/uploads/ev_charging_rep/2026/01/EV_OCT_2025.pdf,45d59e835e93b74ecd6cb0bdba3f9d04e32e8261a3636514206cd1839b44195a,
RAJASTHAN,Rajasthan,2025-10,month,2025-10-01,2900000,280000,,3180000,https://cea.nic.in/wp-content/uploads/ev_charging_rep/2026/01/EV_OCT_2025.pdf,45d59e835e93b74ecd6cb0bdba3f9d04e32e8261a3636514206cd1839b44195a,
SIKKIM,Sikkim,2025-10,month,2025-10-01,,,,,https://cea.nic.in/wp-content/uploads/ev_charging_rep/2026/01/EV_OCT_2025.pdf,45d59e835e93b74ecd6cb0bdba3f9d04e32e8261a3636514206cd1839b44195a,
TAMIL NADU,Tamil Nadu,2025-10,month,2025-10-01,1180000,2980000,,4160000,https://cea.nic.in/wp-content/uploads/ev_charging_rep/2026/01/EV_OCT_2025.pdf,45d59e835e93b74ecd6cb0bdba3f9d04e32e8261a3636514206cd1839b44195a,
TELANGANA,Telangana,2025-10,month,2025-10-01,1170000,8260000,,9420000,https://cea.nic.in/wp-content/uploads/ev_charging_rep/2026/01/EV_OCT_2025.pdf,45d59e835e93b74ecd6cb0bdba3f9d04e32e8261a3636514206cd1839b44195a,
TRIPURA,Tripura,2025-10,month,2025-10-01,,,,,https://cea.nic.in/wp-content/uploads/ev_charging_rep/2026/01/EV_OCT_2025.pdf,45d59e835e93b74ecd6cb0bdba3f9d04e32e8261a3636514206cd1839b44195a,
UTTAR PRADESH,Uttar Pradesh,2025-10,month,2025-10-01,21460000,3350000,,24810000,https://cea.nic.in/wp-content/uploads/ev_charging_rep/2026/01/EV_OCT_2025.pdf,45d59e835e93b74ecd6cb0bdba3f9d04e32e8261a3636514206cd1839b44195a,
UTTARAKHAND,Uttarakhand,2025-10,month,2025-10-01,,,,,https://cea.nic.in/wp-content/uploads/ev_charging_rep/2026/01/EV_OCT_2025.pdf,45d59e835e93b74ecd6cb0bdba3f9d04e32e8261a3636514206cd1839b44195a,
WEST BENGAL,West Bengal,2025-10,month,2025-10-01,520000,760000,,1280000,https://cea.nic.in/wp-content/uploads/ev_charging_rep/2026/01/EV_OCT_2025.pdf,45d59e835e93b74ecd6cb0bdba3f9d04e32e8261a3636514206cd1839b44195a,
ANDHRA PRADESH,Andhra Pradesh,2025-11,fy_to_date,2025-04-01,2300000,15950000,50000,18290000,https://cea.nic.in/wp-content/uploads/ev_charging_rep/2026/04/EV_Report__Nov_2025.pdf,58548a35fbf37646001b75bca6cf4c01bd9b880c3541c30402e5c0035b061fda,
ARUNACHAL PRADESH,Arunachal Pradesh,2025-11,fy_to_date,2025-04-01,,,,,https://cea.nic.in/wp-content/uploads/ev_charging_rep/2026/04/EV_Report__Nov_2025.pdf,58548a35fbf37646001b75bca6cf4c01bd9b880c3541c30402e5c0035b061fda,
ASSAM,Assam,2025-11,fy_to_date,2025-04-01,2700000,9840000,1830000,14360000,https://cea.nic.in/wp-content/uploads/ev_charging_rep/2026/04/EV_Report__Nov_2025.pdf,58548a35fbf37646001b75bca6cf4c01bd9b880c3541c30402e5c0035b061fda,
BIHAR,Bihar,2025-11,fy_to_date,2025-04-01,5640000,1350000,5520000,12510000,https://cea.nic.in/wp-content/uploads/ev_charging_rep/2026/04/EV_Report__Nov_2025.pdf,58548a35fbf37646001b75bca6cf4c01bd9b880c3541c30402e5c0035b061fda,
CHANDIGARH,Chandigarh,2025-11,fy_to_date,2025-04-01,,,,,https://cea.nic.in/wp-content/uploads/ev_charging_rep/2026/04/EV_Report__Nov_2025.pdf,58548a35fbf37646001b75bca6cf4c01bd9b880c3541c30402e5c0035b061fda,
CHHATTISGARH,Chhattisgarh,2025-11,fy_to_date,2025-04-01,260000,,,260000,https://cea.nic.in/wp-content/uploads/ev_charging_rep/2026/04/EV_Report__Nov_2025.pdf,58548a35fbf37646001b75bca6cf4c01bd9b880c3541c30402e5c0035b061fda,
"DADRA,NAGAR HAVELI,DAMAN & DIU",Dadra & Nagar Haveli and Daman & Diu,2025-11,fy_to_date,2025-04-01,,,,,https://cea.nic.in/wp-content/uploads/ev_charging_rep/2026/04/EV_Report__Nov_2025.pdf,58548a35fbf37646001b75bca6cf4c01bd9b880c3541c30402e5c0035b061fda,
DELHI,Delhi,2025-11,fy_to_date,2025-04-01,42110000,197510000,48050000,287680000,https://cea.nic.in/wp-content/uploads/ev_charging_rep/2026/04/EV_Report__Nov_2025.pdf,58548a35fbf37646001b75bca6cf4c01bd9b880c3541c30402e5c0035b061fda,
GUJARAT,Gujarat,2025-11,fy_to_date,2025-04-01,4140000,57530000,730000,62410000,https://cea.nic.in/wp-content/uploads/ev_charging_rep/2026/04/EV_Report__Nov_2025.pdf,58548a35fbf37646001b75bca6cf4c01bd9b880c3541c30402e5c0035b061fda,
HARYANA,Haryana,2025-11,fy_to_date,2025-04-01,14260000,2880000,80000,17210000,https://cea.nic.in/wp-content/uploads/ev_charging_rep/2026/04/EV_Report__Nov_2025.pdf,58548a35fbf37646001b75bca6cf4c01bd9b880c3541c30402e5c0035b061fda,
HIMACHAL PRADESH,Himachal Pradesh,2025-11,fy_to_date,2025-04-01,,,,,https://cea.nic.in/wp-content/uploads/ev_charging_rep/2026/04/EV_Report__Nov_2025.pdf,58548a35fbf37646001b75bca6cf4c01bd9b880c3541c30402e5c0035b061fda,
India,India,2025-11,fy_to_date,2025-04-01,214640000,693630000,64660000,972930000,https://cea.nic.in/wp-content/uploads/ev_charging_rep/2026/04/EV_Report__Nov_2025.pdf,58548a35fbf37646001b75bca6cf4c01bd9b880c3541c30402e5c0035b061fda,
JHARKHAND,Jharkhand,2025-11,fy_to_date,2025-04-01,,,,,https://cea.nic.in/wp-content/uploads/ev_charging_rep/2026/04/EV_Report__Nov_2025.pdf,58548a35fbf37646001b75bca6cf4c01bd9b880c3541c30402e5c0035b061fda,
KARNATAKA,Karnataka,2025-11,fy_to_date,2025-04-01,21390000,116120000,410000,137920000,https://cea.nic.in/wp-content/uploads/ev_charging_rep/2026/04/EV_Report__Nov_2025.pdf,58548a35fbf37646001b75bca6cf4c01bd9b880c3541c30402e5c0035b061fda,
KERALA,Kerala,2025-11,fy_to_date,2025-04-01,11140000,4480000,,15630000,https://cea.nic.in/wp-content/uploads/ev_charging_rep/2026/04/EV_Report__Nov_2025.pdf,58548a35fbf37646001b75bca6cf4c01bd9b880c3541c30402e5c0035b061fda,
LADAKH,UT of Ladakh,2025-11,fy_to_date,2025-04-01,,760000,,760000,https://cea.nic.in/wp-content/uploads/ev_charging_rep/2026/04/EV_Report__Nov_2025.pdf,58548a35fbf37646001b75bca6cf4c01bd9b880c3541c30402e5c0035b061fda,
MADHYA PRADESH,Madhya Pradesh,2025-11,fy_to_date,2025-04-01,2250000,4670000,,6920000,https://cea.nic.in/wp-content/uploads/ev_charging_rep/2026/04/EV_Report__Nov_2025.pdf,58548a35fbf37646001b75bca6cf4c01bd9b880c3541c30402e5c0035b061fda,
MAHARASHTRA,Maharashtra,2025-11,fy_to_date,2025-04-01,42940000,184490000,4950000,232380000,https://cea.nic.in/wp-content/uploads/ev_charging_rep/2026/04/EV_Report__Nov_2025.pdf,58548a35fbf37646001b75bca6cf4c01bd9b880c3541c30402e5c0035b061fda,
MANIPUR,Manipur,2025-11,fy_to_date,2025-04-01,,,,,https://cea.nic.in/wp-content/uploads/ev_charging_rep/2026/04/EV_Report__Nov_2025.pdf,58548a35fbf37646001b75bca6cf4c01bd9b880c3541c30402e5c0035b061fda,
MEGHALAYA,Meghalaya,2025-11,fy_to_date,2025-04-01,,,,,https://cea.nic.in/wp-content/uploads/ev_charging_rep/2026/04/EV_Report__Nov_2025.pdf,58548a35fbf37646001b75bca6cf4c01bd9b880c3541c30402e5c0035b061fda,
MIZORAM,Mizoram,2025-11,fy_to_date,2025-04-01,,,,,https://cea.nic.in/wp-content/uploads/ev_charging_rep/2026/04/EV_Report__Nov_2025.pdf,58548a35fbf37646001b75bca6cf4c01bd9b880c3541c30402e5c0035b061fda,
NAGALAND,Nagaland,2025-11,fy_to_date,2025-04-01,,,,,https://cea.nic.in/wp-content/uploads/ev_charging_rep/2026/04/EV_Report__Nov_2025.pdf,58548a35fbf37646001b75bca6cf4c01bd9b880c3541c30402e5c0035b061fda,
ODISHA,Odisha,2025-11,fy_to_date,2025-04-01,440000,4140000,20000,4590000,https://cea.nic.in/wp-content/uploads/ev_charging_rep/2026/04/EV_Report__Nov_2025.pdf,58548a35fbf37646001b75bca6cf4c01bd9b880c3541c30402e5c0035b061fda,
PUDUCHERRY,Puducherry,2025-11,fy_to_date,2025-04-01,,,,,https://cea.nic.in/wp-content/uploads/ev_charging_rep/2026/04/EV_Report__Nov_2025.pdf,58548a35fbf37646001b75bca6cf4c01bd9b880c3541c30402e5c0035b061fda,
RAJASTHAN,Rajasthan,2025-11,fy_to_date,2025-04-01,10680000,1730000,,12410000,https://cea.nic.in/wp-content/uploads/ev_charging_rep/2026/04/EV_Report__Nov_2025.pdf,58548a35fbf37646001b75bca6cf4c01bd9b880c3541c30402e5c0035b061fda,
SIKKIM,Sikkim,2025-11,fy_to_date,2025-04-01,,,,,https://cea.nic.in/wp-content/uploads/ev_charging_rep/2026/04/EV_Report__Nov_2025.pdf,58548a35fbf37646001b75bca6cf4c01bd9b880c3541c30402e5c0035b061fda,
TAMIL NADU,Tamil Nadu,2025-11,fy_to_date,2025-04-01,7910000,15940000,0,23850000,https://cea.nic.in/wp-content/uploads/ev_charging_rep/2026/04/EV_Report__Nov_2025.pdf,58548a35fbf37646001b75bca6cf4c01bd9b880c3541c30402e5c0035b061fda,
TELANGANA,Telangana,2025-11,fy_to_date,2025-04-01,8720000,56900000,,65620000,https://cea.nic.in/wp-content/uploads/ev_charging_rep/2026/04/EV_Report__Nov_2025.pdf,58548a35fbf37646001b75bca6cf4c01bd9b880c3541c30402e5c0035b061fda,
TRIPURA,Tripura,2025-11,fy_to_date,2025-04-01,,,,,https://cea.nic.in/wp-content/uploads/ev_charging_rep/2026/04/EV_Report__Nov_2025.pdf,58548a35fbf37646001b75bca6cf4c01bd9b880c3541c30402e5c0035b061fda,
UTTAR PRADESH,Uttar Pradesh,2025-11,fy_to_date,2025-04-01,34290000,12760000,2650000,49700000,https://cea.nic.in/wp-content/uploads/ev_charging_rep/2026/04/EV_Report__Nov_2025.pdf,58548a35fbf37646001b75bca6cf4c01bd9b880c3541c30402e5c0035b061fda,
UTTARAKHAND,Uttarakhand,2025-11,fy_to_date,2025-04-01,,,,,https://cea.nic.in/wp-content/uploads/ev_charging_rep/2026/04/EV_Report__Nov_2025.pdf,58548a35fbf37646001b75bca6cf4c01bd9b880c3541c30402e5c0035b061fda,
WEST BENGAL,West Bengal,2025-11,fy_to_date,2025-04-01,3470000,6590000,380000,10440000,https://cea.nic.in/wp-content/uploads/ev_charging_rep/2026/04/EV_Report__Nov_2025.pdf,58548a35fbf37646001b75bca6cf4c01bd9b880c3541c30402e5c0035b061fda,
ANDHRA PRADESH,Andhra Pradesh,2025-11,month,2025-11-01,220000,2020000,10000,2240000,https://cea.nic.in/wp-content/uploads/ev_charging_rep/2026/04/EV_Report__Nov_2025.pdf,58548a35fbf37646001b75bca6cf4c01bd9b880c3541c30402e5c0035b061fda,
ARUNACHAL PRADESH,Arunachal Pradesh,2025-11,month,2025-11-01,,,,,https://cea.nic.in/wp-content/uploads/ev_charging_rep/2026/04/EV_Report__Nov_2025.pdf,58548a35fbf37646001b75bca6cf4c01bd9b880c3541c30402e5c0035b061fda,
ASSAM,Assam,2025-11,month,2025-11-01,280000,1060000,230000,1570000,https://cea.nic.in/wp-content/uploads/ev_charging_rep/2026/04/EV_Report__Nov_2025.pdf,58548a35fbf37646001b75bca6cf4c01bd9b880c3541c30402e5c0035b061fda,
BIHAR,Bihar,2025-11,month,2025-11-01,1100000,110000,420000,1630000,https://cea.nic.in/wp-content/uploads/ev_charging_rep/2026/04/EV_Report__Nov_2025.pdf,58548a35fbf37646001b75bca6cf4c01bd9b880c3541c30402e5c0035b061fda,
CHANDIGARH,Chandigarh,2025-11,month,2025-11-01,,,,,https://cea.nic.in/wp-content/uploads/ev_charging_rep/2026/04/EV_Report__Nov_2025.pdf,58548a35fbf37646001b75bca6cf4c01bd9b880c3541c30402e5c0035b061fda,
CHHATTISGARH,Chhattisgarh,2025-11,month,2025-11-01,50000,,,50000,https://cea.nic.in/wp-content/uploads/ev_charging_rep/2026/04/EV_Report__Nov_2025.pdf,58548a35fbf37646001b75bca6cf4c01bd9b880c3541c30402e5c0035b061fda,
"DADRA,NAGAR HAVELI,DAMAN & DIU",Dadra & Nagar Haveli and Daman & Diu,2025-11,month,2025-11-01,,,,,https://cea.nic.in/wp-content/uploads/ev_charging_rep/2026/04/EV_Report__Nov_2025.pdf,58548a35fbf37646001b75bca6cf4c01bd9b880c3541c30402e5c0035b061fda,
DELHI,Delhi,2025-11,month,2025-11-01,5350000,25920000,6110000,37390000,https://cea.nic.in/wp-content/uploads/ev_charging_rep/2026/04/EV_Report__Nov_2025.pdf,58548a35fbf37646001b75bca6cf4c01bd9b880c3541c30402e5c0035b061fda,
GUJARAT,Gujarat,2025-11,month,2025-11-01,620000,8850000,60000,9530000,https://cea.nic.in/wp-content/uploads/ev_charging_rep/2026/04/EV_Report__Nov_2025.pdf,58548a35fbf37646001b75bca6cf4c01bd9b880c3541c30402e5c0035b061fda,
HARYANA,Haryana,2025-11,month,2025-11-01,2320000,440000,20000,2780000,https://cea.nic.in/wp-content/uploads/ev_charging_rep/2026/04/EV_Report__Nov_2025.pdf,58548a35fbf37646001b75bca6cf4c01bd9b880c3541c30402e5c0035b061fda,
HIMACHAL PRADESH,Himachal Pradesh,2025-11,month,2025-11-01,,,,,https://cea.nic.in/wp-content/uploads/ev_charging_rep/2026/04/EV_Report__Nov_2025.pdf,58548a35fbf37646001b75bca6cf4c01bd9b880c3541c30402e5c0035b061fda,
India,India,2025-11,month,2025-11-01,31630000,96010000,10450000,138090000,https://cea.nic.in/wp-content/uploads/ev_charging_rep/2026/04/EV_Report__Nov_2025.pdf,58548a35fbf37646001b75bca6cf4c01bd9b880c3541c30402e5c0035b061fda,
JHARKHAND,Jharkhand,2025-11,month,2025-11-01,,,,,https://cea.nic.in/wp-content/uploads/ev_charging_rep/2026/04/EV_Report__Nov_2025.pdf,58548a35fbf37646001b75bca6cf4c01bd9b880c3541c30402e5c0035b061fda,
KARNATAKA,Karnataka,2025-11,month,2025-11-01,3290000,15460000,70000,18820000,https://cea.nic.in/wp-content/uploads/ev_charging_rep/2026/04/EV_Report__Nov_2025.pdf,58548a35fbf37646001b75bca6cf4c01bd9b880c3541c30402e5c0035b061fda,
KERALA,Kerala,2025-11,month,2025-11-01,1620000,890000,,2500000,https://cea.nic.in/wp-content/uploads/ev_charging_rep/2026/04/EV_Report__Nov_2025.pdf,58548a35fbf37646001b75bca6cf4c01bd9b880c3541c30402e5c0035b061fda,
LADAKH,UT of Ladakh,2025-11,month,2025-11-01,,50000,,50000,https://cea.nic.in/wp-content/uploads/ev_charging_rep/2026/04/EV_Report__Nov_2025.pdf,58548a35fbf37646001b75bca6cf4c01bd9b880c3541c30402e5c0035b061fda,
MADHYA PRADESH,Madhya Pradesh,2025-11,month,2025-11-01,280000,180000,,460000,https://cea.nic.in/wp-content/uploads/ev_charging_rep/2026/04/EV_Report__Nov_2025.pdf,58548a35fbf37646001b75bca6cf4c01bd9b880c3541c30402e5c0035b061fda,
MAHARASHTRA,Maharashtra,2025-11,month,2025-11-01,7560000,27180000,930000,35670000,https://cea.nic.in/wp-content/uploads/ev_charging_rep/2026/04/EV_Report__Nov_2025.pdf,58548a35fbf37646001b75bca6cf4c01bd9b880c3541c30402e5c0035b061fda,
MANIPUR,Manipur,2025-11,month,2025-11-01,,,,,https://cea.nic.in/wp-content/uploads/ev_charging_rep/2026/04/EV_Report__Nov_2025.pdf,58548a35fbf37646001b75bca6cf4c01bd9b880c3541c30402e5c0035b061fda,
MEGHALAYA,Meghalaya,2025-11,month,2025-11-01,,,,,https://cea.nic.in/wp-content/uploads/ev_charging_rep/2026/04/EV_Report__Nov_2025.pdf,58548a35fbf37646001b75bca6cf4c01bd9b880c3541c30402e5c0035b061fda,
MIZORAM,Mizoram,2025-11,month,2025-11-01,,,,,https://cea.nic.in/wp-content/uploads/ev_charging_rep/2026/04/EV_Report__Nov_2025.pdf,58548a35fbf37646001b75bca6cf4c01bd9b880c3541c30402e5c0035b061fda,
NAGALAND,Nagaland,2025-11,month,2025-11-01,,,,,https://cea.nic.in/wp-content/uploads/ev_charging_rep/2026/04/EV_Report__Nov_2025.pdf,58548a35fbf37646001b75bca6cf4c01bd9b880c3541c30402e5c0035b061fda,
ODISHA,Odisha,2025-11,month,2025-11-01,100000,790000,10000,890000,https://cea.nic.in/wp-content/uploads/ev_charging_rep/2026/04/EV_Report__Nov_2025.pdf,58548a35fbf37646001b75bca6cf4c01bd9b880c3541c30402e5c0035b061fda,
PUDUCHERRY,Puducherry,2025-11,month,2025-11-01,,,,,https://cea.nic.in/wp-content/uploads/ev_charging_rep/2026/04/EV_Report__Nov_2025.pdf,58548a35fbf37646001b75bca6cf4c01bd9b880c3541c30402e5c0035b061fda,
RAJASTHAN,Rajasthan,2025-11,month,2025-11-01,1390000,280000,,1670000,https://cea.nic.in/wp-content/uploads/ev_charging_rep/2026/04/EV_Report__Nov_2025.pdf,58548a35fbf37646001b75bca6cf4c01bd9b880c3541c30402e5c0035b061fda,
SIKKIM,Sikkim,2025-11,month,2025-11-01,,,,,https://cea.nic.in/wp-content/uploads/ev_charging_rep/2026/04/EV_Report__Nov_2025.pdf,58548a35fbf37646001b75bca6cf4c01bd9b880c3541c30402e5c0035b061fda,
TAMIL NADU,Tamil Nadu,2025-11,month,2025-11-01,1150000,2630000,0,3780000,https://cea.nic.in/wp-content/uploads/ev_charging_rep/2026/04/EV_Report__Nov_2025.pdf,58548a35fbf37646001b75bca6cf4c01bd9b880c3541c30402e5c0035b061fda,
TELANGANA,Telangana,2025-11,month,2025-11-01,1370000,8760000,,10130000,https://cea.nic.in/wp-content/uploads/ev_charging_rep/2026/04/EV_Report__Nov_2025.pdf,58548a35fbf37646001b75bca6cf4c01bd9b880c3541c30402e5c0035b061fda,
TRIPURA,Tripura,2025-11,month,2025-11-01,,,,,https://cea.nic.in/wp-content/uploads/ev_charging_rep/2026/04/EV_Report__Nov_2025.pdf,58548a35fbf37646001b75bca6cf4c01bd9b880c3541c30402e5c0035b061fda,
UTTAR PRADESH,Uttar Pradesh,2025-11,month,2025-11-01,4200000,640000,2540000,7390000,https://cea.nic.in/wp-content/uploads/ev_charging_rep/2026/04/EV_Report__Nov_2025.pdf,58548a35fbf37646001b75bca6cf4c01bd9b880c3541c30402e5c0035b061fda,
UTTARAKHAND,Uttarakhand,2025-11,month,2025-11-01,,,,,https://cea.nic.in/wp-content/uploads/ev_charging_rep/2026/04/EV_Report__Nov_2025.pdf,58548a35fbf37646001b75bca6cf4c01bd9b880c3541c30402e5c0035b061fda,
WEST BENGAL,West Bengal,2025-11,month,2025-11-01,730000,750000,40000,1530000,https://cea.nic.in/wp-content/uploads/ev_charging_rep/2026/04/EV_Report__Nov_2025.pdf,58548a35fbf37646001b75bca6cf4c01bd9b880c3541c30402e5c0035b061fda,
ANDHRA PRADESH,Andhra Pradesh,2025-12,fy_to_date,2025-04-01,2530000,18020000,50000,20600000,https://cea.nic.in/wp-content/uploads/ev_charging_rep/2026/04/EV_Report__Dec_2025.pdf,628fd3475fb8a29eaecd31e0cf67ee285b298da5337c9b3d107f13a8805fb238,
ARUNACHAL PRADESH,Arunachal Pradesh,2025-12,fy_to_date,2025-04-01,,,,,https://cea.nic.in/wp-content/uploads/ev_charging_rep/2026/04/EV_Report__Dec_2025.pdf,628fd3475fb8a29eaecd31e0cf67ee285b298da5337c9b3d107f13a8805fb238,
ASSAM,Assam,2025-12,fy_to_date,2025-04-01,2990000,10830000,2050000,15870000,https://cea.nic.in/wp-content/uploads/ev_charging_rep/2026/04/EV_Report__Dec_2025.pdf,628fd3475fb8a29eaecd31e0cf67ee285b298da5337c9b3d107f13a8805fb238,
BIHAR,Bihar,2025-12,fy_to_date,2025-04-01,6720000,1480000,5950000,14150000,https://cea.nic.in/wp-content/uploads/ev_charging_rep/2026/04/EV_Report__Dec_2025.pdf,628fd3475fb8a29eaecd31e0cf67ee285b298da5337c9b3d107f13a8805fb238,
CHANDIGARH,Chandigarh,2025-12,fy_to_date,2025-04-01,,,,,https://cea.nic.in/wp-content/uploads/ev_charging_rep/2026/04/EV_Report__Dec_2025.pdf,628fd3475fb8a29eaecd31e0cf67ee285b298da5337c9b3d107f13a8805fb238,
CHHATTISGARH,Chhattisgarh,2025-12,fy_to_date,2025-04-01,260000,,,260000,https://cea.nic.in/wp-content/uploads/ev_charging_rep/2026/04/EV_Report__Dec_2025.pdf,628fd3475fb8a29eaecd31e0cf67ee285b298da5337c9b3d107f13a8805fb238,
"DADRA,NAGAR HAVELI,DAMAN & DIU",Dadra & Nagar Haveli and Daman & Diu,2025-12,fy_to_date,2025-04-01,,,,,https://cea.nic.in/wp-content/uploads/ev_charging_rep/2026/04/EV_Report__Dec_2025.pdf,628fd3475fb8a29eaecd31e0cf67ee285b298da5337c9b3d107f13a8805fb238,
DELHI,Delhi,2025-12,fy_to_date,2025-04-01,47430000,220570000,53990000,321990000,https://cea.nic.in/wp-content/uploads/ev_charging_rep/2026/04/EV_Report__Dec_2025.pdf,628fd3475fb8a29eaecd31e0cf67ee285b298da5337c9b3d107f13a8805fb238,
GUJARAT,Gujarat,2025-12,fy_to_date,2025-04-01,4870000,63600000,790000,69270000,https://cea.nic.in/wp-content/uploads/ev_charging_rep/2026/04/EV_Report__Dec_2025.pdf,628fd3475fb8a29eaecd31e0cf67ee285b298da5337c9b3d107f13a8805fb238,
HARYANA,Haryana,2025-12,fy_to_date,2025-04-01,16760000,3270000,100000,20130000,https://cea.nic.in/wp-content/uploads/ev_charging_rep/2026/04/EV_Report__Dec_2025.pdf,628fd3475fb8a29eaecd31e0cf67ee285b298da5337c9b3d107f13a8805fb238,
HIMACHAL PRADESH,Himachal Pradesh,2025-12,fy_to_date,2025-04-01,,,,,https://cea.nic.in/wp-content/uploads/ev_charging_rep/2026/04/EV_Report__Dec_2025.pdf,628fd3475fb8a29eaecd31e0cf67ee285b298da5337c9b3d107f13a8805fb238,
India,India,2025-12,fy_to_date,2025-04-01,245860000,783490000,73240000,1102590000,https://cea.nic.in/wp-content/uploads/ev_charging_rep/2026/04/EV_Report__Dec_2025.pdf,628fd3475fb8a29eaecd31e0cf67ee285b298da5337c9b3d107f13a8805fb238,
JHARKHAND,Jharkhand,2025-12,fy_to_date,2025-04-01,,,,,https://cea.nic.in/wp-content/uploads/ev_charging_rep/2026/04/EV_Report__Dec_2025.pdf,628fd3475fb8a29eaecd31e0cf67ee285b298da5337c9b3d107f13a8805fb238,
KARNATAKA,Karnataka,2025-12,fy_to_date,2025-04-01,24880000,131390000,490000,156760000,https://cea.nic.in/wp-content/uploads/ev_charging_rep/2026/04/EV_Report__Dec_2025.pdf,628fd3475fb8a29eaecd31e0cf67ee285b298da5337c9b3d107f13a8805fb238,
KERALA,Kerala,2025-12,fy_to_date,2025-04-01,12770000,5320000,,18090000,https://cea.nic.in/wp-content/uploads/ev_charging_rep/2026/04/EV_Report__Dec_2025.pdf,628fd3475fb8a29eaecd31e0cf67ee285b298da5337c9b3d107f13a8805fb238,
LADAKH,UT of Ladakh,2025-12,fy_to_date,2025-04-01,0,780000,,780000,https://cea.nic.in/wp-content/uploads/ev_charging_rep/2026/04/EV_Report__Dec_2025.pdf,628fd3475fb8a29eaecd31e0cf67ee285b298da5337c9b3d107f13a8805fb238,
MADHYA PRADESH,Madhya Pradesh,2025-12,fy_to_date,2025-04-01,2630000,4870000,,7500000,https://cea.nic.in/wp-content/uploads/ev_charging_rep/2026/04/EV_Report__Dec_2025.pdf,628fd3475fb8a29eaecd31e0cf67ee285b298da5337c9b3d107f13a8805fb238,
MAHARASHTRA,Maharashtra,2025-12,fy_to_date,2025-04-01,50630000,212610000,5660000,268900000,https://cea.nic.in/wp-content/uploads/ev_charging_rep/2026/04/EV_Report__Dec_2025.pdf,628fd3475fb8a29eaecd31e0cf67ee285b298da5337c9b3d107f13a8805fb238,
MANIPUR,Manipur,2025-12,fy_to_date,2025-04-01,,,,,https://cea.nic.in/wp-content/uploads/ev_charging_rep/2026/04/EV_Report__Dec_2025.pdf,628fd3475fb8a29eaecd31e0cf67ee285b298da5337c9b3d107f13a8805fb238,
MEGHALAYA,Meghalaya,2025-12,fy_to_date,2025-04-01,,,,,https://cea.nic.in/wp-content/uploads/ev_charging_rep/2026/04/EV_Report__Dec_2025.pdf,628fd3475fb8a29eaecd31e0cf67ee285b298da5337c9b3d107f13a8805fb238,
MIZORAM,Mizoram,2025-12,fy_to_date,2025-04-01,,,,,https://cea.nic.in/wp-content/uploads/ev_charging_rep/2026/04/EV_Report__Dec_2025.pdf,628fd3475fb8a29eaecd31e0cf67ee285b298da5337c9b3d107f13a8805fb238,
NAGALAND,Nagaland,2025-12,fy_to_date,2025-04-01,,,,,https://cea.nic.in/wp-content/uploads/ev_charging_rep/2026/04/EV_Report__Dec_2025.pdf,628fd3475fb8a29eaecd31e0cf67ee285b298da5337c9b3d107f13a8805fb238,
ODISHA,Odisha,2025-12,fy_to_date,2025-04-01,550000,4910000,30000,5490000,https://cea.nic.in/wp-content/uploads/ev_charging_rep/2026/04/EV_Report__Dec_2025.pdf,628fd3475fb8a29eaecd31e0cf67ee285b298da5337c9b3d107f13a8805fb238,
PUDUCHERRY,Puducherry,2025-12,fy_to_date,2025-04-01,,,,,https://cea.nic.in/wp-content/uploads/ev_charging_rep/2026/04/EV_Report__Dec_2025.pdf,628fd3475fb8a29eaecd31e0cf67ee285b298da5337c9b3d107f13a8805fb238,
RAJASTHAN,Rajasthan,2025-12,fy_to_date,2025-04-01,11910000,2030000,,13940000,https://cea.nic.in/wp-content/uploads/ev_charging_rep/2026/04/EV_Report__Dec_2025.pdf,628fd3475fb8a29eaecd31e0cf67ee285b298da5337c9b3d107f13a8805fb238,
SIKKIM,Sikkim,2025-12,fy_to_date,2025-04-01,,,,,https://cea.nic.in/wp-content/uploads/ev_charging_rep/2026/04/EV_Report__Dec_2025.pdf,628fd3475fb8a29eaecd31e0cf67ee285b298da5337c9b3d107f13a8805fb238,
TAMIL NADU,Tamil Nadu,2025-12,fy_to_date,2025-04-01,9320000,16800000,10000,26120000,https://cea.nic.in/wp-content/uploads/ev_charging_rep/2026/04/EV_Report__Dec_2025.pdf,628fd3475fb8a29eaecd31e0cf67ee285b298da5337c9b3d107f13a8805fb238,
TELANGANA,Telangana,2025-12,fy_to_date,2025-04-01,10310000,66260000,,76570000,https://cea.nic.in/wp-content/uploads/ev_charging_rep/2026/04/EV_Report__Dec_2025.pdf,628fd3475fb8a29eaecd31e0cf67ee285b298da5337c9b3d107f13a8805fb238,
TRIPURA,Tripura,2025-12,fy_to_date,2025-04-01,,,,,https://cea.nic.in/wp-content/uploads/ev_charging_rep/2026/04/EV_Report__Dec_2025.pdf,628fd3475fb8a29eaecd31e0cf67ee285b298da5337c9b3d107f13a8805fb238,
UTTAR PRADESH,Uttar Pradesh,2025-12,fy_to_date,2025-04-01,37250000,13410000,3720000,54380000,https://cea.nic.in/wp-content/uploads/ev_charging_rep/2026/04/EV_Report__Dec_2025.pdf,628fd3475fb8a29eaecd31e0cf67ee285b298da5337c9b3d107f13a8805fb238,
UTTARAKHAND,Uttarakhand,2025-12,fy_to_date,2025-04-01,,,,,https://cea.nic.in/wp-content/uploads/ev_charging_rep/2026/04/EV_Report__Dec_2025.pdf,628fd3475fb8a29eaecd31e0cf67ee285b298da5337c9b3d107f13a8805fb238,
WEST BENGAL,West Bengal,2025-12,fy_to_date,2025-04-01,4060000,7340000,400000,11800000,https://cea.nic.in/wp-content/uploads/ev_charging_rep/2026/04/EV_Report__Dec_2025.pdf,628fd3475fb8a29eaecd31e0cf67ee285b298da5337c9b3d107f13a8805fb238,
ANDHRA PRADESH,Andhra Pradesh,2025-12,month,2025-12-01,230000,2070000,0,2310000,https://cea.nic.in/wp-content/uploads/ev_charging_rep/2026/04/EV_Report__Dec_2025.pdf,628fd3475fb8a29eaecd31e0cf67ee285b298da5337c9b3d107f13a8805fb238,
ARUNACHAL PRADESH,Arunachal Pradesh,2025-12,month,2025-12-01,,,,,https://cea.nic.in/wp-content/uploads/ev_charging_rep/2026/04/EV_Report__Dec_2025.pdf,628fd3475fb8a29eaecd31e0cf67ee285b298da5337c9b3d107f13a8805fb238,
ASSAM,Assam,2025-12,month,2025-12-01,290000,990000,220000,1500000,https://cea.nic.in/wp-content/uploads/ev_charging_rep/2026/04/EV_Report__Dec_2025.pdf,628fd3475fb8a29eaecd31e0cf67ee285b298da5337c9b3d107f13a8805fb238,
BIHAR,Bihar,2025-12,month,2025-12-01,1080000,120000,430000,1640000,https://cea.nic.in/wp-content/uploads/ev_charging_rep/2026/04/EV_Report__Dec_2025.pdf,628fd3475fb8a29eaecd31e0cf67ee285b298da5337c9b3d107f13a8805fb238,
CHANDIGARH,Chandigarh,2025-12,month,2025-12-01,,,,,https://cea.nic.in/wp-content/uploads/ev_charging_rep/2026/04/EV_Report__Dec_2025.pdf,628fd3475fb8a29eaecd31e0cf67ee285b298da5337c9b3d107f13a8805fb238,
CHHATTISGARH,Chhattisgarh,2025-12,month,2025-12-01,,,,,https://cea.nic.in/wp-content/uploads/ev_charging_rep/2026/04/EV_Report__Dec_2025.pdf,628fd3475fb8a29eaecd31e0cf67ee285b298da5337c9b3d107f13a8805fb238,
"DADRA,NAGAR HAVELI,DAMAN & DIU",Dadra & Nagar Haveli and Daman & Diu,2025-12,month,2025-12-01,,,,,https://cea.nic.in/wp-content/uploads/ev_charging_rep/2026/04/EV_Report__Dec_2025.pdf,628fd3475fb8a29eaecd31e0cf67ee285b298da5337c9b3d107f13a8805fb238,
DELHI,Delhi,2025-12,month,2025-12-01,5310000,23060000,5940000,34310000,https://cea.nic.in/wp-content/uploads/ev_charging_rep/2026/04/EV_Report__Dec_2025.pdf,628fd3475fb8a29eaecd31e0cf67ee285b298da5337c9b3d107f13a8805fb238,
GUJARAT,Gujarat,2025-12,month,2025-12-01,730000,6070000,60000,6860000,https://cea.nic.in/wp-content/uploads/ev_charging_rep/2026/04/EV_Report__Dec_2025.pdf,628fd3475fb8a29eaecd31e0cf67ee285b298da5337c9b3d107f13a8805fb238,
HARYANA,Haryana,2025-12,month,2025-12-01,2500000,390000,30000,2910000,https://cea.nic.in/wp-content/uploads/ev_charging_rep/2026/04/EV_Report__Dec_2025.pdf,628fd3475fb8a29eaecd31e0cf67ee285b298da5337c9b3d107f13a8805fb238,
HIMACHAL PRADESH,Himachal Pradesh,2025-12,month,2025-12-01,,,,,https://cea.nic.in/wp-content/uploads/ev_charging_rep/2026/04/EV_Report__Dec_2025.pdf,628fd3475fb8a29eaecd31e0cf67ee285b298da5337c9b3d107f13a8805fb238,
India,India,2025-12,month,2025-12-01,31220000,89850000,8580000,129660000,https://cea.nic.in/wp-content/uploads/ev_charging_rep/2026/04/EV_Report__Dec_2025.pdf,628fd3475fb8a29eaecd31e0cf67ee285b298da5337c9b3d107f13a8805fb238,
JHARKHAND,Jharkhand,2025-12,month,2025-12-01,,,,,https://cea.nic.in/wp-content/uploads/ev_charging_rep/2026/04/EV_Report__Dec_2025.pdf,628fd3475fb8a29eaecd31e0cf67ee285b298da5337c9b3d107f13a8805fb238,
KARNATAKA,Karnataka,2025-12,month,2025-12-01,3490000,15270000,80000,18840000,https://cea.nic.in/wp-content/uploads/ev_charging_rep/2026/04/EV_Report__Dec_2025.pdf,628fd3475fb8a29eaecd31e0cf67ee285b298da5337c9b3d107f13a8805fb238,
KERALA,Kerala,2025-12,month,2025-12-01,1630000,840000,,2460000,https://cea.nic.in/wp-content/uploads/ev_charging_rep/2026/04/EV_Report__Dec_2025.pdf,628fd3475fb8a29eaecd31e0cf67ee285b298da5337c9b3d107f13a8805fb238,
LADAKH,UT of Ladakh,2025-12,month,2025-12-01,0,20000,,20000,https://cea.nic.in/wp-content/uploads/ev_charging_rep/2026/04/EV_Report__Dec_2025.pdf,628fd3475fb8a29eaecd31e0cf67ee285b298da5337c9b3d107f13a8805fb238,
MADHYA PRADESH,Madhya Pradesh,2025-12,month,2025-12-01,370000,200000,,580000,https://cea.nic.in/wp-content/uploads/ev_charging_rep/2026/04/EV_Report__Dec_2025.pdf,628fd3475fb8a29eaecd31e0cf67ee285b298da5337c9b3d107f13a8805fb238,
MAHARASHTRA,Maharashtra,2025-12,month,2025-12-01,7690000,28120000,720000,36520000,https://cea.nic.in/wp-content/uploads/ev_charging_rep/2026/04/EV_Report__Dec_2025.pdf,628fd3475fb8a29eaecd31e0cf67ee285b298da5337c9b3d107f13a8805fb238,
MANIPUR,Manipur,2025-12,month,2025-12-01,,,,,https://cea.nic.in/wp-content/uploads/ev_charging_rep/2026/04/EV_Report__Dec_2025.pdf,628fd3475fb8a29eaecd31e0cf67ee285b298da5337c9b3d107f13a8805fb238,
MEGHALAYA,Meghalaya,2025-12,month,2025-12-01,,,,,https://cea.nic.in/wp-content/uploads/ev_charging_rep/2026/04/EV_Report__Dec_2025.pdf,628fd3475fb8a29eaecd31e0cf67ee285b298da5337c9b3d107f13a8805fb238,
MIZORAM,Mizoram,2025-12,month,2025-12-01,,,,,https://cea.nic.in/wp-content/uploads/ev_charging_rep/2026/04/EV_Report__Dec_2025.pdf,628fd3475fb8a29eaecd31e0cf67ee285b298da5337c9b3d107f13a8805fb238,
NAGALAND,Nagaland,2025-12,month,2025-12-01,,,,,https://cea.nic.in/wp-content/uploads/ev_charging_rep/2026/04/EV_Report__Dec_2025.pdf,628fd3475fb8a29eaecd31e0cf67ee285b298da5337c9b3d107f13a8805fb238,
ODISHA,Odisha,2025-12,month,2025-12-01,110000,770000,10000,890000,https://cea.nic.in/wp-content/uploads/ev_charging_rep/2026/04/EV_Report__Dec_2025.pdf,628fd3475fb8a29eaecd31e0cf67ee285b298da5337c9b3d107f13a8805fb238,
PUDUCHERRY,Puducherry,2025-12,month,2025-12-01,,,,,https://cea.nic.in/wp-content/uploads/ev_charging_rep/2026/04/EV_Report__Dec_2025.pdf,628fd3475fb8a29eaecd31e0cf67ee285b298da5337c9b3d107f13a8805fb238,
RAJASTHAN,Rajasthan,2025-12,month,2025-12-01,1230000,310000,,1530000,https://cea.nic.in/wp-content/uploads/ev_charging_rep/2026/04/EV_Report__Dec_2025.pdf,628fd3475fb8a29eaecd31e0cf67ee285b298da5337c9b3d107f13a8805fb238,
SIKKIM,Sikkim,2025-12,month,2025-12-01,,,,,https://cea.nic.in/wp-content/uploads/ev_charging_rep/2026/04/EV_Report__Dec_2025.pdf,628fd3475fb8a29eaecd31e0cf67ee285b298da5337c9b3d107f13a8805fb238,
TAMIL NADU,Tamil Nadu,2025-12,month,2025-12-01,1410000,870000,0,2280000,https://cea.nic.in/wp-content/uploads/ev_charging_rep/2026/04/EV_Report__Dec_2025.pdf,628fd3475fb8a29eaecd31e0cf67ee285b298da5337c9b3d107f13a8805fb238,
TELANGANA,Telangana,2025-12,month,2025-12-01,1590000,9360000,,10960000,https://cea.nic.in/wp-content/uploads/ev_charging_rep/2026/04/EV_Report__Dec_2025.pdf,628fd3475fb8a29eaecd31e0cf67ee285b298da5337c9b3d107f13a8805fb238,
TRIPURA,Tripura,2025-12,month,2025-12-01,,,,,https://cea.nic.in/wp-content/uploads/ev_charging_rep/2026/04/EV_Report__Dec_2025.pdf,628fd3475fb8a29eaecd31e0cf67ee285b298da5337c9b3d107f13a8805fb238,
UTTAR PRADESH,Uttar Pradesh,2025-12,month,2025-12-01,2970000,650000,1070000,4680000,https://cea.nic.in/wp-content/uploads/ev_charging_rep/2026/04/EV_Report__Dec_2025.pdf,628fd3475fb8a29eaecd31e0cf67ee285b298da5337c9b3d107f13a8805fb238,
UTTARAKHAND,Uttarakhand,2025-12,month,2025-12-01,,,,,https://cea.nic.in/wp-content/uploads/ev_charging_rep/2026/04/EV_Report__Dec_2025.pdf,628fd3475fb8a29eaecd31e0cf67ee285b298da5337c9b3d107f13a8805fb238,
WEST BENGAL,West Bengal,2025-12,month,2025-12-01,590000,740000,30000,1360000,https://cea.nic.in/wp-content/uploads/ev_charging_rep/2026/04/EV_Report__Dec_2025.pdf,628fd3475fb8a29eaecd31e0cf67ee285b298da5337c9b3d107f13a8805fb238,
ANDHRA PRADESH,Andhra Pradesh,2026-01,fy_to_date,2025-04-01,2000000,19940000,60000,22000000,https://cea.nic.in/wp-content/uploads/ev_charging_rep/2026/08/Jan_26_Electric_Vehicle.pdf,12a0d43e6acc7167ddd350921f554dba1bf4ae44019e034185eb060a068bc8a6,
ARUNACHAL PRADESH,Arunachal Pradesh,2026-01,fy_to_date,2025-04-01,,,,,https://cea.nic.in/wp-content/uploads/ev_charging_rep/2026/08/Jan_26_Electric_Vehicle.pdf,12a0d43e6acc7167ddd350921f554dba1bf4ae44019e034185eb060a068bc8a6,
ASSAM,Assam,2026-01,fy_to_date,2025-04-01,2890000,11800000,2440000,17130000,https://cea.nic.in/wp-content/uploads/ev_charging_rep/2026/08/Jan_26_Electric_Vehicle.pdf,12a0d43e6acc7167ddd350921f554dba1bf4ae44019e034185eb060a068bc8a6,
BIHAR,Bihar,2026-01,fy_to_date,2025-04-01,11380000,1590000,2860000,15830000,https://cea.nic.in/wp-content/uploads/ev_charging_rep/2026/08/Jan_26_Electric_Vehicle.pdf,12a0d43e6acc7167ddd350921f554dba1bf4ae44019e034185eb060a068bc8a6,
CHANDIGARH,Chandigarh,2026-01,fy_to_date,2025-04-01,,,,,https://cea.nic.in/wp-content/uploads/ev_charging_rep/2026/08/Jan_26_Electric_Vehicle.pdf,12a0d43e6acc7167ddd350921f554dba1bf4ae44019e034185eb060a068bc8a6,
CHHATTISGARH,Chhattisgarh,2026-01,fy_to_date,2025-04-01,360000,,,360000,https://cea.nic.in/wp-content/uploads/ev_charging_rep/2026/08/Jan_26_Electric_Vehicle.pdf,12a0d43e6acc7167ddd350921f554dba1bf4ae44019e034185eb060a068bc8a6,
"DADRA,NAGAR HAVELI,DAMAN & DIU",Dadra & Nagar Haveli and Daman & Diu,2026-01,fy_to_date,2025-04-01,,,,,https://cea.nic.in/wp-content/uploads/ev_charging_rep/2026/08/Jan_26_Electric_Vehicle.pdf,12a0d43e6acc7167ddd350921f554dba1bf4ae44019e034185eb060a068bc8a6,
DELHI,Delhi,2026-01,fy_to_date,2025-04-01,53200000,245240000,61910000,360340000,https://cea.nic.in/wp-content/uploads/ev_charging_rep/2026/08/Jan_26_Electric_Vehicle.pdf,12a0d43e6acc7167ddd350921f554dba1bf4ae44019e034185eb060a068bc8a6,
GUJARAT,Gujarat,2026-01,fy_to_date,2025-04-01,5640000,69140000,840000,75620000,https://cea.nic.in/wp-content/uploads/ev_charging_rep/2026/08/Jan_26_Electric_Vehicle.pdf,12a0d43e6acc7167ddd350921f554dba1bf4ae44019e034185eb060a068bc8a6,
HARYANA,Haryana,2026-01,fy_to_date,2025-04-01,19750000,3660000,140000,23540000,https://cea.nic.in/wp-content/uploads/ev_charging_rep/2026/08/Jan_26_Electric_Vehicle.pdf,12a0d43e6acc7167ddd350921f554dba1bf4ae44019e034185eb060a068bc8a6,
HIMACHAL PRADESH,Himachal Pradesh,2026-01,fy_to_date,2025-04-01,,,,,https://cea.nic.in/wp-content/uploads/ev_charging_rep/2026/08/Jan_26_Electric_Vehicle.pdf,12a0d43e6acc7167ddd350921f554dba1bf4ae44019e034185eb060a068bc8a6,
India,India,2026-01,fy_to_date,2025-04-01,297590000,884940000,79970000,1262500000,https://cea.nic.in/wp-content/uploads/ev_charging_rep/2026/08/Jan_26_Electric_Vehicle.pdf,12a0d43e6acc7167ddd350921f554dba1bf4ae44019e034185eb060a068bc8a6,
JAMMU & KASHMIR,UT of J&K,2026-01,fy_to_date,2025-04-01,1630000,8100000,,9730000,https://cea.nic.in/wp-content/uploads/ev_charging_rep/2026/08/Jan_26_Electric_Vehicle.pdf,12a0d43e6acc7167ddd350921f554dba1bf4ae44019e034185eb060a068bc8a6,
JHARKHAND,Jharkhand,2026-01,fy_to_date,2025-04-01,,,,,https://cea.nic.in/wp-content/uploads/ev_charging_rep/2026/08/Jan_26_Electric_Vehicle.pdf,12a0d43e6acc7167ddd350921f554dba1bf4ae44019e034185eb060a068bc8a6,
KARNATAKA,Karnataka,2026-01,fy_to_date,2025-04-01,28900000,146590000,830000,176320000,https://cea.nic.in/wp-content/uploads/ev_charging_rep/2026/08/Jan_26_Electric_Vehicle.pdf,12a0d43e6acc7167ddd350921f554dba1bf4ae44019e034185eb060a068bc8a6,
KERALA,Kerala,2026-01,fy_to_date,2025-04-01,14590000,6170000,,20760000,https://cea.nic.in/wp-content/uploads/ev_charging_rep/2026/08/Jan_26_Electric_Vehicle.pdf,12a0d43e6acc7167ddd350921f554dba1bf4ae44019e034185eb060a068bc8a6,
LADAKH,UT of Ladakh,2026-01,fy_to_date,2025-04-01,0,810000,,810000,https://cea.nic.in/wp-content/uploads/ev_charging_rep/2026/08/Jan_26_Electric_Vehicle.pdf,12a0d43e6acc7167ddd350921f554dba1bf4ae44019e034185eb060a068bc8a6,
MADHYA PRADESH,Madhya Pradesh,2026-01,fy_to_date,2025-04-01,2420000,1830000,,4240000,https://cea.nic.in/wp-content/uploads/ev_charging_rep/2026/08/Jan_26_Electric_Vehicle.pdf,12a0d43e6acc7167ddd350921f554dba1bf4ae44019e034185eb060a068bc8a6,
MAHARASHTRA,Maharashtra,2026-01,fy_to_date,2025-04-01,58310000,242160000,6670000,307130000,https://cea.nic.in/wp-content/uploads/ev_charging_rep/2026/08/Jan_26_Electric_Vehicle.pdf,12a0d43e6acc7167ddd350921f554dba1bf4ae44019e034185eb060a068bc8a6,
MANIPUR,Manipur,2026-01,fy_to_date,2025-04-01,,,,,https://cea.nic.in/wp-content/uploads/ev_charging_rep/2026/08/Jan_26_Electric_Vehicle.pdf,12a0d43e6acc7167ddd350921f554dba1bf4ae44019e034185eb060a068bc8a6,
MEGHALAYA,Meghalaya,2026-01,fy_to_date,2025-04-01,,,,,https://cea.nic.in/wp-content/uploads/ev_charging_rep/2026/08/Jan_26_Electric_Vehicle.pdf,12a0d43e6acc7167ddd350921f554dba1bf4ae44019e034185eb060a068bc8a6,
MIZORAM,Mizoram,2026-01,fy_to_date,2025-04-01,,,,,https://cea.nic.in/wp-content/uploads/ev_charging_rep/2026/08/Jan_26_Electric_Vehicle.pdf,12a0d43e6acc7167ddd350921f554dba1bf4ae44019e034185eb060a068bc8a6,
NAGALAND,Nagaland,2026-01,fy_to_date,2025-04-01,,,,,https://cea.nic.in/wp-content/uploads/ev_charging_rep/2026/08/Jan_26_Electric_Vehicle.pdf,12a0d43e6acc7167ddd350921f554dba1bf4ae44019e034185eb060a068bc8a6,
ODISHA,Odisha,2026-01,fy_to_date,2025-04-01,690000,5760000,30000,6480000,https://cea.nic.in/wp-content/uploads/ev_charging_rep/2026/08/Jan_26_Electric_Vehicle.pdf,12a0d43e6acc7167ddd350921f554dba1bf4ae44019e034185eb060a068bc8a6,
PUDUCHERRY,Puducherry,2026-01,fy_to_date,2025-04-01,,,,,https://cea.nic.in/wp-content/uploads/ev_charging_rep/2026/08/Jan_26_Electric_Vehicle.pdf,12a0d43e6acc7167ddd350921f554dba1bf4ae44019e034185eb060a068bc8a6,
PUNJAB,Punjab,2026-01,fy_to_date,2025-04-01,12940000,,,12940000,https://cea.nic.in/wp-content/uploads/ev_charging_rep/2026/08/Jan_26_Electric_Vehicle.pdf,12a0d43e6acc7167ddd350921f554dba1bf4ae44019e034185eb060a068bc8a6,
RAJASTHAN,Rajasthan,2026-01,fy_to_date,2025-04-01,12510000,2430000,,14940000,https://cea.nic.in/wp-content/uploads/ev_charging_rep/2026/08/Jan_26_Electric_Vehicle.pdf,12a0d43e6acc7167ddd350921f554dba1bf4ae44019e034185eb060a068bc8a6,
SIKKIM,Sikkim,2026-01,fy_to_date,2025-04-01,,,,,https://cea.nic.in/wp-content/uploads/ev_charging_rep/2026/08/Jan_26_Electric_Vehicle.pdf,12a0d43e6acc7167ddd350921f554dba1bf4ae44019e034185eb060a068bc8a6,
TAMIL NADU,Tamil Nadu,2026-01,fy_to_date,2025-04-01,10820000,18530000,20000,29370000,https://cea.nic.in/wp-content/uploads/ev_charging_rep/2026/08/Jan_26_Electric_Vehicle.pdf,12a0d43e6acc7167ddd350921f554dba1bf4ae44019e034185eb060a068bc8a6,
TELANGANA,Telangana,2026-01,fy_to_date,2025-04-01,12060000,75920000,,87980000,https://cea.nic.in/wp-content/uploads/ev_charging_rep/2026/08/Jan_26_Electric_Vehicle.pdf,12a0d43e6acc7167ddd350921f554dba1bf4ae44019e034185eb060a068bc8a6,
TRIPURA,Tripura,2026-01,fy_to_date,2025-04-01,,,,,https://cea.nic.in/wp-content/uploads/ev_charging_rep/2026/08/Jan_26_Electric_Vehicle.pdf,12a0d43e6acc7167ddd350921f554dba1bf4ae44019e034185eb060a068bc8a6,
UTTAR PRADESH,Uttar Pradesh,2026-01,fy_to_date,2025-04-01,42890000,17220000,3720000,63830000,https://cea.nic.in/wp-content/uploads/ev_charging_rep/2026/08/Jan_26_Electric_Vehicle.pdf,12a0d43e6acc7167ddd350921f554dba1bf4ae44019e034185eb060a068bc8a6,
UTTARAKHAND,Uttarakhand,2026-01,fy_to_date,2025-04-01,,,,,https://cea.nic.in/wp-content/uploads/ev_charging_rep/2026/08/Jan_26_Electric_Vehicle.pdf,12a0d43e6acc7167ddd350921f554dba1bf4ae44019e034185eb060a068bc8a6,
WEST BENGAL,West Bengal,2026-01,fy_to_date,2025-04-01,4620000,8060000,460000,13140000,https://cea.nic.in/wp-content/uploads/ev_charging_rep/2026/08/Jan_26_Electric_Vehicle.pdf,12a0d43e6acc7167ddd350921f554dba1bf4ae44019e034185eb060a068bc8a6,
ANDHRA PRADESH,Andhra Pradesh,2026-01,month,2026-01-01,320000,1920000,10000,2250000,https://cea.nic.in/wp-content/uploads/ev_charging_rep/2026/08/Jan_26_Electric_Vehicle.pdf,12a0d43e6acc7167ddd350921f554dba1bf4ae44019e034185eb060a068bc8a6,
ARUNACHAL PRADESH,Arunachal Pradesh,2026-01,month,2026-01-01,,,,,https://cea.nic.in/wp-content/uploads/ev_charging_rep/2026/08/Jan_26_Electric_Vehicle.pdf,12a0d43e6acc7167ddd350921f554dba1bf4ae44019e034185eb060a068bc8a6,
ASSAM,Assam,2026-01,month,2026-01-01,280000,970000,210000,1460000,https://cea.nic.in/wp-content/uploads/ev_charging_rep/2026/08/Jan_26_Electric_Vehicle.pdf,12a0d43e6acc7167ddd350921f554dba1bf4ae44019e034185eb060a068bc8a6,
BIHAR,Bihar,2026-01,month,2026-01-01,1160000,120000,440000,1720000,https://cea.nic.in/wp-content/uploads/ev_charging_rep/2026/08/Jan_26_Electric_Vehicle.pdf,12a0d43e6acc7167ddd350921f554dba1bf4ae44019e034185eb060a068bc8a6,
CHANDIGARH,Chandigarh,2026-01,month,2026-01-01,,,,,https://cea.nic.in/wp-content/uploads/ev_charging_rep/2026/08/Jan_26_Electric_Vehicle.pdf,12a0d43e6acc7167ddd350921f554dba1bf4ae44019e034185eb060a068bc8a6,
CHHATTISGARH,Chhattisgarh,2026-01,month,2026-01-01,50000,,,50000,https://cea.nic.in/wp-content/uploads/ev_charging_rep/2026/08/Jan_26_Electric_Vehicle.pdf,12a0d43e6acc7167ddd350921f554dba1bf4ae44019e034185eb060a068bc8a6,
"DADRA,NAGAR HAVELI,DAMAN & DIU",Dadra & Nagar Haveli and Daman & Diu,2026-01,month,2026-01-01,,,,,https://cea.nic.in/wp-content/uploads/ev_charging_rep/2026/08/Jan_26_Electric_Vehicle.pdf,12a0d43e6acc7167ddd350921f554dba1bf4ae44019e034185eb060a068bc8a6,
DELHI,Delhi,2026-01,month,2026-01-01,5590000,24660000,7710000,37960000,https://cea.nic.in/wp-content/uploads/ev_charging_rep/2026/08/Jan_26_Electric_Vehicle.pdf,12a0d43e6acc7167ddd350921f554dba1bf4ae44019e034185eb060a068bc8a6,
GUJARAT,Gujarat,2026-01,month,2026-01-01,770000,5530000,50000,6350000,https://cea.nic.in/wp-content/uploads/ev_charging_rep/2026/08/Jan_26_Electric_Vehicle.pdf,12a0d43e6acc7167ddd350921f554dba1bf4ae44019e034185eb060a068bc8a6,
HARYANA,Haryana,2026-01,month,2026-01-01,2990000,390000,30000,3410000,https://cea.nic.in/wp-content/uploads/ev_charging_rep/2026/08/Jan_26_Electric_Vehicle.pdf,12a0d43e6acc7167ddd350921f554dba1bf4ae44019e034185eb060a068bc8a6,
HIMACHAL PRADESH,Himachal Pradesh,2026-01,month,2026-01-01,,,,,https://cea.nic.in/wp-content/uploads/ev_charging_rep/2026/08/Jan_26_Electric_Vehicle.pdf,12a0d43e6acc7167ddd350921f554dba1bf4ae44019e034185eb060a068bc8a6,
India,India,2026-01,month,2026-01-01,39650000,97650000,9860000,147150000,https://cea.nic.in/wp-content/uploads/ev_charging_rep/2026/08/Jan_26_Electric_Vehicle.pdf,12a0d43e6acc7167ddd350921f554dba1bf4ae44019e034185eb060a068bc8a6,
JAMMU & KASHMIR,UT of J&K,2026-01,month,2026-01-01,180000,980000,,1150000,https://cea.nic.in/wp-content/uploads/ev_charging_rep/2026/08/Jan_26_Electric_Vehicle.pdf,12a0d43e6acc7167ddd350921f554dba1bf4ae44019e034185eb060a068bc8a6,
JHARKHAND,Jharkhand,2026-01,month,2026-01-01,,,,,https://cea.nic.in/wp-content/uploads/ev_charging_rep/2026/08/Jan_26_Electric_Vehicle.pdf,12a0d43e6acc7167ddd350921f554dba1bf4ae44019e034185eb060a068bc8a6,
KARNATAKA,Karnataka,2026-01,month,2026-01-01,4020000,15190000,340000,19550000,https://cea.nic.in/wp-content/uploads/ev_charging_rep/2026/08/Jan_26_Electric_Vehicle.pdf,12a0d43e6acc7167ddd350921f554dba1bf4ae44019e034185eb060a068bc8a6,
KERALA,Kerala,2026-01,month,2026-01-01,1820000,860000,,2670000,https://cea.nic.in/wp-content/uploads/ev_charging_rep/2026/08/Jan_26_Electric_Vehicle.pdf,12a0d43e6acc7167ddd350921f554dba1bf4ae44019e034185eb060a068bc8a6,
LADAKH,UT of Ladakh,2026-01,month,2026-01-01,0,30000,,30000,https://cea.nic.in/wp-content/uploads/ev_charging_rep/2026/08/Jan_26_Electric_Vehicle.pdf,12a0d43e6acc7167ddd350921f554dba1bf4ae44019e034185eb060a068bc8a6,
MADHYA PRADESH,Madhya Pradesh,2026-01,month,2026-01-01,400000,300000,,690000,https://cea.nic.in/wp-content/uploads/ev_charging_rep/2026/08/Jan_26_Electric_Vehicle.pdf,12a0d43e6acc7167ddd350921f554dba1bf4ae44019e034185eb060a068bc8a6,
MAHARASHTRA,Maharashtra,2026-01,month,2026-01-01,7670000,29550000,1010000,38230000,https://cea.nic.in/wp-content/uploads/ev_charging_rep/2026/08/Jan_26_Electric_Vehicle.pdf,12a0d43e6acc7167ddd350921f554dba1bf4ae44019e034185eb060a068bc8a6,
MANIPUR,Manipur,2026-01,month,2026-01-01,,,,,https://cea.nic.in/wp-content/uploads/ev_charging_rep/2026/08/Jan_26_Electric_Vehicle.pdf,12a0d43e6acc7167ddd350921f554dba1bf4ae44019e034185eb060a068bc8a6,
MEGHALAYA,Meghalaya,2026-01,month,2026-01-01,,,,,https://cea.nic.in/wp-content/uploads/ev_charging_rep/2026/08/Jan_26_Electric_Vehicle.pdf,12a0d43e6acc7167ddd350921f554dba1bf4ae44019e034185eb060a068bc8a6,
MIZORAM,Mizoram,2026-01,month,2026-01-01,,,,,https://cea.nic.in/wp-content/uploads/ev_charging_rep/2026/08/Jan_26_Electric_Vehicle.pdf,12a0d43e6acc7167ddd350921f554dba1bf4ae44019e034185eb060a068bc8a6,
NAGALAND,Nagaland,2026-01,month,2026-01-01,,,,,https://cea.nic.in/wp-content/uploads/ev_charging_rep/2026/08/Jan_26_Electric_Vehicle.pdf,12a0d43e6acc7167ddd350921f554dba1bf4ae44019e034185eb060a068bc8a6,
ODISHA,Odisha,2026-01,month,2026-01-01,140000,850000,0,990000,https://cea.nic.in/wp-content/uploads/ev_charging_rep/2026/08/Jan_26_Electric_Vehicle.pdf,12a0d43e6acc7167ddd350921f554dba1bf4ae44019e034185eb060a068bc8a6,
PUDUCHERRY,Puducherry,2026-01,month,2026-01-01,,,,,https://cea.nic.in/wp-content/uploads/ev_charging_rep/2026/08/Jan_26_Electric_Vehicle.pdf,12a0d43e6acc7167ddd350921f554dba1bf4ae44019e034185eb060a068bc8a6,
PUNJAB,Punjab,2026-01,month,2026-01-01,3470000,,,3470000,https://cea.nic.in/wp-content/uploads/ev_charging_rep/2026/08/Jan_26_Electric_Vehicle.pdf,12a0d43e6acc7167ddd350921f554dba1bf4ae44019e034185eb060a068bc8a6,
RAJASTHAN,Rajasthan,2026-01,month,2026-01-01,1330000,400000,,1730000,https://cea.nic.in/wp-content/uploads/ev_charging_rep/2026/08/Jan_26_Electric_Vehicle.pdf,12a0d43e6acc7167ddd350921f554dba1bf4ae44019e034185eb060a068bc8a6,
SIKKIM,Sikkim,2026-01,month,2026-01-01,,,,,https://cea.nic.in/wp-content/uploads/ev_charging_rep/2026/08/Jan_26_Electric_Vehicle.pdf,12a0d43e6acc7167ddd350921f554dba1bf4ae44019e034185eb060a068bc8a6,
TAMIL NADU,Tamil Nadu,2026-01,month,2026-01-01,1510000,1730000,10000,3250000,https://cea.nic.in/wp-content/uploads/ev_charging_rep/2026/08/Jan_26_Electric_Vehicle.pdf,12a0d43e6acc7167ddd350921f554dba1bf4ae44019e034185eb060a068bc8a6,
TELANGANA,Telangana,2026-01,month,2026-01-01,1750000,9650000,,11410000,https://cea.nic.in/wp-content/uploads/ev_charging_rep/2026/08/Jan_26_Electric_Vehicle.pdf,12a0d43e6acc7167ddd350921f554dba1bf4ae44019e034185eb060a068bc8a6,
TRIPURA,Tripura,2026-01,month,2026-01-01,,,,,https://cea.nic.in/wp-content/uploads/ev_charging_rep/2026/08/Jan_26_Electric_Vehicle.pdf,12a0d43e6acc7167ddd350921f554dba1bf4ae44019e034185eb060a068bc8a6,
UTTAR PRADESH,Uttar Pradesh,2026-01,month,2026-01-01,5630000,3810000,,9440000,https://cea.nic.in/wp-content/uploads/ev_charging_rep/2026/08/Jan_26_Electric_Vehicle.pdf,12a0d43e6acc7167ddd350921f554dba1bf4ae44019e034185eb060a068bc8a6,
UTTARAKHAND,Uttarakhand,2026-01,month,2026-01-01,,,,,https://cea.nic.in/wp-content/uploads/ev_charging_rep/2026/08/Jan_26_Electric_Vehicle.pdf,12a0d43e6acc7167ddd350921f554dba1bf4ae44019e034185eb060a068bc8a6,
WEST BENGAL,West Bengal,2026-01,month,2026-01-01,570000,720000,60000,1350000,https://cea.nic.in/wp-content/uploads/ev_charging_rep/2026/08/Jan_26_Electric_Vehicle.pdf,12a0d43e6acc7167ddd350921f554dba1bf4ae44019e034185eb060a068bc8a6,
ANDHRA PRADESH,Andhra Pradesh,2026-02,fy_to_date,2025-04-01,2290000,22080000,60000,24430000,https://cea.nic.in/wp-content/uploads/ev_charging_rep/2026/08/Feb_26_Ev.pdf,3503fb1db28debf9cb19ebe57f73a1d0225db79ac6edf82e43faf19b393ade33,
ARUNACHAL PRADESH,Arunachal Pradesh,2026-02,fy_to_date,2025-04-01,,,,,https://cea.nic.in/wp-content/uploads/ev_charging_rep/2026/08/Feb_26_Ev.pdf,3503fb1db28debf9cb19ebe57f73a1d0225db79ac6edf82e43faf19b393ade33,
ASSAM,Assam,2026-02,fy_to_date,2025-04-01,3190000,12790000,2640000,18620000,https://cea.nic.in/wp-content/uploads/ev_charging_rep/2026/08/Feb_26_Ev.pdf,3503fb1db28debf9cb19ebe57f73a1d0225db79ac6edf82e43faf19b393ade33,
BIHAR,Bihar,2026-02,fy_to_date,2025-04-01,12580000,1940000,3550000,18080000,https://cea.nic.in/wp-content/uploads/ev_charging_rep/2026/08/Feb_26_Ev.pdf,3503fb1db28debf9cb19ebe57f73a1d0225db79ac6edf82e43faf19b393ade33,
CHANDIGARH,Chandigarh,2026-02,fy_to_date,2025-04-01,,,,,https://cea.nic.in/wp-content/uploads/ev_charging_rep/2026/08/Feb_26_Ev.pdf,3503fb1db28debf9cb19ebe57f73a1d0225db79ac6edf82e43faf19b393ade33,
CHHATTISGARH,Chhattisgarh,2026-02,fy_to_date,2025-04-01,410000,,,410000,https://cea.nic.in/wp-content/uploads/ev_charging_rep/2026/08/Feb_26_Ev.pdf,3503fb1db28debf9cb19ebe57f73a1d0225db79ac6edf82e43faf19b393ade33,
"DADRA,NAGAR HAVELI,DAMAN & DIU",Dadra & Nagar Haveli and Daman & Diu,2026-02,fy_to_date,2025-04-01,,,,,https://cea.nic.in/wp-content/uploads/ev_charging_rep/2026/08/Feb_26_Ev.pdf,3503fb1db28debf9cb19ebe57f73a1d0225db79ac6edf82e43faf19b393ade33,
DELHI,Delhi,2026-02,fy_to_date,2025-04-01,59030000,270730000,69140000,398900000,https://cea.nic.in/wp-content/uploads/ev_charging_rep/2026/08/Feb_26_Ev.pdf,3503fb1db28debf9cb19ebe57f73a1d0225db79ac6edf82e43faf19b393ade33,
GUJARAT,Gujarat,2026-02,fy_to_date,2025-04-01,6480000,74920000,890000,82300000,https://cea.nic.in/wp-content/uploads/ev_charging_rep/2026/08/Feb_26_Ev.pdf,3503fb1db28debf9cb19ebe57f73a1d0225db79ac6edf82e43faf19b393ade33,
HARYANA,Haryana,2026-02,fy_to_date,2025-04-01,22960000,4050000,160000,27160000,https://cea.nic.in/wp-content/uploads/ev_charging_rep/2026/08/Feb_26_Ev.pdf,3503fb1db28debf9cb19ebe57f73a1d0225db79ac6edf82e43faf19b393ade33,
HIMACHAL PRADESH,Himachal Pradesh,2026-02,fy_to_date,2025-04-01,,,,,https://cea.nic.in/wp-content/uploads/ev_charging_rep/2026/08/Feb_26_Ev.pdf,3503fb1db28debf9cb19ebe57f73a1d0225db79ac6edf82e43faf19b393ade33,
India,India,2026-02,fy_to_date,2025-04-01,338220000,981130000,89750000,1409110000,https://cea.nic.in/wp-content/uploads/ev_charging_rep/2026/08/Feb_26_Ev.pdf,3503fb1db28debf9cb19ebe57f73a1d0225db79ac6edf82e43faf19b393ade33,
JAMMU & KASHMIR,UT of J&K,2026-02,fy_to_date,2025-04-01,1810000,9050000,,10850000,https://cea.nic.in/wp-content/uploads/ev_charging_rep/2026/08/Feb_26_Ev.pdf,3503fb1db28debf9cb19ebe57f73a1d0225db79ac6edf82e43faf19b393ade33,
JHARKHAND,Jharkhand,2026-02,fy_to_date,2025-04-01,,,,,https://cea.nic.in/wp-content/uploads/ev_charging_rep/2026/08/Feb_26_Ev.pdf,3503fb1db28debf9cb19ebe57f73a1d0225db79ac6edf82e43faf19b393ade33,
KARNATAKA,Karnataka,2026-02,fy_to_date,2025-04-01,32770000,161760000,1200000,195730000,https://cea.nic.in/wp-content/uploads/ev_charging_rep/2026/08/Feb_26_Ev.pdf,3503fb1db28debf9cb19ebe57f73a1d0225db79ac6edf82e43faf19b393ade33,
KERALA,Kerala,2026-02,fy_to_date,2025-04-01,16500000,6940000,,23440000,https://cea.nic.in/wp-content/uploads/ev_charging_rep/2026/08/Feb_26_Ev.pdf,3503fb1db28debf9cb19ebe57f73a1d0225db79ac6edf82e43faf19b393ade33,
LADAKH,UT of Ladakh,2026-02,fy_to_date,2025-04-01,0,830000,,830000,https://cea.nic.in/wp-content/uploads/ev_charging_rep/2026/08/Feb_26_Ev.pdf,3503fb1db28debf9cb19ebe57f73a1d0225db79ac6edf82e43faf19b393ade33,
MADHYA PRADESH,Madhya Pradesh,2026-02,fy_to_date,2025-04-01,2810000,2000000,,4810000,https://cea.nic.in/wp-content/uploads/ev_charging_rep/2026/08/Feb_26_Ev.pdf,3503fb1db28debf9cb19ebe57f73a1d0225db79ac6edf82e43faf19b393ade33,
MAHARASHTRA,Maharashtra,2026-02,fy_to_date,2025-04-01,65710000,271000000,7670000,344390000,https://cea.nic.in/wp-content/uploads/ev_charging_rep/2026/08/Feb_26_Ev.pdf,3503fb1db28debf9cb19ebe57f73a1d0225db79ac6edf82e43faf19b393ade33,
MANIPUR,Manipur,2026-02,fy_to_date,2025-04-01,,,,,https://cea.nic.in/wp-content/uploads/ev_charging_rep/2026/08/Feb_26_Ev.pdf,3503fb1db28debf9cb19ebe57f73a1d0225db79ac6edf82e43faf19b393ade33,
MEGHALAYA,Meghalaya,2026-02,fy_to_date,2025-04-01,,,,,https://cea.nic.in/wp-content/uploads/ev_charging_rep/2026/08/Feb_26_Ev.pdf,3503fb1db28debf9cb19ebe57f73a1d0225db79ac6edf82e43faf19b393ade33,
MIZORAM,Mizoram,2026-02,fy_to_date,2025-04-01,,,,,https://cea.nic.in/wp-content/uploads/ev_charging_rep/2026/08/Feb_26_Ev.pdf,3503fb1db28debf9cb19ebe57f73a1d0225db79ac6edf82e43faf19b393ade33,
NAGALAND,Nagaland,2026-02,fy_to_date,2025-04-01,,,,,https://cea.nic.in/wp-content/uploads/ev_charging_rep/2026/08/Feb_26_Ev.pdf,3503fb1db28debf9cb19ebe57f73a1d0225db79ac6edf82e43faf19b393ade33,
ODISHA,Odisha,2026-02,fy_to_date,2025-04-01,830000,6680000,30000,7540000,https://cea.nic.in/wp-content/uploads/ev_charging_rep/2026/08/Feb_26_Ev.pdf,3503fb1db28debf9cb19ebe57f73a1d0225db79ac6edf82e43faf19b393ade33,
PUDUCHERRY,Puducherry,2026-02,fy_to_date,2025-04-01,,,,,https://cea.nic.in/wp-content/uploads/ev_charging_rep/2026/08/Feb_26_Ev.pdf,3503fb1db28debf9cb19ebe57f73a1d0225db79ac6edf82e43faf19b393ade33,
PUNJAB,Punjab,2026-02,fy_to_date,2025-04-01,16410000,,,16410000,https://cea.nic.in/wp-content/uploads/ev_charging_rep/2026/08/Feb_26_Ev.pdf,3503fb1db28debf9cb19ebe57f73a1d0225db79ac6edf82e43faf19b393ade33,
RAJASTHAN,Rajasthan,2026-02,fy_to_date,2025-04-01,13680000,3020000,,16710000,https://cea.nic.in/wp-content/uploads/ev_charging_rep/2026/08/Feb_26_Ev.pdf,3503fb1db28debf9cb19ebe57f73a1d0225db79ac6edf82e43faf19b393ade33,
SIKKIM,Sikkim,2026-02,fy_to_date,2025-04-01,,,,,https://cea.nic.in/wp-content/uploads/ev_charging_rep/2026/08/Feb_26_Ev.pdf,3503fb1db28debf9cb19ebe57f73a1d0225db79ac6edf82e43faf19b393ade33,
TAMIL NADU,Tamil Nadu,2026-02,fy_to_date,2025-04-01,12390000,19960000,50000,32400000,https://cea.nic.in/wp-content/uploads/ev_charging_rep/2026/08/Feb_26_Ev.pdf,3503fb1db28debf9cb19ebe57f73a1d0225db79ac6edf82e43faf19b393ade33,
TELANGANA,Telangana,2026-02,fy_to_date,2025-04-01,13860000,84980000,,98840000,https://cea.nic.in/wp-content/uploads/ev_charging_rep/2026/08/Feb_26_Ev.pdf,3503fb1db28debf9cb19ebe57f73a1d0225db79ac6edf82e43faf19b393ade33,
TRIPURA,Tripura,2026-02,fy_to_date,2025-04-01,,,,,https://cea.nic.in/wp-content/uploads/ev_charging_rep/2026/08/Feb_26_Ev.pdf,3503fb1db28debf9cb19ebe57f73a1d0225db79ac6edf82e43faf19b393ade33,
UTTAR PRADESH,Uttar Pradesh,2026-02,fy_to_date,2025-04-01,49300000,19670000,3860000,72840000,https://cea.nic.in/wp-content/uploads/ev_charging_rep/2026/08/Feb_26_Ev.pdf,3503fb1db28debf9cb19ebe57f73a1d0225db79ac6edf82e43faf19b393ade33,
UTTARAKHAND,Uttarakhand,2026-02,fy_to_date,2025-04-01,,,,,https://cea.nic.in/wp-content/uploads/ev_charging_rep/2026/08/Feb_26_Ev.pdf,3503fb1db28debf9cb19ebe57f73a1d0225db79ac6edf82e43faf19b393ade33,
WEST BENGAL,West Bengal,2026-02,fy_to_date,2025-04-01,5200000,8730000,500000,14430000,https://cea.nic.in/wp-content/uploads/ev_charging_rep/2026/08/Feb_26_Ev.pdf,3503fb1db28debf9cb19ebe57f73a1d0225db79ac6edf82e43faf19b393ade33,
ANDHRA PRADESH,Andhra Pradesh,2026-02,month,2026-02-01,290000,2140000,,2430000,https://cea.nic.in/wp-content/uploads/ev_charging_rep/2026/08/Feb_26_Ev.pdf,3503fb1db28debf9cb19ebe57f73a1d0225db79ac6edf82e43faf19b393ade33,
ARUNACHAL PRADESH,Arunachal Pradesh,2026-02,month,2026-02-01,,,,,https://cea.nic.in/wp-content/uploads/ev_charging_rep/2026/08/Feb_26_Ev.pdf,3503fb1db28debf9cb19ebe57f73a1d0225db79ac6edf82e43faf19b393ade33,
ASSAM,Assam,2026-02,month,2026-02-01,300000,990000,200000,1490000,https://cea.nic.in/wp-content/uploads/ev_charging_rep/2026/08/Feb_26_Ev.pdf,3503fb1db28debf9cb19ebe57f73a1d0225db79ac6edf82e43faf19b393ade33,
BIHAR,Bihar,2026-02,month,2026-02-01,1210000,350000,700000,2250000,https://cea.nic.in/wp-content/uploads/ev_charging_rep/2026/08/Feb_26_Ev.pdf,3503fb1db28debf9cb19ebe57f73a1d0225db79ac6edf82e43faf19b393ade33,
CHANDIGARH,Chandigarh,2026-02,month,2026-02-01,,,,,https://cea.nic.in/wp-content/uploads/ev_charging_rep/2026/08/Feb_26_Ev.pdf,3503fb1db28debf9cb19ebe57f73a1d0225db79ac6edf82e43faf19b393ade33,
CHHATTISGARH,Chhattisgarh,2026-02,month,2026-02-01,50000,,,50000,https://cea.nic.in/wp-content/uploads/ev_charging_rep/2026/08/Feb_26_Ev.pdf,3503fb1db28debf9cb19ebe57f73a1d0225db79ac6edf82e43faf19b393ade33,
"DADRA,NAGAR HAVELI,DAMAN & DIU",Dadra & Nagar Haveli and Daman & Diu,2026-02,month,2026-02-01,,,,,https://cea.nic.in/wp-content/uploads/ev_charging_rep/2026/08/Feb_26_Ev.pdf,3503fb1db28debf9cb19ebe57f73a1d0225db79ac6edf82e43faf19b393ade33,
DELHI,Delhi,2026-02,month,2026-02-01,5840000,25490000,7230000,38560000,https://cea.nic.in/wp-content/uploads/ev_charging_rep/2026/08/Feb_26_Ev.pdf,3503fb1db28debf9cb19ebe57f73a1d0225db79ac6edf82e43faf19b393ade33,
GUJARAT,Gujarat,2026-02,month,2026-02-01,840000,5790000,50000,6680000,https://cea.nic.in/wp-content/uploads/ev_charging_rep/2026/08/Feb_26_Ev.pdf,3503fb1db28debf9cb19ebe57f73a1d0225db79ac6edf82e43faf19b393ade33,
HARYANA,Haryana,2026-02,month,2026-02-01,3210000,390000,20000,3620000,https://cea.nic.in/wp-content/uploads/ev_charging_rep/2026/08/Feb_26_Ev.pdf,3503fb1db28debf9cb19ebe57f73a1d0225db79ac6edf82e43faf19b393ade33,
HIMACHAL PRADESH,Himachal Pradesh,2026-02,month,2026-02-01,,,,,https://cea.nic.in/wp-content/uploads/ev_charging_rep/2026/08/Feb_26_Ev.pdf,3503fb1db28debf9cb19ebe57f73a1d0225db79ac6edf82e43faf19b393ade33,
India,India,2026-02,month,2026-02-01,40630000,96190000,9780000,146610000,https://cea.nic.in/wp-content/uploads/ev_charging_rep/2026/08/Feb_26_Ev.pdf,3503fb1db28debf9cb19ebe57f73a1d0225db79ac6edf82e43faf19b393ade33,
JAMMU & KASHMIR,UT of J&K,2026-02,month,2026-02-01,180000,940000,,1130000,https://cea.nic.in/wp-content/uploads/ev_charging_rep/2026/08/Feb_26_Ev.pdf,3503fb1db28debf9cb19ebe57f73a1d0225db79ac6edf82e43faf19b393ade33,
JHARKHAND,Jharkhand,2026-02,month,2026-02-01,,,,,https://cea.nic.in/wp-content/uploads/ev_charging_rep/2026/08/Feb_26_Ev.pdf,3503fb1db28debf9cb19ebe57f73a1d0225db79ac6edf82e43faf19b393ade33,
KARNATAKA,Karnataka,2026-02,month,2026-02-01,3870000,15170000,360000,19400000,https://cea.nic.in/wp-content/uploads/ev_charging_rep/2026/08/Feb_26_Ev.pdf,3503fb1db28debf9cb19ebe57f73a1d0225db79ac6edf82e43faf19b393ade33,
KERALA,Kerala,2026-02,month,2026-02-01,1920000,770000,,2680000,https://cea.nic.in/wp-content/uploads/ev_charging_rep/2026/08/Feb_26_Ev.pdf,3503fb1db28debf9cb19ebe57f73a1d0225db79ac6edf82e43faf19b393ade33,
LADAKH,UT of Ladakh,2026-02,month,2026-02-01,0,20000,,20000,https://cea.nic.in/wp-content/uploads/ev_charging_rep/2026/08/Feb_26_Ev.pdf,3503fb1db28debf9cb19ebe57f73a1d0225db79ac6edf82e43faf19b393ade33,
MADHYA PRADESH,Madhya Pradesh,2026-02,month,2026-02-01,390000,170000,,570000,https://cea.nic.in/wp-content/uploads/ev_charging_rep/2026/08/Feb_26_Ev.pdf,3503fb1db28debf9cb19ebe57f73a1d0225db79ac6edf82e43faf19b393ade33,
MAHARASHTRA,Maharashtra,2026-02,month,2026-02-01,7400000,28850000,1010000,37260000,https://cea.nic.in/wp-content/uploads/ev_charging_rep/2026/08/Feb_26_Ev.pdf,3503fb1db28debf9cb19ebe57f73a1d0225db79ac6edf82e43faf19b393ade33,
MANIPUR,Manipur,2026-02,month,2026-02-01,,,,,https://cea.nic.in/wp-content/uploads/ev_charging_rep/2026/08/Feb_26_Ev.pdf,3503fb1db28debf9cb19ebe57f73a1d0225db79ac6edf82e43faf19b393ade33,
MEGHALAYA,Meghalaya,2026-02,month,2026-02-01,,,,,https://cea.nic.in/wp-content/uploads/ev_charging_rep/2026/08/Feb_26_Ev.pdf,3503fb1db28debf9cb19ebe57f73a1d0225db79ac6edf82e43faf19b393ade33,
MIZORAM,Mizoram,2026-02,month,2026-02-01,,,,,https://cea.nic.in/wp-content/uploads/ev_charging_rep/2026/08/Feb_26_Ev.pdf,3503fb1db28debf9cb19ebe57f73a1d0225db79ac6edf82e43faf19b393ade33,
NAGALAND,Nagaland,2026-02,month,2026-02-01,,,,,https://cea.nic.in/wp-content/uploads/ev_charging_rep/2026/08/Feb_26_Ev.pdf,3503fb1db28debf9cb19ebe57f73a1d0225db79ac6edf82e43faf19b393ade33,
ODISHA,Odisha,2026-02,month,2026-02-01,140000,920000,10000,1070000,https://cea.nic.in/wp-content/uploads/ev_charging_rep/2026/08/Feb_26_Ev.pdf,3503fb1db28debf9cb19ebe57f73a1d0225db79ac6edf82e43faf19b393ade33,
PUDUCHERRY,Puducherry,2026-02,month,2026-02-01,,,,,https://cea.nic.in/wp-content/uploads/ev_charging_rep/2026/08/Feb_26_Ev.pdf,3503fb1db28debf9cb19ebe57f73a1d0225db79ac6edf82e43faf19b393ade33,
PUNJAB,Punjab,2026-02,month,2026-02-01,3470000,,,3470000,https://cea.nic.in/wp-content/uploads/ev_charging_rep/2026/08/Feb_26_Ev.pdf,3503fb1db28debf9cb19ebe57f73a1d0225db79ac6edf82e43faf19b393ade33,
RAJASTHAN,Rajasthan,2026-02,month,2026-02-01,1180000,590000,,1770000,https://cea.nic.in/wp-content/uploads/ev_charging_rep/2026/08/Feb_26_Ev.pdf,3503fb1db28debf9cb19ebe57f73a1d0225db79ac6edf82e43faf19b393ade33,
SIKKIM,Sikkim,2026-02,month,2026-02-01,,,,,https://cea.nic.in/wp-content/uploads/ev_charging_rep/2026/08/Feb_26_Ev.pdf,3503fb1db28debf9cb19ebe57f73a1d0225db79ac6edf82e43faf19b393ade33,
TAMIL NADU,Tamil Nadu,2026-02,month,2026-02-01,1570000,1430000,30000,3020000,https://cea.nic.in/wp-content/uploads/ev_charging_rep/2026/08/Feb_26_Ev.pdf,3503fb1db28debf9cb19ebe57f73a1d0225db79ac6edf82e43faf19b393ade33,
TELANGANA,Telangana,2026-02,month,2026-02-01,1790000,9070000,,10860000,https://cea.nic.in/wp-content/uploads/ev_charging_rep/2026/08/Feb_26_Ev.pdf,3503fb1db28debf9cb19ebe57f73a1d0225db79ac6edf82e43faf19b393ade33,
TRIPURA,Tripura,2026-02,month,2026-02-01,,,,,https://cea.nic.in/wp-content/uploads/ev_charging_rep/2026/08/Feb_26_Ev.pdf,3503fb1db28debf9cb19ebe57f73a1d0225db79ac6edf82e43faf19b393ade33,
UTTAR PRADESH,Uttar Pradesh,2026-02,month,2026-02-01,6420000,2450000,150000,9010000,https://cea.nic.in/wp-content/uploads/ev_charging_rep/2026/08/Feb_26_Ev.pdf,3503fb1db28debf9cb19ebe57f73a1d0225db79ac6edf82e43faf19b393ade33,
UTTARAKHAND,Uttarakhand,2026-02,month,2026-02-01,,,,,https://cea.nic.in/wp-content/uploads/ev_charging_rep/2026/08/Feb_26_Ev.pdf,3503fb1db28debf9cb19ebe57f73a1d0225db79ac6edf82e43faf19b393ade33,
WEST BENGAL,West Bengal,2026-02,month,2026-02-01,580000,680000,30000,1290000,https://cea.nic.in/wp-content/uploads/ev_charging_rep/2026/08/Feb_26_Ev.pdf,3503fb1db28debf9cb19ebe57f73a1d0225db79ac6edf82e43faf19b393ade33,
ANDHRA PRADESH,Andhra Pradesh,2026-03,fy_to_date,2025-04-01,2630000,24320000,60000,27010000,https://cea.nic.in/wp-content/uploads/ev_charging_rep/2026/08/Mar_26_EV.pdf,f46021db5ddbacb8760f0caa1989403cfaf71950b38994595d9777e8239f74f0,
ARUNACHAL PRADESH,Arunachal Pradesh,2026-03,fy_to_date,2025-04-01,,,,,https://cea.nic.in/wp-content/uploads/ev_charging_rep/2026/08/Mar_26_EV.pdf,f46021db5ddbacb8760f0caa1989403cfaf71950b38994595d9777e8239f74f0,
ASSAM,Assam,2026-03,fy_to_date,2025-04-01,3480000,13760000,2860000,20100000,https://cea.nic.in/wp-content/uploads/ev_charging_rep/2026/08/Mar_26_EV.pdf,f46021db5ddbacb8760f0caa1989403cfaf71950b38994595d9777e8239f74f0,
BIHAR,Bihar,2026-03,fy_to_date,2025-04-01,13760000,2110000,4130000,20000000,https://cea.nic.in/wp-content/uploads/ev_charging_rep/2026/08/Mar_26_EV.pdf,f46021db5ddbacb8760f0caa1989403cfaf71950b38994595d9777e8239f74f0,
CHANDIGARH,Chandigarh,2026-03,fy_to_date,2025-04-01,,,,,https://cea.nic.in/wp-content/uploads/ev_charging_rep/2026/08/Mar_26_EV.pdf,f46021db5ddbacb8760f0caa1989403cfaf71950b38994595d9777e8239f74f0,
CHHATTISGARH,Chhattisgarh,2026-03,fy_to_date,2025-04-01,460000,,,460000,https://cea.nic.in/wp-content/uploads/ev_charging_rep/2026/08/Mar_26_EV.pdf,f46021db5ddbacb8760f0caa1989403cfaf71950b38994595d9777e8239f74f0,
"DADRA,NAGAR HAVELI,DAMAN & DIU",Dadra & Nagar Haveli and Daman & Diu,2026-03,fy_to_date,2025-04-01,,,,,https://cea.nic.in/wp-content/uploads/ev_charging_rep/2026/08/Mar_26_EV.pdf,f46021db5ddbacb8760f0caa1989403cfaf71950b38994595d9777e8239f74f0,
DELHI,Delhi,2026-03,fy_to_date,2025-04-01,64670000,295040000,75600000,435310000,https://cea.nic.in/wp-content/uploads/ev_charging_rep/2026/08/Mar_26_EV.pdf,f46021db5ddbacb8760f0caa1989403cfaf71950b38994595d9777e8239f74f0,
GUJARAT,Gujarat,2026-03,fy_to_date,2025-04-01,7290000,81300000,960000,89550000,https://cea.nic.in/wp-content/uploads/ev_charging_rep/2026/08/Mar_26_EV.pdf,f46021db5ddbacb8760f0caa1989403cfaf71950b38994595d9777e8239f74f0,
HARYANA,Haryana,2026-03,fy_to_date,2025-04-01,26200000,4560000,180000,30950000,https://cea.nic.in/wp-content/uploads/ev_charging_rep/2026/08/Mar_26_EV.pdf,f46021db5ddbacb8760f0caa1989403cfaf71950b38994595d9777e8239f74f0,
HIMACHAL PRADESH,Himachal Pradesh,2026-03,fy_to_date,2025-04-01,,,,,https://cea.nic.in/wp-content/uploads/ev_charging_rep/2026/08/Mar_26_EV.pdf,f46021db5ddbacb8760f0caa1989403cfaf71950b38994595d9777e8239f74f0,
India,India,2026-03,fy_to_date,2025-04-01,378090000,1081870000,98740000,1558690000,https://cea.nic.in/wp-content/uploads/ev_charging_rep/2026/08/Mar_26_EV.pdf,f46021db5ddbacb8760f0caa1989403cfaf71950b38994595d9777e8239f74f0,
JAMMU & KASHMIR,UT of J&K,2026-03,fy_to_date,2025-04-01,1980000,10020000,,12000000,https://cea.nic.in/wp-content/uploads/ev_charging_rep/2026/08/Mar_26_EV.pdf,f46021db5ddbacb8760f0caa1989403cfaf71950b38994595d9777e8239f74f0,
JHARKHAND,Jharkhand,2026-03,fy_to_date,2025-04-01,,,,,https://cea.nic.in/wp-content/uploads/ev_charging_rep/2026/08/Mar_26_EV.pdf,f46021db5ddbacb8760f0caa1989403cfaf71950b38994595d9777e8239f74f0,
KARNATAKA,Karnataka,2026-03,fy_to_date,2025-04-01,36690000,176440000,1570000,214700000,https://cea.nic.in/wp-content/uploads/ev_charging_rep/2026/08/Mar_26_EV.pdf,f46021db5ddbacb8760f0caa1989403cfaf71950b38994595d9777e8239f74f0,
KERALA,Kerala,2026-03,fy_to_date,2025-04-01,18220000,7640000,,25860000,https://cea.nic.in/wp-content/uploads/ev_charging_rep/2026/08/Mar_26_EV.pdf,f46021db5ddbacb8760f0caa1989403cfaf71950b38994595d9777e8239f74f0,
LADAKH,UT of Ladakh,2026-03,fy_to_date,2025-04-01,0,850000,,860000,https://cea.nic.in/wp-content/uploads/ev_charging_rep/2026/08/Mar_26_EV.pdf,f46021db5ddbacb8760f0caa1989403cfaf71950b38994595d9777e8239f74f0,
MADHYA PRADESH,Madhya Pradesh,2026-03,fy_to_date,2025-04-01,3220000,2170000,,5390000,https://cea.nic.in/wp-content/uploads/ev_charging_rep/2026/08/Mar_26_EV.pdf,f46021db5ddbacb8760f0caa1989403cfaf71950b38994595d9777e8239f74f0,
MAHARASHTRA,Maharashtra,2026-03,fy_to_date,2025-04-01,73840000,304050000,8730000,386620000,https://cea.nic.in/wp-content/uploads/ev_charging_rep/2026/08/Mar_26_EV.pdf,f46021db5ddbacb8760f0caa1989403cfaf71950b38994595d9777e8239f74f0,
MANIPUR,Manipur,2026-03,fy_to_date,2025-04-01,,,,,https://cea.nic.in/wp-content/uploads/ev_charging_rep/2026/08/Mar_26_EV.pdf,f46021db5ddbacb8760f0caa1989403cfaf71950b38994595d9777e8239f74f0,
MEGHALAYA,Meghalaya,2026-03,fy_to_date,2025-04-01,,,,,https://cea.nic.in/wp-content/uploads/ev_charging_rep/2026/08/Mar_26_EV.pdf,f46021db5ddbacb8760f0caa1989403cfaf71950b38994595d9777e8239f74f0,
MIZORAM,Mizoram,2026-03,fy_to_date,2025-04-01,,,,,https://cea.nic.in/wp-content/uploads/ev_charging_rep/2026/08/Mar_26_EV.pdf,f46021db5ddbacb8760f0caa1989403cfaf71950b38994595d9777e8239f74f0,
NAGALAND,Nagaland,2026-03,fy_to_date,2025-04-01,,,,,https://cea.nic.in/wp-content/uploads/ev_charging_rep/2026/08/Mar_26_EV.pdf,f46021db5ddbacb8760f0caa1989403cfaf71950b38994595d9777e8239f74f0,
ODISHA,Odisha,2026-03,fy_to_date,2025-04-01,990000,7790000,40000,8830000,https://cea.nic.in/wp-content/uploads/ev_charging_rep/2026/08/Mar_26_EV.pdf,f46021db5ddbacb8760f0caa1989403cfaf71950b38994595d9777e8239f74f0,
PUDUCHERRY,Puducherry,2026-03,fy_to_date,2025-04-01,,,,,https://cea.nic.in/wp-content/uploads/ev_charging_rep/2026/08/Mar_26_EV.pdf,f46021db5ddbacb8760f0caa1989403cfaf71950b38994595d9777e8239f74f0,
PUNJAB,Punjab,2026-03,fy_to_date,2025-04-01,19880000,,,19880000,https://cea.nic.in/wp-content/uploads/ev_charging_rep/2026/08/Mar_26_EV.pdf,f46021db5ddbacb8760f0caa1989403cfaf71950b38994595d9777e8239f74f0,
RAJASTHAN,Rajasthan,2026-03,fy_to_date,2025-04-01,15030000,3590000,,18630000,https://cea.nic.in/wp-content/uploads/ev_charging_rep/2026/08/Mar_26_EV.pdf,f46021db5ddbacb8760f0caa1989403cfaf71950b38994595d9777e8239f74f0,
SIKKIM,Sikkim,2026-03,fy_to_date,2025-04-01,,,,,https://cea.nic.in/wp-content/uploads/ev_charging_rep/2026/08/Mar_26_EV.pdf,f46021db5ddbacb8760f0caa1989403cfaf71950b38994595d9777e8239f74f0,
TAMIL NADU,Tamil Nadu,2026-03,fy_to_date,2025-04-01,13930000,21550000,80000,35550000,https://cea.nic.in/wp-content/uploads/ev_charging_rep/2026/08/Mar_26_EV.pdf,f46021db5ddbacb8760f0caa1989403cfaf71950b38994595d9777e8239f74f0,
TELANGANA,Telangana,2026-03,fy_to_date,2025-04-01,16000000,95270000,,111260000,https://cea.nic.in/wp-content/uploads/ev_charging_rep/2026/08/Mar_26_EV.pdf,f46021db5ddbacb8760f0caa1989403cfaf71950b38994595d9777e8239f74f0,
TRIPURA,Tripura,2026-03,fy_to_date,2025-04-01,,,,,https://cea.nic.in/wp-content/uploads/ev_charging_rep/2026/08/Mar_26_EV.pdf,f46021db5ddbacb8760f0caa1989403cfaf71950b38994595d9777e8239f74f0,
UTTAR PRADESH,Uttar Pradesh,2026-03,fy_to_date,2025-04-01,53960000,21910000,4000000,79860000,https://cea.nic.in/wp-content/uploads/ev_charging_rep/2026/08/Mar_26_EV.pdf,f46021db5ddbacb8760f0caa1989403cfaf71950b38994595d9777e8239f74f0,
UTTARAKHAND,Uttarakhand,2026-03,fy_to_date,2025-04-01,,,,,https://cea.nic.in/wp-content/uploads/ev_charging_rep/2026/08/Mar_26_EV.pdf,f46021db5ddbacb8760f0caa1989403cfaf71950b38994595d9777e8239f74f0,
WEST BENGAL,West Bengal,2026-03,fy_to_date,2025-04-01,5830000,9510000,530000,15880000,https://cea.nic.in/wp-content/uploads/ev_charging_rep/2026/08/Mar_26_EV.pdf,f46021db5ddbacb8760f0caa1989403cfaf71950b38994595d9777e8239f74f0,
ANDHRA PRADESH,Andhra Pradesh,2026-03,month,2026-03-01,330000,2240000,0,2580000,https://cea.nic.in/wp-content/uploads/ev_charging_rep/2026/08/Mar_26_EV.pdf,f46021db5ddbacb8760f0caa1989403cfaf71950b38994595d9777e8239f74f0,
ARUNACHAL PRADESH,Arunachal Pradesh,2026-03,month,2026-03-01,,,,,https://cea.nic.in/wp-content/uploads/ev_charging_rep/2026/08/Mar_26_EV.pdf,f46021db5ddbacb8760f0caa1989403cfaf71950b38994595d9777e8239f74f0,
ASSAM,Assam,2026-03,month,2026-03-01,290000,970000,220000,1480000,https://cea.nic.in/wp-content/uploads/ev_charging_rep/2026/08/Mar_26_EV.pdf,f46021db5ddbacb8760f0caa1989403cfaf71950b38994595d9777e8239f74f0,
BIHAR,Bihar,2026-03,month,2026-03-01,1180000,170000,580000,1930000,https://cea.nic.in/wp-content/uploads/ev_charging_rep/2026/08/Mar_26_EV.pdf,f46021db5ddbacb8760f0caa1989403cfaf71950b38994595d9777e8239f74f0,
CHANDIGARH,Chandigarh,2026-03,month,2026-03-01,,,,,https://cea.nic.in/wp-content/uploads/ev_charging_rep/2026/08/Mar_26_EV.pdf,f46021db5ddbacb8760f0caa1989403cfaf71950b38994595d9777e8239f74f0,
CHHATTISGARH,Chhattisgarh,2026-03,month,2026-03-01,50000,,,50000,https://cea.nic.in/wp-content/uploads/ev_charging_rep/2026/08/Mar_26_EV.pdf,f46021db5ddbacb8760f0caa1989403cfaf71950b38994595d9777e8239f74f0,
"DADRA,NAGAR HAVELI,DAMAN & DIU",Dadra & Nagar Haveli and Daman & Diu,2026-03,month,2026-03-01,,,,,https://cea.nic.in/wp-content/uploads/ev_charging_rep/2026/08/Mar_26_EV.pdf,f46021db5ddbacb8760f0caa1989403cfaf71950b38994595d9777e8239f74f0,
DELHI,Delhi,2026-03,month,2026-03-01,5640000,24310000,6460000,36410000,https://cea.nic.in/wp-content/uploads/ev_charging_rep/2026/08/Mar_26_EV.pdf,f46021db5ddbacb8760f0caa1989403cfaf71950b38994595d9777e8239f74f0,
GUJARAT,Gujarat,2026-03,month,2026-03-01,810000,6380000,60000,7250000,https://cea.nic.in/wp-content/uploads/ev_charging_rep/2026/08/Mar_26_EV.pdf,f46021db5ddbacb8760f0caa1989403cfaf71950b38994595d9777e8239f74f0,
HARYANA,Haryana,2026-03,month,2026-03-01,3250000,510000,20000,3780000,https://cea.nic.in/wp-content/uploads/ev_charging_rep/2026/08/Mar_26_EV.pdf,f46021db5ddbacb8760f0caa1989403cfaf71950b38994595d9777e8239f74f0,
HIMACHAL PRADESH,Himachal Pradesh,2026-03,month,2026-03-01,,,,,https://cea.nic.in/wp-content/uploads/ev_charging_rep/2026/08/Mar_26_EV.pdf,f46021db5ddbacb8760f0caa1989403cfaf71950b38994595d9777e8239f74f0,
India,India,2026-03,month,2026-03-01,39860000,100740000,8990000,149590000,https://cea.nic.in/wp-content/uploads/ev_charging_rep/2026/08/Mar_26_EV.pdf,f46021db5ddbacb8760f0caa1989403cfaf71950b38994595d9777e8239f74f0,
JAMMU & KASHMIR,UT of J&K,2026-03,month,2026-03-01,170000,970000,,1150000,https://cea.nic.in/wp-content/uploads/ev_charging_rep/2026/08/Mar_26_EV.pdf,f46021db5ddbacb8760f0caa1989403cfaf71950b38994595d9777e8239f74f0,
JHARKHAND,Jharkhand,2026-03,month,2026-03-01,,,,,https://cea.nic.in/wp-content/uploads/ev_charging_rep/2026/08/Mar_26_EV.pdf,f46021db5ddbacb8760f0caa1989403cfaf71950b38994595d9777e8239f74f0,
KARNATAKA,Karnataka,2026-03,month,2026-03-01,3920000,14680000,370000,18970000,https://cea.nic.in/wp-content/uploads/ev_charging_rep/2026/08/Mar_26_EV.pdf,f46021db5ddbacb8760f0caa1989403cfaf71950b38994595d9777e8239f74f0,
KERALA,Kerala,2026-03,month,2026-03-01,1720000,700000,,2420000,https://cea.nic.in/wp-content/uploads/ev_charging_rep/2026/08/Mar_26_EV.pdf,f46021db5ddbacb8760f0caa1989403cfaf71950b38994595d9777e8239f74f0,
LADAKH,UT of Ladakh,2026-03,month,2026-03-01,0,20000,,30000,https://cea.nic.in/wp-content/uploads/ev_charging_rep/2026/08/Mar_26_EV.pdf,f46021db5ddbacb8760f0caa1989403cfaf71950b38994595d9777e8239f74f0,
MADHYA PRADESH,Madhya Pradesh,2026-03,month,2026-03-01,410000,170000,,590000,https://cea.nic.in/wp-content/uploads/ev_charging_rep/2026/08/Mar_26_EV.pdf,f46021db5ddbacb8760f0caa1989403cfaf71950b38994595d9777e8239f74f0,
MAHARASHTRA,Maharashtra,2026-03,month,2026-03-01,8130000,33050000,1060000,42230000,https://cea.nic.in/wp-content/uploads/ev_charging_rep/2026/08/Mar_26_EV.pdf,f46021db5ddbacb8760f0caa1989403cfaf71950b38994595d9777e8239f74f0,
MANIPUR,Manipur,2026-03,month,2026-03-01,,,,,https://cea.nic.in/wp-content/uploads/ev_charging_rep/2026/08/Mar_26_EV.pdf,f46021db5ddbacb8760f0caa1989403cfaf71950b38994595d9777e8239f74f0,
MEGHALAYA,Meghalaya,2026-03,month,2026-03-01,,,,,https://cea.nic.in/wp-content/uploads/ev_charging_rep/2026/08/Mar_26_EV.pdf,f46021db5ddbacb8760f0caa1989403cfaf71950b38994595d9777e8239f74f0,
MIZORAM,Mizoram,2026-03,month,2026-03-01,,,,,https://cea.nic.in/wp-content/uploads/ev_charging_rep/2026/08/Mar_26_EV.pdf,f46021db5ddbacb8760f0caa1989403cfaf71950b38994595d9777e8239f74f0,
NAGALAND,Nagaland,2026-03,month,2026-03-01,,,,,https://cea.nic.in/wp-content/uploads/ev_charging_rep/2026/08/Mar_26_EV.pdf,f46021db5ddbacb8760f0caa1989403cfaf71950b38994595d9777e8239f74f0,
ODISHA,Odisha,2026-03,month,2026-03-01,170000,1110000,10000,1280000,https://cea.nic.in/wp-content/uploads/ev_charging_rep/2026/08/Mar_26_EV.pdf,f46021db5ddbacb8760f0caa1989403cfaf71950b38994595d9777e8239f74f0,
PUDUCHERRY,Puducherry,2026-03,month,2026-03-01,,,,,https://cea.nic.in/wp-content/uploads/ev_charging_rep/2026/08/Mar_26_EV.pdf,f46021db5ddbacb8760f0caa1989403cfaf71950b38994595d9777e8239f74f0,
PUNJAB,Punjab,2026-03,month,2026-03-01,3470000,,,3470000,https://cea.nic.in/wp-content/uploads/ev_charging_rep/2026/08/Mar_26_EV.pdf,f46021db5ddbacb8760f0caa1989403cfaf71950b38994595d9777e8239f74f0,
RAJASTHAN,Rajasthan,2026-03,month,2026-03-01,1350000,570000,,1920000,https://cea.nic.in/wp-content/uploads/ev_charging_rep/2026/08/Mar_26_EV.pdf,f46021db5ddbacb8760f0caa1989403cfaf71950b38994595d9777e8239f74f0,
SIKKIM,Sikkim,2026-03,month,2026-03-01,,,,,https://cea.nic.in/wp-content/uploads/ev_charging_rep/2026/08/Mar_26_EV.pdf,f46021db5ddbacb8760f0caa1989403cfaf71950b38994595d9777e8239f74f0,
TAMIL NADU,Tamil Nadu,2026-03,month,2026-03-01,1530000,1590000,40000,3160000,https://cea.nic.in/wp-content/uploads/ev_charging_rep/2026/08/Mar_26_EV.pdf,f46021db5ddbacb8760f0caa1989403cfaf71950b38994595d9777e8239f74f0,
TELANGANA,Telangana,2026-03,month,2026-03-01,2140000,10280000,,12420000,https://cea.nic.in/wp-content/uploads/ev_charging_rep/2026/08/Mar_26_EV.pdf,f46021db5ddbacb8760f0caa1989403cfaf71950b38994595d9777e8239f74f0,
TRIPURA,Tripura,2026-03,month,2026-03-01,,,,,https://cea.nic.in/wp-content/uploads/ev_charging_rep/2026/08/Mar_26_EV.pdf,f46021db5ddbacb8760f0caa1989403cfaf71950b38994595d9777e8239f74f0,
UTTAR PRADESH,Uttar Pradesh,2026-03,month,2026-03-01,4660000,2240000,130000,7030000,https://cea.nic.in/wp-content/uploads/ev_charging_rep/2026/08/Mar_26_EV.pdf,f46021db5ddbacb8760f0caa1989403cfaf71950b38994595d9777e8239f74f0,
UTTARAKHAND,Uttarakhand,2026-03,month,2026-03-01,,,,,https://cea.nic.in/wp-content/uploads/ev_charging_rep/2026/08/Mar_26_EV.pdf,f46021db5ddbacb8760f0caa1989403cfaf71950b38994595d9777e8239f74f0,
WEST BENGAL,West Bengal,2026-03,month,2026-03-01,630000,780000,40000,1440000,https://cea.nic.in/wp-content/uploads/ev_charging_rep/2026/08/Mar_26_EV.pdf,f46021db5ddbacb8760f0caa1989403cfaf71950b38994595d9777e8239f74f0,
